Datetime,Open,High,Low,Close,Volume
2026-07-13 09:30:00,208.5399932861328,209.77999877929688,208.5200042724609,209.0800018310547,5631394.0
2026-07-13 09:31:00,209.0500030517578,209.9499969482422,208.8600006103516,209.8500061035156,648662.0
2026-07-13 09:32:00,209.8500061035156,210.22000122070312,209.22000122070312,210.2001037597656,1375848.0
2026-07-13 09:33:00,209.889892578125,209.8950042724609,209.889892578125,209.8950042724609,3496.0
2026-07-13 09:34:00,209.9199981689453,210.3000030517578,209.6699981689453,209.8999938964844,498191.0
2026-07-13 09:35:00,209.9199981689453,210.57000732421875,209.82000732421875,210.39990234375,664204.0
2026-07-13 09:36:00,210.33999633789065,210.39990234375,209.6300048828125,209.6999969482422,510359.0
2026-07-13 09:37:00,208.8999938964844,209.0500030517578,208.61099243164065,208.8600006103516,823748.0
2026-07-13 09:38:00,208.88999938964844,209.6699981689453,208.6100006103516,209.27670288085935,464480.0
2026-07-13 09:39:00,209.2700042724609,209.5,208.9499969482422,208.97000122070312,380349.0
2026-07-13 09:40:00,208.96499633789065,209.1300048828125,208.5850067138672,208.69000244140625,596575.0
2026-07-13 09:41:00,208.68499755859372,209.1300048828125,208.5500030517578,208.7899932861328,368350.0
2026-07-13 09:42:00,208.75059509277344,208.7899932861328,208.41000366210935,208.63999938964844,473341.0
2026-07-13 09:43:00,208.66000366210935,208.94000244140625,207.8300018310547,207.9149932861328,617513.0
2026-07-13 09:44:00,207.91000366210935,208.1195068359375,207.66000366210935,208.1100006103516,472529.0
2026-07-13 09:45:00,208.1000061035156,208.36990356445312,207.7799072265625,208.2100067138672,375446.0
2026-07-13 09:46:00,208.25,208.5399932861328,208.0800018310547,208.10499572753903,344155.0
2026-07-13 09:47:00,208.0912933349609,208.6300048828125,208.0,208.4250030517578,347500.0
2026-07-13 09:48:00,208.4199981689453,208.5800018310547,208.2700042724609,208.55999755859372,215072.0
2026-07-13 09:49:00,208.5500030517578,208.7899932861328,208.26499938964844,208.55999755859372,292686.0
2026-07-13 09:50:00,208.53500366210935,208.7998962402344,208.38499450683597,208.44000244140625,336373.0
2026-07-13 09:51:00,208.47999572753903,208.52999877929688,207.50999450683597,207.5800018310547,493184.0
2026-07-13 09:52:00,207.5601043701172,208.0592041015625,207.50999450683597,207.6100006103516,428024.0
2026-07-13 09:53:00,207.6000061035156,207.7100067138672,207.02999877929688,207.3650054931641,598227.0
2026-07-13 09:54:00,207.3500061035156,207.54800415039065,207.0500030517578,207.1199951171875,341275.0
2026-07-13 09:55:00,207.1100006103516,207.4499969482422,207.0200042724609,207.16000366210935,338356.0
2026-07-13 09:56:00,207.1499938964844,207.38999938964844,207.1199951171875,207.27999877929688,260677.0
2026-07-13 09:57:00,207.27999877929688,207.75,207.25079345703125,207.7001037597656,287677.0
2026-07-13 09:58:00,207.6699981689453,208.30560302734372,207.625,208.2899932861328,357546.0
2026-07-13 09:59:00,208.2700042724609,208.8300018310547,208.25,208.71499633789065,403369.0
2026-07-13 10:00:00,208.7100067138672,209.1499938964844,208.5500030517578,209.1499938964844,582439.0
2026-07-13 10:01:00,209.1699981689453,209.2100067138672,208.7700042724609,208.8800048828125,378644.0
2026-07-13 10:02:00,208.8699951171875,209.13999938964844,208.33999633789065,208.5299072265625,390509.0
2026-07-13 10:03:00,208.5050048828125,209.00999450683597,208.4199981689453,209.00999450683597,305375.0
2026-07-13 10:04:00,209.0,209.1300048828125,208.70030212402344,208.76510620117188,255980.0
2026-07-13 10:05:00,208.76499938964844,209.00999450683597,208.6699981689453,208.7796936035156,273219.0
2026-07-13 10:06:00,208.75,209.2100067138672,208.66000366210935,209.1000061035156,346820.0
2026-07-13 10:07:00,209.1100006103516,209.2700042724609,208.9499969482422,209.1999969482422,357387.0
2026-07-13 10:08:00,209.17999267578125,209.45950317382807,209.110107421875,209.2400054931641,348343.0
2026-07-13 10:09:00,209.22000122070312,209.5800018310547,209.12579345703125,209.5,263903.0
2026-07-13 10:10:00,209.5200042724609,209.5296936035156,209.30999755859372,209.46180725097656,213733.0
2026-07-13 10:11:00,209.46600341796875,209.4900054931641,209.22039794921875,209.30499267578125,231062.0
2026-07-13 10:12:00,209.3300018310547,209.3300018310547,208.94200134277344,209.0850067138672,261569.0
2026-07-13 10:13:00,209.0850067138672,209.2100067138672,208.9600067138672,209.0050048828125,192207.0
2026-07-13 10:14:00,208.9949951171875,209.16000366210935,208.91000366210935,209.1100006103516,170152.0
2026-07-13 10:15:00,209.1150054931641,209.2899932861328,208.9600067138672,209.0500030517578,191080.0
2026-07-13 10:16:00,209.04739379882807,209.1100006103516,207.9199981689453,208.375,663819.0
2026-07-13 10:17:00,208.3800048828125,208.7100067138672,207.7100067138672,208.375,395012.0
2026-07-13 10:18:00,208.40499877929688,208.6750030517578,208.16000366210935,208.44000244140625,211548.0
2026-07-13 10:19:00,208.44009399414065,208.97000122070312,208.41000366210935,208.7050018310547,194757.0
2026-07-13 10:20:00,208.73789978027344,208.8500061035156,208.4600067138672,208.6150054931641,168217.0
2026-07-13 10:21:00,208.6150054931641,208.7250061035156,208.32330322265625,208.5800018310547,175619.0
2026-07-13 10:22:00,208.5399932861328,208.6000061035156,208.33999633789065,208.3699951171875,130999.0
2026-07-13 10:23:00,208.3600006103516,208.8500061035156,208.2700958251953,208.8350067138672,188561.0
2026-07-13 10:24:00,208.83999633789065,209.22000122070312,208.82000732421875,209.07009887695312,264853.0
2026-07-13 10:25:00,209.07000732421875,209.12289428710935,208.92999267578125,208.96929931640625,181686.0
2026-07-13 10:26:00,208.9600067138672,209.13499450683597,208.9199981689453,208.96499633789065,213452.0
2026-07-13 10:27:00,208.97999572753903,208.9900054931641,208.5399932861328,208.5500030517578,162726.0
2026-07-13 10:28:00,208.5500030517578,208.5800018310547,208.3000030517578,208.42999267578125,206543.0
2026-07-13 10:29:00,208.44000244140625,208.6499938964844,208.42999267578125,208.6300048828125,145421.0
2026-07-13 10:30:00,208.6300048828125,208.8800048828125,208.5800018310547,208.83999633789065,211557.0
2026-07-13 10:31:00,208.82000732421875,208.84719848632807,208.57000732421875,208.63999938964844,187304.0
2026-07-13 10:32:00,208.6349029541016,208.67999267578125,208.30999755859372,208.3350067138672,171229.0
2026-07-13 10:33:00,208.33999633789065,208.33999633789065,208.01390075683597,208.25,221137.0
2026-07-13 10:34:00,208.25999450683597,208.40499877929688,208.2100067138672,208.27999877929688,216496.0
2026-07-13 10:35:00,208.2700042724609,208.33990478515625,208.1300048828125,208.1800994873047,155013.0
2026-07-13 10:36:00,208.1992034912109,208.1992034912109,207.8500061035156,207.94500732421875,237483.0
2026-07-13 10:37:00,207.94000244140625,207.9900054931641,207.5200042724609,207.8500061035156,275201.0
2026-07-13 10:38:00,207.83009338378903,208.135498046875,207.80099487304688,208.09500122070312,203672.0
2026-07-13 10:39:00,208.09500122070312,208.33999633789065,208.07000732421875,208.19509887695312,224115.0
2026-07-13 10:40:00,208.19000244140625,208.19839477539065,207.5299072265625,207.6499938964844,246496.0
2026-07-13 10:41:00,207.6499938964844,207.7700042724609,207.3500061035156,207.55999755859372,328871.0
2026-07-13 10:42:00,207.52999877929688,207.62969970703125,207.19500732421875,207.32000732421875,274140.0
2026-07-13 10:43:00,207.32000732421875,207.32000732421875,207.08999633789065,207.1100006103516,292440.0
2026-07-13 10:44:00,207.1100006103516,207.3800048828125,207.07000732421875,207.30999755859372,183319.0
2026-07-13 10:45:00,207.31500244140625,207.3292999267578,207.0500030517578,207.1199951171875,229624.0
2026-07-13 10:46:00,207.1150054931641,207.3000030517578,206.97999572753903,207.2899932861328,370432.0
2026-07-13 10:47:00,207.2700042724609,207.32000732421875,207.0500030517578,207.2449951171875,217343.0
2026-07-13 10:48:00,207.22000122070312,207.44000244140625,207.2100067138672,207.3500061035156,199488.0
2026-07-13 10:49:00,207.33999633789065,207.6300048828125,207.25,207.5,195100.0
2026-07-13 10:50:00,207.5,207.625,207.3905029296875,207.51499938964844,187850.0
2026-07-13 10:51:00,207.52999877929688,207.55999755859372,207.3300018310547,207.47000122070312,170857.0
2026-07-13 10:52:00,207.4600982666016,207.5,207.13999938964844,207.3699951171875,211559.0
2026-07-13 10:53:00,207.3800048828125,207.41000366210935,207.0,207.0904998779297,292354.0
2026-07-13 10:54:00,207.1000061035156,207.15989685058597,206.72999572753903,206.7899932861328,369983.0
2026-07-13 10:55:00,206.7707061767578,206.97000122070312,206.63999938964844,206.9199066162109,262666.0
2026-07-13 10:56:00,206.88499450683597,207.2400054931641,206.82000732421875,207.1649932861328,273118.0
2026-07-13 10:57:00,207.1649932861328,207.47999572753903,207.1649932861328,207.4750061035156,222927.0
2026-07-13 10:58:00,207.47000122070312,207.6100006103516,207.3500061035156,207.3699951171875,436426.0
2026-07-13 10:59:00,207.35499572753903,207.5,207.1699981689453,207.3950042724609,199878.0
2026-07-13 11:00:00,207.3950042724609,207.6300048828125,207.33999633789065,207.43499755859372,300335.0
2026-07-13 11:01:00,207.4499969482422,207.5200042724609,207.3500061035156,207.44500732421875,210437.0
2026-07-13 11:02:00,207.4600067138672,207.62950134277344,207.41000366210935,207.52999877929688,201167.0
2026-07-13 11:03:00,207.51499938964844,207.55499267578125,207.3000030517578,207.4600067138672,154541.0
2026-07-13 11:04:00,207.46499633789065,207.51730346679688,207.1999969482422,207.2899932861328,150387.0
2026-07-13 11:05:00,207.2899932861328,207.47000122070312,207.2400054931641,207.44000244140625,163460.0
2026-07-13 11:06:00,207.4499053955078,207.67999267578125,207.38499450683597,207.42979431152344,191359.0
2026-07-13 11:07:00,207.42999267578125,207.5536956787109,207.1999969482422,207.42999267578125,228573.0
2026-07-13 11:08:00,207.42999267578125,207.47999572753903,207.2700042724609,207.3000030517578,155957.0
2026-07-13 11:09:00,207.2895050048828,207.3000030517578,207.07000732421875,207.3000030517578,236606.0
2026-07-13 11:10:00,207.30999755859372,207.4398956298828,207.1699981689453,207.38499450683597,227434.0
2026-07-13 11:11:00,207.3800048828125,207.5399932861328,207.27999877929688,207.3350067138672,201619.0
2026-07-13 11:12:00,207.3350067138672,207.4900054931641,207.1100006103516,207.38999938964844,237853.0
2026-07-13 11:13:00,207.38949584960935,207.47000122070312,207.25999450683597,207.4149932861328,142894.0
2026-07-13 11:14:00,207.3999938964844,207.5,207.32000732421875,207.4199981689453,189867.0
2026-07-13 11:15:00,207.4199981689453,207.5399932861328,207.30999755859372,207.4149932861328,219195.0
2026-07-13 11:16:00,207.41000366210935,207.6199951171875,207.41000366210935,207.59500122070312,187653.0
2026-07-13 11:17:00,207.59500122070312,207.75,207.5200042724609,207.7400054931641,154507.0
2026-07-13 11:18:00,207.72999572753903,207.9199981689453,207.57000732421875,207.67999267578125,345510.0
2026-07-13 11:19:00,207.6750030517578,207.71499633789065,207.3699951171875,207.51499938964844,196982.0
2026-07-13 11:20:00,207.52999877929688,207.6100006103516,207.4850006103516,207.5850067138672,127879.0
2026-07-13 11:21:00,207.6000061035156,207.7100067138672,207.52999877929688,207.6999969482422,117571.0
2026-07-13 11:22:00,207.6649932861328,207.83999633789065,207.6450042724609,207.76499938964844,222027.0
2026-07-13 11:23:00,207.76499938964844,208.01499938964844,207.7200927734375,207.90499877929688,236150.0
2026-07-13 11:24:00,207.8999938964844,207.97000122070312,207.75,207.7926025390625,310674.0
2026-07-13 11:25:00,207.7899932861328,207.83999633789065,207.6100006103516,207.69000244140625,217621.0
2026-07-13 11:26:00,207.697998046875,207.9149932861328,207.6450042724609,207.8600006103516,179850.0
2026-07-13 11:27:00,207.85009765625,207.9600067138672,207.7350006103516,207.8000030517578,155327.0
2026-07-13 11:28:00,207.7899932861328,207.97000122070312,207.7550048828125,207.83999633789065,173715.0
2026-07-13 11:29:00,207.8600006103516,208.0469970703125,207.75999450683597,207.80499267578125,217779.0
2026-07-13 11:30:00,207.80999755859372,207.96499633789065,207.73399353027344,207.96499633789065,142983.0
2026-07-13 11:31:00,207.97000122070312,208.0050048828125,207.7700042724609,207.90499877929688,145280.0
2026-07-13 11:32:00,207.8999938964844,208.02999877929688,207.6300048828125,207.65499877929688,200982.0
2026-07-13 11:33:00,207.6499938964844,207.7299041748047,207.5438995361328,207.6199951171875,127377.0
2026-07-13 11:34:00,207.6300048828125,207.7899932861328,207.42999267578125,207.45989990234372,155300.0
2026-07-13 11:35:00,207.44000244140625,207.53990173339844,207.3000030517578,207.3000030517578,206086.0
2026-07-13 11:36:00,207.3600006103516,207.4900054931641,207.19000244140625,207.4600067138672,182454.0
2026-07-13 11:37:00,207.4499969482422,207.58999633789065,207.3800048828125,207.52999877929688,229937.0
2026-07-13 11:38:00,207.52999877929688,207.57000732421875,207.3950042724609,207.510498046875,163310.0
2026-07-13 11:39:00,207.50999450683597,207.5249938964844,207.3000030517578,207.44500732421875,231723.0
2026-07-13 11:40:00,207.44500732421875,207.49989318847656,207.22999572753903,207.33999633789065,162134.0
2026-07-13 11:41:00,207.3500061035156,207.3694000244141,207.1300048828125,207.2100067138672,233797.0
2026-07-13 11:42:00,207.2100067138672,207.30999755859372,207.1499938964844,207.2449951171875,114937.0
2026-07-13 11:43:00,207.22509765625,207.27999877929688,207.1100006103516,207.2001037597656,143794.0
2026-07-13 11:44:00,207.22000122070312,207.3300018310547,207.1100006103516,207.16000366210935,239432.0
2026-07-13 11:45:00,207.1300048828125,207.19219970703125,207.0,207.05999755859372,214978.0
2026-07-13 11:46:00,207.0500030517578,207.0998992919922,206.88999938964844,207.02999877929688,314682.0
2026-07-13 11:47:00,207.02999877929688,207.05499267578125,206.8800048828125,206.92999267578125,197300.0
2026-07-13 11:48:00,206.9499969482422,207.0500030517578,206.8999938964844,206.92999267578125,130121.0
2026-07-13 11:49:00,206.92999267578125,207.1100006103516,206.8600006103516,207.0850067138672,280698.0
2026-07-13 11:50:00,207.1000061035156,207.1499938964844,207.00999450683597,207.0200042724609,265205.0
2026-07-13 11:51:00,207.00999450683597,207.0200042724609,206.73269653320312,206.78990173339844,181167.0
2026-07-13 11:52:00,206.7700042724609,207.0200042724609,206.7400054931641,206.92999267578125,185538.0
2026-07-13 11:53:00,206.94000244140625,207.08999633789065,206.8500061035156,207.0800018310547,214487.0
2026-07-13 11:54:00,207.0885009765625,207.1000061035156,206.9199981689453,207.0399932861328,114322.0
2026-07-13 11:55:00,207.02999877929688,207.13999938964844,206.9750061035156,207.02999877929688,104643.0
2026-07-13 11:56:00,207.0249938964844,207.0399932861328,206.8249969482422,206.88580322265625,139295.0
2026-07-13 11:57:00,206.8800048828125,206.91000366210935,206.6699981689453,206.8000030517578,235213.0
2026-07-13 11:58:00,206.8000030517578,206.93499755859372,206.72149658203125,206.8083038330078,133722.0
2026-07-13 11:59:00,206.8000030517578,206.8699951171875,206.67999267578125,206.75,208338.0
2026-07-13 12:00:00,206.75,206.8249969482422,206.41000366210935,206.55999755859372,405238.0
2026-07-13 12:01:00,206.52999877929688,206.63800048828125,206.32000732421875,206.375,284993.0
2026-07-13 12:02:00,206.3699951171875,206.50999450683597,206.2700042724609,206.5,246569.0
2026-07-13 12:03:00,206.4900054931641,206.5500030517578,206.38999938964844,206.44500732421875,149027.0
2026-07-13 12:04:00,206.4600067138672,206.5500030517578,206.05999755859372,206.19000244140625,242063.0
2026-07-13 12:05:00,206.1999969482422,206.3000030517578,205.8699951171875,205.89010620117188,598426.0
2026-07-13 12:06:00,205.9199981689453,206.0785980224609,205.8000030517578,205.88999938964844,226479.0
2026-07-13 12:07:00,205.8800048828125,205.9600067138672,205.8000030517578,205.92999267578125,215687.0
2026-07-13 12:08:00,205.92140197753903,206.0800018310547,205.91009521484372,206.00050354003903,303743.0
2026-07-13 12:09:00,206.0198974609375,206.13999938964844,205.8999938964844,206.1000061035156,259119.0
2026-07-13 12:10:00,206.1000061035156,206.32000732421875,206.00999450683597,206.2400054931641,236138.0
2026-07-13 12:11:00,206.22000122070312,206.30999755859372,206.19000244140625,206.2321014404297,140731.0
2026-07-13 12:12:00,206.2400054931641,206.3000030517578,206.0301055908203,206.0850067138672,156185.0
2026-07-13 12:13:00,206.08999633789065,206.22000122070312,206.0399932861328,206.1262969970703,131255.0
2026-07-13 12:14:00,206.1300048828125,206.25999450683597,206.05999755859372,206.2449951171875,164972.0
2026-07-13 12:15:00,206.2400054931641,206.2440948486328,206.0601043701172,206.14990234375,122542.0
2026-07-13 12:16:00,206.13999938964844,206.13999938964844,205.8800048828125,205.9750061035156,284754.0
2026-07-13 12:17:00,205.97000122070312,206.13999938964844,205.8699951171875,206.1300048828125,175654.0
2026-07-13 12:18:00,206.1300048828125,206.1300048828125,205.91000366210935,206.00999450683597,153922.0
2026-07-13 12:19:00,206.0200042724609,206.1100006103516,205.97000122070312,206.0200042724609,169280.0
2026-07-13 12:20:00,206.0249938964844,206.02999877929688,205.8800048828125,206.00999450683597,130529.0
2026-07-13 12:21:00,206.03990173339844,206.1000061035156,205.8699951171875,205.9149932861328,139099.0
2026-07-13 12:22:00,205.9199981689453,205.9900054931641,205.8500061035156,205.9199981689453,104046.0
2026-07-13 12:23:00,205.92999267578125,205.98989868164065,205.75999450683597,205.8524932861328,195213.0
2026-07-13 12:24:00,205.8600006103516,205.90989685058597,205.8000030517578,205.8800048828125,118717.0
2026-07-13 12:25:00,205.8699951171875,205.93499755859372,205.7700042724609,205.7749938964844,117909.0
2026-07-13 12:26:00,205.7749938964844,205.94000244140625,205.57000732421875,205.8249969482422,342379.0
2026-07-13 12:27:00,205.8249969482422,205.8699951171875,205.68499755859372,205.83999633789065,153883.0
2026-07-13 12:28:00,205.83999633789065,206.0399932861328,205.8300018310547,205.9900054931641,209416.0
2026-07-13 12:29:00,205.9900054931641,206.00999450683597,205.7100067138672,205.9199981689453,206221.0
2026-07-13 12:30:00,205.9199981689453,205.9199981689453,205.57000732421875,205.61810302734372,164950.0
2026-07-13 12:31:00,205.6199951171875,205.6300048828125,205.3999938964844,205.5850067138672,303168.0
2026-07-13 12:32:00,205.5500030517578,205.55999755859372,205.3300018310547,205.38999938964844,198942.0
2026-07-13 12:33:00,205.3800048828125,205.4250030517578,205.1499938964844,205.31069946289065,333827.0
2026-07-13 12:34:00,205.32699584960935,205.32699584960935,205.10499572753903,205.13999938964844,237208.0
2026-07-13 12:35:00,205.13999938964844,205.16000366210935,204.63009643554688,204.72999572753903,747338.0
2026-07-13 12:36:00,204.7899932861328,204.8090057373047,204.5249938964844,204.6999969482422,289065.0
2026-07-13 12:37:00,204.6999969482422,204.80149841308597,204.5200042724609,204.6699981689453,242628.0
2026-07-13 12:38:00,204.66000366210935,204.8594970703125,204.52999877929688,204.8500061035156,312089.0
2026-07-13 12:39:00,204.8600006103516,205.12989807128903,204.7899932861328,204.9750061035156,348668.0
2026-07-13 12:40:00,204.9600067138672,205.05999755859372,204.75,204.83999633789065,272407.0
2026-07-13 12:41:00,204.83999633789065,205.13999938964844,204.7949981689453,205.10009765625,236664.0
2026-07-13 12:42:00,205.1150054931641,205.3025054931641,205.08999633789065,205.22000122070312,275381.0
2026-07-13 12:43:00,205.2400054931641,205.2698974609375,205.1100006103516,205.2400054931641,190170.0
2026-07-13 12:44:00,205.22999572753903,205.25999450683597,205.0240020751953,205.1300048828125,134361.0
2026-07-13 12:45:00,205.13499450683597,205.19000244140625,204.92599487304688,204.93499755859372,139959.0
2026-07-13 12:46:00,204.9199981689453,205.1997985839844,204.89149475097656,205.1992034912109,131334.0
2026-07-13 12:47:00,205.2100067138672,205.2400054931641,205.1000061035156,205.1499938964844,164869.0
2026-07-13 12:48:00,205.13499450683597,205.13499450683597,204.97000122070312,205.0200042724609,145769.0
2026-07-13 12:49:00,205.00999450683597,205.03990173339844,204.69479370117188,204.72000122070312,201763.0
2026-07-13 12:50:00,204.6999969482422,204.75999450683597,204.32000732421875,204.4900054931641,328270.0
2026-07-13 12:51:00,204.5,204.6999969482422,204.5,204.65550231933597,174095.0
2026-07-13 12:52:00,204.6499938964844,204.9600067138672,204.6201019287109,204.9001007080078,190780.0
2026-07-13 12:53:00,204.91000366210935,204.91000366210935,204.67999267578125,204.69000244140625,143112.0
2026-07-13 12:54:00,204.67010498046875,204.7899932861328,204.57049560546875,204.57049560546875,136598.0
2026-07-13 12:55:00,204.57000732421875,204.6199951171875,204.3999938964844,204.6020050048828,244365.0
2026-07-13 12:56:00,204.60499572753903,204.75,204.60499572753903,204.72000122070312,169819.0
2026-07-13 12:57:00,204.72000122070312,204.8999938964844,204.55999755859372,204.8999938964844,256836.0
2026-07-13 12:58:00,204.90499877929688,204.97999572753903,204.72999572753903,204.7899932861328,185505.0
2026-07-13 12:59:00,204.7899932861328,204.8000030517578,204.57000732421875,204.6499938964844,124048.0
2026-07-13 13:00:00,204.63999938964844,204.8686065673828,204.57000732421875,204.8686065673828,144255.0
2026-07-13 13:01:00,204.8600006103516,204.92999267578125,204.8000030517578,204.8184051513672,168623.0
2026-07-13 13:02:00,204.80999755859372,204.88999938964844,204.6499938964844,204.7144927978516,173457.0
2026-07-13 13:03:00,204.7400054931641,204.8650054931641,204.6999969482422,204.7749938964844,97218.0
2026-07-13 13:04:00,204.77999877929688,204.8101043701172,204.55999755859372,204.57000732421875,124338.0
2026-07-13 13:05:00,204.55999755859372,204.7100067138672,204.4900054931641,204.5449981689453,198420.0
2026-07-13 13:06:00,204.52999877929688,204.7400054931641,204.5200042724609,204.6699981689453,138838.0
2026-07-13 13:07:00,204.67999267578125,204.9199981689453,204.65350341796875,204.8513946533203,127812.0
2026-07-13 13:08:00,204.8500061035156,204.87049865722656,204.7400054931641,204.8209991455078,115598.0
2026-07-13 13:09:00,204.8300018310547,205.1699066162109,204.7949981689453,205.01010131835935,222503.0
2026-07-13 13:10:00,205.0399932861328,205.16000366210935,204.91009521484372,204.9499969482422,267872.0
2026-07-13 13:11:00,204.9499969482422,205.0500030517578,204.80999755859372,204.8999938964844,130860.0
2026-07-13 13:12:00,204.8999938964844,204.9499969482422,204.6999969482422,204.80499267578125,196169.0
2026-07-13 13:13:00,204.80999755859372,204.8800048828125,204.69009399414065,204.69009399414065,129155.0
2026-07-13 13:14:00,204.69949340820312,204.7700042724609,204.5502014160156,204.7100067138672,168043.0
2026-07-13 13:15:00,204.7100067138672,204.8199005126953,204.50999450683597,204.53500366210935,150487.0
2026-07-13 13:16:00,204.52099609375,204.57989501953125,204.25999450683597,204.38999938964844,266735.0
2026-07-13 13:17:00,204.38999938964844,204.4900054931641,204.30999755859372,204.44500732421875,121535.0
2026-07-13 13:18:00,204.44009399414065,204.4600067138672,204.32000732421875,204.3999938964844,136285.0
2026-07-13 13:19:00,204.38999938964844,204.4799041748047,204.3000946044922,204.3500061035156,195278.0
2026-07-13 13:20:00,204.3249969482422,204.3249969482422,204.13999938964844,204.2350006103516,217323.0
2026-07-13 13:21:00,204.2250061035156,204.31979370117188,204.1100006103516,204.25,190412.0
2026-07-13 13:22:00,204.25,204.47000122070312,204.23199462890625,204.28500366210935,236651.0
2026-07-13 13:23:00,204.2899932861328,204.3500061035156,204.22999572753903,204.2998962402344,162777.0
2026-07-13 13:24:00,204.2998962402344,204.37989807128903,204.16070556640625,204.19000244140625,271648.0
2026-07-13 13:25:00,204.19000244140625,204.1999969482422,203.860107421875,203.92999267578125,570784.0
2026-07-13 13:26:00,203.94000244140625,203.9600067138672,203.83999633789065,203.92999267578125,298036.0
2026-07-13 13:27:00,203.9217987060547,204.13510131835935,203.8800048828125,204.05999755859372,318192.0
2026-07-13 13:28:00,204.05999755859372,204.2299041748047,204.04010009765625,204.1499938964844,159195.0
2026-07-13 13:29:00,204.13999938964844,204.2400054931641,204.00010681152344,204.2400054931641,186475.0
2026-07-13 13:30:00,204.25,204.33999633789065,204.0800018310547,204.23989868164065,184552.0
2026-07-13 13:31:00,204.2250061035156,204.22999572753903,203.97000122070312,204.13999938964844,200874.0
2026-07-13 13:32:00,204.1199951171875,204.1898956298828,204.0200042724609,204.1699981689453,115495.0
2026-07-13 13:33:00,204.1699981689453,204.32000732421875,204.16259765625,204.26220703125,157926.0
2026-07-13 13:34:00,204.25999450683597,204.33999633789065,204.1999969482422,204.2550048828125,141565.0
2026-07-13 13:35:00,204.25,204.2550048828125,204.07000732421875,204.22000122070312,138185.0
2026-07-13 13:36:00,204.22000122070312,204.2899932861328,203.97999572753903,204.00999450683597,146197.0
2026-07-13 13:37:00,204.0249938964844,204.1300048828125,203.9700927734375,204.0,138367.0
2026-07-13 13:38:00,204.00999450683597,204.05999755859372,203.94000244140625,203.94970703125,131468.0
2026-07-13 13:39:00,203.9550018310547,203.9613037109375,203.77999877929688,203.8600006103516,259408.0
2026-07-13 13:40:00,203.8650054931641,203.8650054931641,203.7100067138672,203.7519073486328,219380.0
2026-07-13 13:41:00,203.7400054931641,204.0749969482422,203.7400054931641,203.94000244140625,243255.0
2026-07-13 13:42:00,203.93499755859372,204.08990478515625,203.9199981689453,203.9900054931641,161323.0
2026-07-13 13:43:00,203.9900054931641,204.0800018310547,203.9272003173828,204.0050048828125,118532.0
2026-07-13 13:44:00,204.0198974609375,204.1199951171875,203.9499969482422,204.0200042724609,223444.0
2026-07-13 13:45:00,204.02999877929688,204.13999938964844,203.9824981689453,204.00999450683597,131846.0
2026-07-13 13:46:00,204.00999450683597,204.07000732421875,203.92999267578125,204.0200042724609,121132.0
2026-07-13 13:47:00,204.02999877929688,204.1100006103516,203.82000732421875,203.85499572753903,182441.0
2026-07-13 13:48:00,203.8500061035156,203.9199981689453,203.8000030517578,203.86279296875,104147.0
2026-07-13 13:49:00,203.83099365234372,203.8500061035156,203.6800994873047,203.7100067138672,196533.0
2026-07-13 13:50:00,203.6999969482422,203.7350006103516,203.56399536132807,203.610107421875,252277.0
2026-07-13 13:51:00,203.6300048828125,203.6499938964844,203.47000122070312,203.5870056152344,240673.0
2026-07-13 13:52:00,203.59500122070312,203.69000244140625,203.51510620117188,203.6750030517578,164460.0
2026-07-13 13:53:00,203.69000244140625,203.75999450683597,203.47999572753903,203.5,176679.0
2026-07-13 13:54:00,203.5200042724609,203.66000366210935,203.47000122070312,203.60499572753903,149936.0
2026-07-13 13:55:00,203.6100006103516,203.77999877929688,203.5749969482422,203.77999877929688,221936.0
2026-07-13 13:56:00,203.78509521484372,203.79910278320312,203.6199951171875,203.71499633789065,153916.0
2026-07-13 13:57:00,203.71499633789065,203.9499969482422,203.6999969482422,203.81500244140625,174238.0
2026-07-13 13:58:00,203.82000732421875,203.82000732421875,203.69000244140625,203.7700042724609,102922.0
2026-07-13 13:59:00,203.75050354003903,203.7899932861328,203.60499572753903,203.6499938964844,105371.0
2026-07-13 14:00:00,203.6450042724609,203.97999572753903,203.6000061035156,203.9149932861328,184491.0
2026-07-13 14:01:00,203.9109039306641,204.1499938964844,203.8999938964844,204.02999877929688,277513.0
2026-07-13 14:02:00,204.0399932861328,204.16000366210935,203.94869995117188,203.9900054931641,167184.0
2026-07-13 14:03:00,203.99749755859372,204.05999755859372,203.91000366210935,204.0308074951172,159074.0
2026-07-13 14:04:00,204.03500366210935,204.1000061035156,203.9600067138672,204.0399932861328,169874.0
2026-07-13 14:05:00,204.02999877929688,204.41000366210935,204.0249938964844,204.3650054931641,288852.0
2026-07-13 14:06:00,204.3800048828125,204.4499969482422,204.2301025390625,204.26499938964844,270591.0
2026-07-13 14:07:00,204.26499938964844,204.32989501953125,204.1199951171875,204.25,164785.0
2026-07-13 14:08:00,204.25,204.27999877929688,204.17999267578125,204.21499633789065,86251.0
2026-07-13 14:09:00,204.19000244140625,204.2198944091797,204.00999450683597,204.08999633789065,123020.0
2026-07-13 14:10:00,204.08999633789065,204.1000061035156,203.94000244140625,203.9499969482422,611221.0
2026-07-13 14:11:00,203.9499969482422,203.9499969482422,203.75999450683597,203.8699951171875,131215.0
2026-07-13 14:12:00,203.8699951171875,203.87989807128903,203.7700042724609,203.8249969482422,109455.0
2026-07-13 14:13:00,203.81500244140625,204.0614013671875,203.81500244140625,204.05999755859372,153223.0
2026-07-13 14:14:00,204.05999755859372,204.17999267578125,203.9900054931641,204.16000366210935,184579.0
2026-07-13 14:15:00,204.1502990722656,204.22999572753903,204.08999633789065,204.15499877929688,147681.0
2026-07-13 14:16:00,204.1499938964844,204.2100067138672,204.08999633789065,204.09500122070312,104219.0
2026-07-13 14:17:00,204.08999633789065,204.16000366210935,203.9600067138672,203.97000122070312,123969.0
2026-07-13 14:18:00,203.97000122070312,203.97999572753903,203.80999755859372,203.82009887695312,140284.0
2026-07-13 14:19:00,203.82000732421875,203.8600006103516,203.72999572753903,203.8600006103516,219497.0
2026-07-13 14:20:00,203.8600006103516,203.9499969482422,203.7400054931641,203.8999938964844,136851.0
2026-07-13 14:21:00,203.8950042724609,203.97000122070312,203.8800048828125,203.97000122070312,140453.0
2026-07-13 14:22:00,203.97999572753903,204.02999877929688,203.90089416503903,203.93499755859372,108833.0
2026-07-13 14:23:00,203.94500732421875,204.07000732421875,203.8800048828125,204.07000732421875,116104.0
2026-07-13 14:24:00,204.0850067138672,204.16000366210935,203.97999572753903,204.125,131438.0
2026-07-13 14:25:00,204.1199951171875,204.13999938964844,203.8300018310547,203.92999267578125,189654.0
2026-07-13 14:26:00,203.92999267578125,203.97000122070312,203.67999267578125,203.72000122070312,208075.0
2026-07-13 14:27:00,203.72000122070312,203.83999633789065,203.72000122070312,203.78500366210935,113428.0
2026-07-13 14:28:00,203.78990173339844,203.8500061035156,203.6699981689453,203.7449951171875,161090.0
2026-07-13 14:29:00,203.7400054931641,203.7998962402344,203.6156005859375,203.6300048828125,148488.0
2026-07-13 14:30:00,203.6150054931641,203.6199951171875,203.3500061035156,203.4600067138672,332148.0
2026-07-13 14:31:00,203.4550018310547,203.8500061035156,203.44000244140625,203.8500061035156,183247.0
2026-07-13 14:32:00,203.83999633789065,203.94000244140625,203.8000946044922,203.8999938964844,248984.0
2026-07-13 14:33:00,203.90499877929688,204.07000732421875,203.8489990234375,204.05499267578125,222572.0
2026-07-13 14:34:00,204.0399932861328,204.05999755859372,203.75,203.7700042724609,196323.0
2026-07-13 14:35:00,203.7749938964844,204.0200042724609,203.72000122070312,203.99159240722656,132195.0
2026-07-13 14:36:00,203.9850006103516,204.029296875,203.8600006103516,203.9499969482422,120466.0
2026-07-13 14:37:00,203.9600067138672,204.1000061035156,203.91000366210935,204.05999755859372,124696.0
2026-07-13 14:38:00,204.0699005126953,204.1649932861328,204.05999755859372,204.1199951171875,142978.0
2026-07-13 14:39:00,204.1199951171875,204.18980407714844,204.05999755859372,204.15499877929688,130785.0
2026-07-13 14:40:00,204.15499877929688,204.2350006103516,204.125,204.2100067138672,108576.0
2026-07-13 14:41:00,204.1999969482422,204.25,204.0399932861328,204.2498016357422,150640.0
2026-07-13 14:42:00,204.25,204.28500366210935,204.17999267578125,204.2400054931641,145384.0
2026-07-13 14:43:00,204.2400054931641,204.2899932861328,204.0800018310547,204.08990478515625,143132.0
2026-07-13 14:44:00,204.07009887695312,204.1300048828125,204.00999450683597,204.1000061035156,103611.0
2026-07-13 14:45:00,204.1199951171875,204.13999938964844,203.9600067138672,204.02999877929688,142478.0
2026-07-13 14:46:00,204.00999450683597,204.11129760742188,203.9850006103516,204.07000732421875,126458.0
2026-07-13 14:47:00,204.07989501953125,204.10009765625,203.9499969482422,203.9900054931641,113115.0
2026-07-13 14:48:00,204.0,204.06500244140625,203.8999938964844,203.9600067138672,133990.0
2026-07-13 14:49:00,203.9698944091797,204.1000061035156,203.94000244140625,204.0500030517578,116375.0
2026-07-13 14:50:00,204.0449981689453,204.0449981689453,203.82000732421875,203.94000244140625,141334.0
2026-07-13 14:51:00,203.9499969482422,204.05999755859372,203.91000366210935,203.9759979248047,111651.0
2026-07-13 14:52:00,203.96029663085935,204.05999755859372,203.96029663085935,204.00579833984372,98629.0
2026-07-13 14:53:00,204.00999450683597,204.05999755859372,203.8800048828125,204.03500366210935,113943.0
2026-07-13 14:54:00,204.0200042724609,204.13999938964844,203.9331970214844,203.9600067138672,117166.0
2026-07-13 14:55:00,203.9600067138672,204.07000732421875,203.92999267578125,204.0050048828125,126409.0
2026-07-13 14:56:00,204.0050048828125,204.0399932861328,203.91000366210935,204.0249938964844,125831.0
2026-07-13 14:57:00,204.02999877929688,204.02999877929688,203.9250030517578,203.97999572753903,130524.0
2026-07-13 14:58:00,203.97000122070312,204.0198974609375,203.6499938964844,203.66940307617188,315058.0
2026-07-13 14:59:00,203.65499877929688,203.8007049560547,203.5399932861328,203.7720947265625,232264.0
2026-07-13 15:00:00,203.8000030517578,203.83999633789065,203.66000366210935,203.7100067138672,201391.0
2026-07-13 15:01:00,203.6999969482422,204.1499938964844,203.6999969482422,204.125,185725.0
2026-07-13 15:02:00,204.1280059814453,204.22000122070312,204.0800018310547,204.17999267578125,154161.0
2026-07-13 15:03:00,204.17999267578125,204.4199981689453,204.1499938964844,204.30999755859372,179809.0
2026-07-13 15:04:00,204.30499267578125,204.42579650878903,204.3000030517578,204.40499877929688,116275.0
2026-07-13 15:05:00,204.4199981689453,204.44000244140625,204.30499267578125,204.3999938964844,171775.0
2026-07-13 15:06:00,204.38999938964844,204.5,204.0399932861328,204.06500244140625,200762.0
2026-07-13 15:07:00,204.0500030517578,204.07000732421875,203.8800048828125,203.9250030517578,151829.0
2026-07-13 15:08:00,203.9199981689453,204.0,203.8800048828125,203.97000122070312,181397.0
2026-07-13 15:09:00,203.97999572753903,204.0200042724609,203.8000030517578,203.82049560546875,205415.0
2026-07-13 15:10:00,203.8249969482422,203.88999938964844,203.7100067138672,203.72999572753903,195481.0
2026-07-13 15:11:00,203.72999572753903,203.7700042724609,203.6699981689453,203.6952972412109,152392.0
2026-07-13 15:12:00,203.7050018310547,203.75,203.64010620117188,203.72999572753903,148473.0
2026-07-13 15:13:00,203.72999572753903,203.7899932861328,203.6000061035156,203.78500366210935,138818.0
2026-07-13 15:14:00,203.7899932861328,203.9600982666016,203.7200927734375,203.88999938964844,152268.0
2026-07-13 15:15:00,203.8699951171875,203.88999938964844,203.7700042724609,203.83999633789065,170319.0
2026-07-13 15:16:00,203.8300018310547,204.00999450683597,203.77999877929688,203.92999267578125,225527.0
2026-07-13 15:17:00,203.93499755859372,203.97999572753903,203.80999755859372,203.83999633789065,190682.0
2026-07-13 15:18:00,203.82000732421875,203.87989807128903,203.7400054931641,203.8600006103516,151314.0
2026-07-13 15:19:00,203.8600006103516,204.03500366210935,203.82000732421875,204.00999450683597,168587.0
2026-07-13 15:20:00,204.0200042724609,204.06900024414065,203.7700958251953,203.88999938964844,158650.0
2026-07-13 15:21:00,203.88999938964844,203.88999938964844,203.75,203.7749938964844,163024.0
2026-07-13 15:22:00,203.77999877929688,203.80999755859372,203.69000244140625,203.75,164021.0
2026-07-13 15:23:00,203.7400054931641,203.81500244140625,203.5500030517578,203.6699981689453,211222.0
2026-07-13 15:24:00,203.6699981689453,203.69000244140625,203.57000732421875,203.67999267578125,157940.0
2026-07-13 15:25:00,203.6649932861328,203.7700042724609,203.58999633789065,203.7400054931641,172300.0
2026-07-13 15:26:00,203.7490997314453,203.74989318847656,203.63999938964844,203.6699981689453,122654.0
2026-07-13 15:27:00,203.6649932861328,203.69000244140625,203.58999633789065,203.6199951171875,143257.0
2026-07-13 15:28:00,203.6199951171875,203.8000030517578,203.54910278320312,203.7899932861328,188198.0
2026-07-13 15:29:00,203.7899932861328,203.8300018310547,203.6199951171875,203.8300018310547,239245.0
2026-07-13 15:30:00,203.8500061035156,204.16000366210935,203.82000732421875,204.1300048828125,309929.0
2026-07-13 15:31:00,204.13999938964844,204.27999877929688,204.07000732421875,204.1199951171875,260067.0
2026-07-13 15:32:00,204.1000061035156,204.2250061035156,204.0800018310547,204.1450042724609,171257.0
2026-07-13 15:33:00,204.1450042724609,204.3500061035156,204.1000061035156,204.2400054931641,243978.0
2026-07-13 15:34:00,204.2400054931641,204.2550048828125,204.1000061035156,204.17999267578125,191146.0
2026-07-13 15:35:00,204.1450042724609,204.1499938964844,203.9250030517578,204.0399932861328,215302.0
2026-07-13 15:36:00,204.0399932861328,204.0399932861328,203.8800048828125,203.97000122070312,175996.0
2026-07-13 15:37:00,203.97000122070312,204.05999755859372,203.8800048828125,203.97999572753903,195809.0
2026-07-13 15:38:00,203.97999572753903,204.0500030517578,203.7700042724609,203.7899932861328,323184.0
2026-07-13 15:39:00,203.7899932861328,203.8800048828125,203.67999267578125,203.7100067138672,262401.0
2026-07-13 15:40:00,203.72000122070312,203.7949981689453,203.6100006103516,203.7700042724609,230986.0
2026-07-13 15:41:00,203.71499633789065,203.75999450683597,203.6499938964844,203.6699981689453,103141.0
2026-07-13 15:43:00,203.9199981689453,203.94000244140625,203.9199981689453,203.9199981689453,424512.0
2026-07-13 15:44:00,203.92999267578125,204.0800018310547,203.88999938964844,204.0498962402344,206201.0
2026-07-13 15:45:00,204.0399932861328,204.1100006103516,203.8999938964844,203.9600067138672,224078.0
2026-07-13 15:46:00,203.94500732421875,203.9900054931641,203.80360412597656,203.81500244140625,202236.0
2026-07-13 15:47:00,203.8000030517578,203.91000366210935,203.75,203.91000366210935,200632.0
2026-07-13 15:48:00,203.8999938964844,203.95989990234372,203.8500061035156,203.94000244140625,256885.0
2026-07-13 15:49:00,203.9199981689453,204.09640502929688,203.91000366210935,204.00999450683597,248727.0
2026-07-13 15:50:00,204.02999877929688,204.5,204.0200042724609,204.22000122070312,684065.0
2026-07-13 15:51:00,204.22000122070312,204.44000244140625,204.17999267578125,204.4149932861328,386738.0
2026-07-13 15:52:00,204.4199981689453,204.4600067138672,204.2899932861328,204.33999633789065,373279.0
2026-07-13 15:53:00,204.33999633789065,204.375,203.9499969482422,203.9900054931641,454510.0
2026-07-13 15:54:00,204.0,204.0998992919922,203.44000244140625,203.6499938964844,729743.0
2026-07-13 15:55:00,203.6699981689453,204.1499938964844,203.6100006103516,204.1199951171875,617600.0
2026-07-13 15:56:00,204.1199951171875,204.1199951171875,203.94500732421875,204.1000061035156,581895.0
2026-07-13 15:57:00,204.1000061035156,204.18499755859372,204.05999755859372,204.1300048828125,557679.0
2026-07-13 15:58:00,204.13499450683597,204.2100067138672,204.01010131835935,204.13499450683597,747067.0
2026-07-13 15:59:00,204.13499450683597,204.13999938964844,203.4199981689453,203.47999572753903,2077115.0
2026-07-14 09:30:00,208.1999969482422,208.33999633789065,206.6100006103516,206.72000122070312,5984521.0
2026-07-14 09:31:00,206.7100067138672,206.80999755859372,206.0399932861328,206.53500366210935,533559.0
2026-07-14 09:32:00,206.4900054931641,206.75999450683597,205.42999267578125,205.42999267578125,618254.0
2026-07-14 09:33:00,205.42999267578125,205.75,205.22999572753903,205.47999572753903,450479.0
2026-07-14 09:34:00,205.4900054931641,205.55999755859372,204.8300018310547,204.9261016845703,401629.0
2026-07-14 09:35:00,204.8999938964844,205.1100006103516,204.6100006103516,204.8600006103516,542690.0
2026-07-14 09:36:00,204.8699951171875,205.0,204.67999267578125,204.92999267578125,477096.0
2026-07-14 09:37:00,204.889892578125,205.17999267578125,204.7006072998047,205.05999755859372,375118.0
2026-07-14 09:38:00,205.0500030517578,205.05999755859372,204.6100006103516,204.6875,357752.0
2026-07-14 09:39:00,204.69500732421875,204.82000732421875,204.22000122070312,204.2449951171875,490698.0
2026-07-14 09:40:00,204.25,204.47999572753903,204.00999450683597,204.41000366210935,446007.0
2026-07-14 09:41:00,204.4199981689453,204.5500030517578,204.25,204.4199066162109,405660.0
2026-07-14 09:42:00,204.38999938964844,204.4499969482422,204.07000732421875,204.2700042724609,377460.0
2026-07-14 09:43:00,204.2899932861328,204.3600006103516,203.8000030517578,204.17999267578125,506427.0
2026-07-14 09:44:00,204.1499938964844,204.25999450683597,204.0,204.2050018310547,413417.0
2026-07-14 09:45:00,204.1999969482422,205.16000366210935,204.1999969482422,205.1499938964844,1034289.0
2026-07-14 09:46:00,205.1499938964844,205.30999755859372,204.8500061035156,205.15499877929688,534821.0
2026-07-14 09:47:00,205.2100067138672,205.2689971923828,204.8999938964844,205.125,387989.0
2026-07-14 09:48:00,205.1820068359375,205.25999450683597,204.57000732421875,204.6051025390625,411836.0
2026-07-14 09:49:00,204.5904998779297,205.1598052978516,204.52999877929688,205.06500244140625,324290.0
2026-07-14 09:50:00,205.07000732421875,205.17999267578125,204.82000732421875,204.85499572753903,293109.0
2026-07-14 09:51:00,204.82009887695312,205.38999938964844,204.82009887695312,205.1699981689453,410548.0
2026-07-14 09:52:00,205.17999267578125,205.44000244140625,205.1300048828125,205.13999938964844,356979.0
2026-07-14 09:53:00,205.13499450683597,205.4600067138672,204.8000030517578,205.4550018310547,296595.0
2026-07-14 09:54:00,205.43499755859372,205.52999877929688,205.1403045654297,205.1427001953125,343506.0
2026-07-14 09:55:00,205.1499938964844,205.1819000244141,204.84500122070312,204.98989868164065,210620.0
2026-07-14 09:56:00,204.9900054931641,205.1195068359375,204.83999633789065,204.91000366210935,180267.0
2026-07-14 09:57:00,204.9199981689453,205.1100006103516,204.91000366210935,205.0200042724609,159627.0
2026-07-14 09:58:00,205.02999877929688,205.1999969482422,204.9698944091797,205.0998992919922,142409.0
2026-07-14 09:59:00,205.08999633789065,205.32000732421875,204.93820190429688,205.0,207143.0
2026-07-14 10:00:00,204.9900054931641,205.1199951171875,204.6999969482422,204.75999450683597,304823.0
2026-07-14 10:01:00,204.720703125,204.80499267578125,204.5200042724609,204.6067047119141,281673.0
2026-07-14 10:02:00,204.6199951171875,204.80999755859372,204.4109039306641,204.58999633789065,211039.0
2026-07-14 10:03:00,204.57839965820312,204.8699951171875,204.55999755859372,204.7250061035156,217665.0
2026-07-14 10:04:00,204.71499633789065,204.78990173339844,204.3999938964844,204.4700927734375,180406.0
2026-07-14 10:05:00,204.47999572753903,204.6990966796875,204.3500061035156,204.6150054931641,256539.0
2026-07-14 10:06:00,204.6150054931641,204.7100067138672,204.5,204.69000244140625,202279.0
2026-07-14 10:07:00,204.6649932861328,204.8999938964844,204.5500946044922,204.7250061035156,177197.0
2026-07-14 10:08:00,204.71499633789065,204.7599029541016,204.47000122070312,204.56500244140625,151440.0
2026-07-14 10:09:00,204.5500030517578,204.5500030517578,204.05999755859372,204.44000244140625,345022.0
2026-07-14 10:10:00,204.41000366210935,204.6499938964844,204.1999969482422,204.3600006103516,180298.0
2026-07-14 10:11:00,204.35499572753903,204.58999633789065,204.3000030517578,204.5749969482422,132676.0
2026-07-14 10:12:00,204.58999633789065,204.8500061035156,204.42999267578125,204.58099365234372,220186.0
2026-07-14 10:13:00,204.58999633789065,204.69000244140625,204.33999633789065,204.52999877929688,141756.0
2026-07-14 10:14:00,204.53500366210935,204.77999877929688,204.3300018310547,204.6999969482422,236666.0
2026-07-14 10:15:00,204.6499938964844,204.6822052001953,204.35079956054688,204.5102996826172,150197.0
2026-07-14 10:16:00,204.4949951171875,204.88999938964844,204.2263946533203,204.8300018310547,270783.0
2026-07-14 10:17:00,204.8000030517578,205.08999633789065,204.7100067138672,204.8600006103516,286178.0
2026-07-14 10:18:00,204.82000732421875,205.1100006103516,204.66000366210935,205.0,250412.0
2026-07-14 10:19:00,204.9949951171875,205.5,204.8999938964844,205.3699951171875,334825.0
2026-07-14 10:20:00,205.36639404296875,205.67950439453125,205.32000732421875,205.5991973876953,427484.0
2026-07-14 10:21:00,205.5800018310547,205.75950622558597,205.5200042724609,205.58999633789065,352556.0
2026-07-14 10:22:00,205.6100006103516,205.8300018310547,205.55999755859372,205.75,320257.0
2026-07-14 10:23:00,205.7400054931641,205.7700042724609,205.4501037597656,205.625,248627.0
2026-07-14 10:24:00,205.625,205.77999877929688,205.0605010986328,205.1387939453125,323872.0
2026-07-14 10:25:00,205.15499877929688,205.1999969482422,204.92999267578125,205.1000061035156,297164.0
2026-07-14 10:26:00,205.08999633789065,206.0500030517578,204.9600067138672,205.7050018310547,548615.0
2026-07-14 10:27:00,205.75999450683597,205.8300018310547,205.1309967041016,205.1699981689453,324209.0
2026-07-14 10:28:00,205.1450042724609,205.3300018310547,204.9600067138672,205.05999755859372,350093.0
2026-07-14 10:29:00,205.04690551757807,205.5955047607422,204.9900054931641,205.53219604492188,232456.0
2026-07-14 10:30:00,205.5399932861328,205.6898956298828,205.5,205.5500030517578,168571.0
2026-07-14 10:31:00,205.5200042724609,205.63999938964844,205.25,205.63499450683597,171759.0
2026-07-14 10:32:00,205.63499450683597,206.22000122070312,205.57000732421875,206.19000244140625,294427.0
2026-07-14 10:33:00,206.19009399414065,206.7698974609375,206.1499938964844,206.76980590820312,332722.0
2026-07-14 10:34:00,206.76010131835935,207.42999267578125,206.47000122070312,207.00999450683597,866658.0
2026-07-14 10:35:00,206.9750061035156,206.97999572753903,206.5500030517578,206.97000122070312,349578.0
2026-07-14 10:36:00,206.98489379882807,207.1300048828125,206.5399932861328,206.77999877929688,343151.0
2026-07-14 10:37:00,206.7700042724609,206.9199981689453,206.6999969482422,206.72999572753903,154600.0
2026-07-14 10:38:00,206.7799072265625,206.8990020751953,206.69000244140625,206.80999755859372,164179.0
2026-07-14 10:39:00,206.7949981689453,206.82000732421875,206.55999755859372,206.6699981689453,184634.0
2026-07-14 10:40:00,206.6699981689453,206.7400054931641,206.50999450683597,206.56500244140625,167731.0
2026-07-14 10:41:00,206.5800018310547,206.6999053955078,206.3699951171875,206.6614990234375,167875.0
2026-07-14 10:42:00,206.6750030517578,206.74989318847656,206.3699951171875,206.45989990234372,134225.0
2026-07-14 10:43:00,206.4304962158203,206.4550018310547,206.27999877929688,206.33999633789065,135896.0
2026-07-14 10:44:00,206.30999755859372,206.5500030517578,206.30999755859372,206.50999450683597,139682.0
2026-07-14 10:45:00,206.47999572753903,206.72560119628903,206.42999267578125,206.68499755859372,209030.0
2026-07-14 10:46:00,206.68499755859372,206.80560302734372,206.4199981689453,206.50999450683597,207915.0
2026-07-14 10:47:00,206.50999450683597,206.56500244140625,206.3800048828125,206.47000122070312,107234.0
2026-07-14 10:48:00,206.5,206.6999969482422,206.3999938964844,206.6699066162109,132270.0
2026-07-14 10:49:00,206.6699981689453,206.6725006103516,206.3500061035156,206.4900054931641,167516.0
2026-07-14 10:50:00,206.4900054931641,206.7899932861328,206.3800048828125,206.7050018310547,159091.0
2026-07-14 10:51:00,206.6999969482422,207.0570068359375,206.5500030517578,207.0500030517578,243442.0
2026-07-14 10:52:00,207.05499267578125,207.2698974609375,206.9199981689453,207.22999572753903,278027.0
2026-07-14 10:53:00,207.22999572753903,207.279296875,207.0200958251953,207.1750030517578,186758.0
2026-07-14 10:54:00,207.19320678710935,207.33999633789065,206.9499969482422,207.3300018310547,194181.0
2026-07-14 10:55:00,207.3300018310547,207.6499938964844,207.2550048828125,207.52999877929688,326996.0
2026-07-14 10:56:00,207.5249938964844,207.67999267578125,207.3999938964844,207.4308013916016,232092.0
2026-07-14 10:57:00,207.45989990234372,207.5500030517578,207.3500061035156,207.44500732421875,155562.0
2026-07-14 10:58:00,207.4499969482422,207.67999267578125,207.42999267578125,207.6199951171875,193942.0
2026-07-14 10:59:00,207.6150054931641,207.6199951171875,207.4600067138672,207.4850006103516,203971.0
2026-07-14 11:00:00,207.5,207.67999267578125,207.45030212402344,207.4900054931641,320144.0
2026-07-14 11:01:00,207.4900054931641,207.5399932861328,207.3500061035156,207.41000366210935,270862.0
2026-07-14 11:02:00,207.4199981689453,207.5399932861328,207.35499572753903,207.41000366210935,137319.0
2026-07-14 11:03:00,207.3999938964844,207.5,207.2899932861328,207.34500122070312,239898.0
2026-07-14 11:04:00,207.3650054931641,207.8000030517578,207.2100067138672,207.5050048828125,431054.0
2026-07-14 11:05:00,207.5,207.80999755859372,207.44500732421875,207.72999572753903,246082.0
2026-07-14 11:06:00,207.7350006103516,207.9499969482422,207.72999572753903,207.8800048828125,241910.0
2026-07-14 11:07:00,207.8699951171875,208.22000122070312,207.82000732421875,208.0500030517578,410676.0
2026-07-14 11:08:00,208.05499267578125,208.3300018310547,207.97999572753903,208.2400054931641,337844.0
2026-07-14 11:09:00,208.22999572753903,208.2700042724609,208.1300048828125,208.173095703125,228168.0
2026-07-14 11:10:00,208.1649932861328,208.3000030517578,207.8999938964844,207.94000244140625,313445.0
2026-07-14 11:11:00,207.9499969482422,208.00999450683597,207.7001037597656,207.8500061035156,278467.0
2026-07-14 11:12:00,207.8665008544922,208.0,207.8300018310547,207.97999572753903,174200.0
2026-07-14 11:13:00,207.9900054931641,208.05499267578125,207.92999267578125,207.9499969482422,164171.0
2026-07-14 11:14:00,207.94000244140625,207.9600067138672,207.63999938964844,207.77999877929688,192197.0
2026-07-14 11:15:00,207.77999877929688,207.9199981689453,207.77999877929688,207.83999633789065,146527.0
2026-07-14 11:16:00,207.82000732421875,207.91000366210935,207.76390075683597,207.8350067138672,142078.0
2026-07-14 11:17:00,207.8500061035156,208.07000732421875,207.8300018310547,208.0399932861328,229725.0
2026-07-14 11:18:00,208.05499267578125,208.13999938964844,207.94070434570312,208.08999633789065,218140.0
2026-07-14 11:19:00,208.02999877929688,208.1199951171875,207.8000030517578,208.02999877929688,187586.0
2026-07-14 11:20:00,208.03500366210935,208.1779022216797,207.9199981689453,208.1750030517578,238318.0
2026-07-14 11:21:00,208.17990112304688,208.5399932861328,208.156494140625,208.5,296753.0
2026-07-14 11:22:00,208.5,208.92999267578125,208.41000366210935,208.75,552720.0
2026-07-14 11:23:00,208.7344970703125,208.80990600585935,208.6300048828125,208.7400054931641,219946.0
2026-07-14 11:24:00,208.7400054931641,208.8999938964844,208.6100006103516,208.68499755859372,276082.0
2026-07-14 11:25:00,208.69009399414065,208.92999267578125,208.50999450683597,208.6499938964844,211008.0
2026-07-14 11:26:00,208.6573944091797,208.9499969482422,208.58120727539065,208.92999267578125,217509.0
2026-07-14 11:27:00,208.9250030517578,208.9485015869141,208.6479034423828,208.92010498046875,205257.0
2026-07-14 11:28:00,208.9199981689453,209.1000061035156,208.8800048828125,208.9949951171875,473719.0
2026-07-14 11:29:00,208.9915008544922,209.13999938964844,208.9915008544922,209.1000061035156,228681.0
2026-07-14 11:30:00,209.1199951171875,209.17999267578125,209.0,209.01499938964844,264615.0
2026-07-14 11:31:00,209.00999450683597,209.0749969482422,208.72999572753903,208.8699951171875,298975.0
2026-07-14 11:32:00,208.88499450683597,208.88949584960935,208.44000244140625,208.5200042724609,193700.0
2026-07-14 11:33:00,208.5216064453125,208.75999450683597,208.42999267578125,208.7350006103516,265976.0
2026-07-14 11:34:00,208.7250061035156,209.16000366210935,208.63999938964844,208.92999267578125,364873.0
2026-07-14 11:35:00,208.9250030517578,208.9499969482422,208.6300048828125,208.92999267578125,198357.0
2026-07-14 11:36:00,208.91200256347656,209.0500030517578,208.65049743652344,208.8500061035156,261875.0
2026-07-14 11:37:00,208.83839416503903,208.8600006103516,208.6999969482422,208.84500122070312,139725.0
2026-07-14 11:38:00,208.8500061035156,209.03990173339844,208.8500061035156,208.94000244140625,173244.0
2026-07-14 11:39:00,208.93499755859372,208.99989318847656,208.7899932861328,208.9199981689453,154650.0
2026-07-14 11:40:00,208.9199981689453,208.9199981689453,208.67999267578125,208.889892578125,159601.0
2026-07-14 11:41:00,208.88999938964844,208.9250030517578,208.5500030517578,208.88999938964844,186840.0
2026-07-14 11:42:00,208.8999938964844,208.91000366210935,208.66000366210935,208.82000732421875,154936.0
2026-07-14 11:43:00,208.82000732421875,208.9900054931641,208.75,208.97999572753903,148359.0
2026-07-14 11:44:00,208.97999572753903,209.30999755859372,208.9205017089844,209.13009643554688,418591.0
2026-07-14 11:45:00,209.1300048828125,209.3188018798828,208.9801025390625,209.0124053955078,212125.0
2026-07-14 11:46:00,209.0050048828125,209.0391998291016,208.875,208.9149932861328,133092.0
2026-07-14 11:47:00,208.91000366210935,208.9873962402344,208.8249969482422,208.9499969482422,156935.0
2026-07-14 11:48:00,208.94000244140625,209.0500030517578,208.8999938964844,208.98989868164065,183803.0
2026-07-14 11:49:00,208.97000122070312,209.08999633789065,208.82269287109372,208.83999633789065,257554.0
2026-07-14 11:50:00,208.83999633789065,208.9248046875,208.6699981689453,208.77999877929688,199216.0
2026-07-14 11:51:00,208.7700042724609,208.7700042724609,208.4199981689453,208.45199584960935,241891.0
2026-07-14 11:52:00,208.46499633789065,208.50999450683597,208.32000732421875,208.47000122070312,171613.0
2026-07-14 11:53:00,208.50999450683597,208.75,208.4407958984375,208.72999572753903,197271.0
2026-07-14 11:54:00,208.7350006103516,208.8600006103516,208.52999877929688,208.84849548339844,193087.0
2026-07-14 11:55:00,208.86669921875,208.9900054931641,208.69000244140625,208.9499969482422,254648.0
2026-07-14 11:56:00,208.9600067138672,209.2100067138672,208.9600067138672,209.08999633789065,228091.0
2026-07-14 11:57:00,209.0850067138672,209.10499572753903,208.75999450683597,208.8249969482422,164379.0
2026-07-14 11:58:00,208.80999755859372,208.9600067138672,208.7899932861328,208.95989990234372,127088.0
2026-07-14 11:59:00,208.9499969482422,209.2198944091797,208.87210083007807,209.1699981689453,216623.0
2026-07-14 12:00:00,209.18820190429688,209.2700042724609,208.5800018310547,208.58999633789065,399611.0
2026-07-14 12:01:00,208.58999633789065,208.83999633789065,208.5,208.72999572753903,194466.0
2026-07-14 12:02:00,208.7400054931641,208.91000366210935,208.66009521484372,208.8699951171875,172882.0
2026-07-14 12:03:00,208.8800048828125,209.0500030517578,208.6999969482422,208.75,216870.0
2026-07-14 12:04:00,208.7539978027344,208.875,208.65499877929688,208.8500061035156,196049.0
2026-07-14 12:05:00,208.82000732421875,208.8800048828125,208.72000122070312,208.7400054931641,161736.0
2026-07-14 12:06:00,208.75999450683597,208.8800048828125,208.6000061035156,208.8000030517578,215740.0
2026-07-14 12:07:00,208.80999755859372,208.8600006103516,208.6100006103516,208.7879943847656,223095.0
2026-07-14 12:08:00,208.77999877929688,208.8999938964844,208.7400054931641,208.85499572753903,111858.0
2026-07-14 12:09:00,208.8500061035156,208.88999938964844,208.6450042724609,208.6497039794922,130256.0
2026-07-14 12:10:00,208.6450042724609,208.6699981689453,208.3600006103516,208.3999938964844,178143.0
2026-07-14 12:11:00,208.3999938964844,208.6199951171875,208.3600006103516,208.6100006103516,142591.0
2026-07-14 12:12:00,208.60240173339844,208.66000366210935,208.3600006103516,208.4199066162109,118166.0
2026-07-14 12:13:00,208.41000366210935,208.47999572753903,208.3101043701172,208.3650054931641,140956.0
2026-07-14 12:14:00,208.3500061035156,208.74290466308597,208.3500061035156,208.55999755859372,210577.0
2026-07-14 12:15:00,208.5749969482422,208.6199951171875,208.3699951171875,208.5,162955.0
2026-07-14 12:16:00,208.50999450683597,208.75999450683597,208.47999572753903,208.72999572753903,199968.0
2026-07-14 12:17:00,208.72999572753903,208.76499938964844,208.58099365234372,208.66000366210935,108946.0
2026-07-14 12:18:00,208.6499938964844,208.8800048828125,208.58999633789065,208.8699951171875,141466.0
2026-07-14 12:19:00,208.8699951171875,209.1999969482422,208.8325958251953,209.16000366210935,305702.0
2026-07-14 12:20:00,209.1499938964844,209.4900054931641,209.1499938964844,209.3600006103516,434422.0
2026-07-14 12:21:00,209.3699951171875,209.3999938964844,209.1499938964844,209.3300018310547,249889.0
2026-07-14 12:22:00,209.32000732421875,209.3600006103516,209.09500122070312,209.13999938964844,214513.0
2026-07-14 12:23:00,209.13999938964844,209.1999969482422,208.9499969482422,209.0711975097656,120793.0
2026-07-14 12:24:00,209.0800018310547,209.4199981689453,209.0399932861328,209.3101043701172,176748.0
2026-07-14 12:25:00,209.32000732421875,209.4199981689453,209.22000122070312,209.2998962402344,172289.0
2026-07-14 12:26:00,209.28990173339844,209.3999938964844,209.2449951171875,209.3300018310547,145946.0
2026-07-14 12:27:00,209.32000732421875,209.5500030517578,209.3000030517578,209.4600067138672,266488.0
2026-07-14 12:28:00,209.4499969482422,209.57000732421875,209.3800048828125,209.4250030517578,198488.0
2026-07-14 12:29:00,209.42919921875,209.5850067138672,209.4134979248047,209.55499267578125,155292.0
2026-07-14 12:30:00,209.55999755859372,209.6199951171875,209.42100524902344,209.47000122070312,169119.0
2026-07-14 12:31:00,209.47999572753903,209.6199951171875,209.4700927734375,209.5749969482422,126588.0
2026-07-14 12:32:00,209.55999755859372,209.72479248046875,209.3600006103516,209.3600006103516,344065.0
2026-07-14 12:33:00,209.3800048828125,209.60499572753903,209.3000030517578,209.6000061035156,190264.0
2026-07-14 12:34:00,209.58680725097656,209.8999938964844,209.51499938964844,209.8800048828125,250776.0
2026-07-14 12:35:00,209.8800048828125,209.8999938964844,209.610107421875,209.6699981689453,239523.0
2026-07-14 12:36:00,209.66050720214844,209.75999450683597,209.50999450683597,209.5500946044922,159506.0
2026-07-14 12:37:00,209.5500030517578,209.5500030517578,209.30999755859372,209.51499938964844,215175.0
2026-07-14 12:38:00,209.52999877929688,209.82000732421875,209.4499969482422,209.75999450683597,159191.0
2026-07-14 12:39:00,209.75999450683597,209.7899932861328,209.66000366210935,209.7178955078125,133344.0
2026-07-14 12:40:00,209.7100067138672,209.8800048828125,209.63999938964844,209.75,217499.0
2026-07-14 12:41:00,209.7700042724609,209.87420654296875,209.72000122070312,209.82000732421875,145431.0
2026-07-14 12:42:00,209.82000732421875,210.1100006103516,209.7200927734375,209.97000122070312,738671.0
2026-07-14 12:43:00,209.9600067138672,210.22000122070312,209.90499877929688,210.2198944091797,263206.0
2026-07-14 12:44:00,210.2001037597656,210.25950622558597,210.0500030517578,210.0800018310547,224227.0
2026-07-14 12:45:00,210.08999633789065,210.22900390625,209.9499969482422,209.97000122070312,258048.0
2026-07-14 12:46:00,209.9698944091797,210.1499938964844,209.8300018310547,210.13499450683597,224751.0
2026-07-14 12:47:00,210.13999938964844,210.13999938964844,210.0,210.0050048828125,201042.0
2026-07-14 12:48:00,210.0,210.0050048828125,209.8000030517578,209.80999755859372,232758.0
2026-07-14 12:49:00,209.8000030517578,210.1094970703125,209.8000030517578,210.10499572753903,540262.0
2026-07-14 12:50:00,210.1000061035156,210.30999755859372,210.02999877929688,210.26499938964844,253197.0
2026-07-14 12:51:00,210.2700042724609,210.3000030517578,210.0500030517578,210.2700042724609,245304.0
2026-07-14 12:52:00,210.2783966064453,210.2998962402344,210.13340759277344,210.2938995361328,151518.0
2026-07-14 12:53:00,210.2899932861328,210.4600067138672,210.24029541015625,210.3600006103516,227610.0
2026-07-14 12:54:00,210.33999633789065,210.4499969482422,210.2400054931641,210.2400054931641,198789.0
2026-07-14 12:55:00,210.25950622558597,210.5500030517578,210.24029541015625,210.52999877929688,259860.0
2026-07-14 12:56:00,210.52999877929688,210.63999938964844,210.4600067138672,210.6300048828125,218568.0
2026-07-14 12:57:00,210.6300048828125,210.88499450683597,210.6000061035156,210.85499572753903,252057.0
2026-07-14 12:58:00,210.84500122070312,210.8800048828125,210.5399932861328,210.72000122070312,329114.0
2026-07-14 12:59:00,210.7342071533203,210.9149932861328,210.7342071533203,210.8699951171875,217285.0
2026-07-14 13:00:00,210.8699951171875,211.1000061035156,210.8000030517578,211.0699005126953,565803.0
2026-07-14 13:01:00,211.0449981689453,211.25,211.00070190429688,211.22999572753903,404270.0
2026-07-14 13:02:00,211.22999572753903,211.3500061035156,211.1450042724609,211.22999572753903,496387.0
2026-07-14 13:03:00,211.2250061035156,211.25999450683597,211.1201019287109,211.1999969482422,260005.0
2026-07-14 13:04:00,211.1999969482422,211.2987060546875,211.05499267578125,211.1300048828125,292385.0
2026-07-14 13:05:00,211.13999938964844,211.30999755859372,211.10009765625,211.25999450683597,239120.0
2026-07-14 13:06:00,211.2899932861328,211.3500061035156,211.2100067138672,211.25,293002.0
2026-07-14 13:07:00,211.2400054931641,211.3600006103516,211.2400054931641,211.31500244140625,227880.0
2026-07-14 13:08:00,211.32000732421875,211.5,211.13999938964844,211.19500732421875,479067.0
2026-07-14 13:09:00,211.19000244140625,211.25,211.1100006103516,211.2001037597656,210444.0
2026-07-14 13:10:00,211.2100067138672,211.22000122070312,211.0,211.1699981689453,266759.0
2026-07-14 13:11:00,211.1699981689453,211.22999572753903,211.1199951171875,211.17999267578125,163313.0
2026-07-14 13:12:00,211.1699981689453,211.3300018310547,211.0399932861328,211.30999755859372,225244.0
2026-07-14 13:13:00,211.3000030517578,211.3500061035156,211.16000366210935,211.33999633789065,205510.0
2026-07-14 13:14:00,211.33009338378903,211.33999633789065,211.1999969482422,211.2100067138672,196224.0
2026-07-14 13:15:00,211.1999969482422,211.5,211.1999969482422,211.4499969482422,439012.0
2026-07-14 13:16:00,211.4499969482422,211.5200042724609,211.41000366210935,211.4600067138672,221647.0
2026-07-14 13:17:00,211.4499969482422,211.47000122070312,211.05999755859372,211.1150054931641,294078.0
2026-07-14 13:18:00,211.1000061035156,211.1499938964844,210.88999938964844,211.0500946044922,244669.0
2026-07-14 13:19:00,211.05029296875,211.21499633789065,210.960693359375,211.2100067138672,169406.0
2026-07-14 13:20:00,211.22000122070312,211.3500061035156,211.17999267578125,211.32000732421875,217625.0
2026-07-14 13:21:00,211.3209991455078,211.43930053710935,211.3209991455078,211.41000366210935,132966.0
2026-07-14 13:22:00,211.3999938964844,211.4900054931641,211.3699951171875,211.4199981689453,225462.0
2026-07-14 13:23:00,211.4499969482422,211.4499969482422,211.22000122070312,211.2400054931641,170516.0
2026-07-14 13:24:00,211.24560546875,211.3426055908203,211.16000366210935,211.2550048828125,220470.0
2026-07-14 13:25:00,211.25970458984372,211.31500244140625,211.1699981689453,211.22999572753903,114881.0
2026-07-14 13:26:00,211.22999572753903,211.3500061035156,211.22999572753903,211.30999755859372,151914.0
2026-07-14 13:27:00,211.3000030517578,211.3300018310547,211.2001037597656,211.26499938964844,143374.0
2026-07-14 13:28:00,211.26499938964844,211.2899932861328,211.1199951171875,211.13999938964844,159855.0
2026-07-14 13:29:00,211.13999938964844,211.15499877929688,210.94000244140625,211.02999877929688,204530.0
2026-07-14 13:30:00,211.02999877929688,211.2400054931641,211.0200042724609,211.1699981689453,188250.0
2026-07-14 13:31:00,211.1699981689453,211.2100067138672,211.0399932861328,211.07000732421875,133784.0
2026-07-14 13:32:00,211.07000732421875,211.0749969482422,210.72000122070312,210.72999572753903,178134.0
2026-07-14 13:33:00,210.7400054931641,210.80999755859372,210.6000061035156,210.6699981689453,238096.0
2026-07-14 13:34:00,210.6699981689453,210.72999572753903,210.6300048828125,210.6699066162109,199869.0
2026-07-14 13:35:00,210.6999969482422,210.8000030517578,210.5200042724609,210.78500366210935,208436.0
2026-07-14 13:36:00,210.7700042724609,210.89990234375,210.6100006103516,210.6499938964844,173505.0
2026-07-14 13:37:00,210.63999938964844,210.66000366210935,210.50999450683597,210.66000366210935,154237.0
2026-07-14 13:38:00,210.64010620117188,210.7100067138672,210.6000061035156,210.6699981689453,130873.0
2026-07-14 13:39:00,210.6699981689453,210.8699951171875,210.625,210.72999572753903,160141.0
2026-07-14 13:40:00,210.7400054931641,210.7400054931641,210.6000061035156,210.6499938964844,109798.0
2026-07-14 13:41:00,210.63999938964844,210.7100067138672,210.5500030517578,210.63009643554688,130741.0
2026-07-14 13:42:00,210.63499450683597,210.6999969482422,210.57000732421875,210.5749969482422,135283.0
2026-07-14 13:43:00,210.5749969482422,210.75,210.5200042724609,210.6499938964844,143255.0
2026-07-14 13:44:00,210.6450042724609,210.7899932861328,210.63999938964844,210.7698974609375,110119.0
2026-07-14 13:45:00,210.75999450683597,210.8999938964844,210.7301025390625,210.75999450683597,162177.0
2026-07-14 13:46:00,210.75,210.8999938964844,210.69000244140625,210.8950042724609,122529.0
2026-07-14 13:47:00,210.8950042724609,210.97999572753903,210.7899932861328,210.97000122070312,166181.0
2026-07-14 13:48:00,210.9620056152344,211.1300048828125,210.9600067138672,211.08999633789065,265167.0
2026-07-14 13:49:00,211.08999633789065,211.1100006103516,211.0,211.0240020751953,116366.0
2026-07-14 13:50:00,211.0554962158203,211.28500366210935,211.0554962158203,211.2350006103516,187240.0
2026-07-14 13:51:00,211.22999572753903,211.23989868164065,211.10499572753903,211.2263946533203,124119.0
2026-07-14 13:52:00,211.22999572753903,211.25999450683597,211.1699981689453,211.2001037597656,115252.0
2026-07-14 13:53:00,211.2050018310547,211.32000732421875,211.17999267578125,211.2749938964844,194631.0
2026-07-14 13:54:00,211.2700042724609,211.38999938964844,211.25,211.3300018310547,156519.0
2026-07-14 13:55:00,211.3300018310547,211.33999633789065,211.25,211.2899932861328,210699.0
2026-07-14 13:56:00,211.2949981689453,211.38999938964844,211.2899932861328,211.3401031494141,174908.0
2026-07-14 13:57:00,211.3699951171875,211.3800048828125,211.22000122070312,211.33999633789065,125007.0
2026-07-14 13:58:00,211.34280395507807,211.48370361328125,211.3101043701172,211.41009521484372,210057.0
2026-07-14 13:59:00,211.3800048828125,211.4199981689453,211.26499938964844,211.3101043701172,126713.0
2026-07-14 14:00:00,211.32000732421875,211.3300018310547,211.1699981689453,211.1999969482422,218152.0
2026-07-14 14:01:00,211.2001037597656,211.2899932861328,211.1499938964844,211.25,143731.0
2026-07-14 14:02:00,211.2400054931641,211.4600067138672,211.17100524902344,211.4499969482422,182402.0
2026-07-14 14:03:00,211.44000244140625,211.5,211.37049865722656,211.41000366210935,213852.0
2026-07-14 14:04:00,211.3999938964844,211.42999267578125,211.30099487304688,211.4250030517578,107805.0
2026-07-14 14:05:00,211.4199981689453,211.42999267578125,211.32000732421875,211.33999633789065,133976.0
2026-07-14 14:06:00,211.33999633789065,211.3600006103516,211.1999969482422,211.239501953125,147600.0
2026-07-14 14:07:00,211.22000122070312,211.4600067138672,211.1699981689453,211.4600067138672,161011.0
2026-07-14 14:08:00,211.47000122070312,211.5800018310547,211.44000244140625,211.5500030517578,351689.0
2026-07-14 14:09:00,211.55990600585935,211.6100006103516,211.50999450683597,211.57009887695312,180869.0
2026-07-14 14:10:00,211.57009887695312,211.6300048828125,211.5200042724609,211.6199951171875,198476.0
2026-07-14 14:11:00,211.6199951171875,211.7350006103516,211.6000061035156,211.7350006103516,212221.0
2026-07-14 14:12:00,211.7350006103516,212.00999450683597,211.72999572753903,211.8699951171875,663248.0
2026-07-14 14:13:00,211.88180541992188,212.0,211.88180541992188,211.97000122070312,229801.0
2026-07-14 14:14:00,211.97000122070312,212.0,211.8800048828125,211.9149932861328,180223.0
2026-07-14 14:15:00,211.91000366210935,212.0500030517578,211.91000366210935,211.9794006347656,292943.0
2026-07-14 14:16:00,211.97000122070312,212.0800018310547,211.9600067138672,211.9750061035156,221284.0
2026-07-14 14:17:00,211.9750061035156,211.97999572753903,211.8500061035156,211.9503936767578,230636.0
2026-07-14 14:18:00,211.9600067138672,212.00999450683597,211.91000366210935,211.95989990234372,174382.0
2026-07-14 14:19:00,211.9550018310547,212.0500030517578,211.8999938964844,211.9550018310547,170312.0
2026-07-14 14:20:00,211.9499969482422,211.9600067138672,211.8300018310547,211.94000244140625,168262.0
2026-07-14 14:21:00,211.92999267578125,211.97999572753903,211.8699951171875,211.9414978027344,179728.0
2026-07-14 14:22:00,211.94639587402344,212.1000061035156,211.94639587402344,212.0050048828125,231981.0
2026-07-14 14:23:00,212.0050048828125,212.0399932861328,211.91000366210935,211.97999572753903,151189.0
2026-07-14 14:24:00,211.9900054931641,211.9900054931641,211.69000244140625,211.7400054931641,248890.0
2026-07-14 14:25:00,211.7400054931641,211.75950622558597,211.6000061035156,211.69500732421875,204338.0
2026-07-14 14:26:00,211.69000244140625,211.7088928222656,211.57000732421875,211.6000061035156,142855.0
2026-07-14 14:27:00,211.6000061035156,211.6999969482422,211.58999633789065,211.6699066162109,165519.0
2026-07-14 14:28:00,211.66000366210935,211.76499938964844,211.6100006103516,211.74009704589844,142919.0
2026-07-14 14:29:00,211.7449951171875,211.8300018310547,211.6999969482422,211.7796936035156,226544.0
2026-07-14 14:30:00,211.77999877929688,211.8300018310547,211.7250061035156,211.82000732421875,188772.0
2026-07-14 14:31:00,211.82000732421875,211.97999572753903,211.80999755859372,211.96499633789065,166826.0
2026-07-14 14:32:00,211.9600067138672,212.0500030517578,211.8500061035156,212.0384063720703,239241.0
2026-07-14 14:33:00,212.0498046875,212.1999969482422,212.02999877929688,212.1822967529297,360211.0
2026-07-14 14:34:00,212.18499755859372,212.28990173339844,212.1499938964844,212.28500366210935,216026.0
2026-07-14 14:35:00,212.28050231933597,212.5399932861328,212.27999877929688,212.4550018310547,363393.0
2026-07-14 14:36:00,212.4499969482422,212.4499969482422,212.3300018310547,212.3600006103516,237627.0
2026-07-14 14:37:00,212.35499572753903,212.3650054931641,212.0500030517578,212.25999450683597,349547.0
2026-07-14 14:38:00,212.25,212.33999633789065,212.1215057373047,212.15989685058597,188672.0
2026-07-14 14:39:00,212.1499938964844,212.2700042724609,212.1100006103516,212.1699981689453,145201.0
2026-07-14 14:40:00,212.16000366210935,212.1699981689453,211.97999572753903,212.1199951171875,215194.0
2026-07-14 14:41:00,212.13999938964844,212.24850463867188,211.94000244140625,212.13999938964844,303850.0
2026-07-14 14:42:00,212.13999938964844,212.2400054931641,212.0500030517578,212.18499755859372,168527.0
2026-07-14 14:43:00,212.17999267578125,212.19000244140625,211.9199981689453,211.9499969482422,197733.0
2026-07-14 14:44:00,211.9499969482422,212.1000061035156,211.9499969482422,212.09500122070312,152772.0
2026-07-14 14:45:00,212.0800018310547,212.08999633789065,211.91000366210935,211.9600067138672,145394.0
2026-07-14 14:46:00,211.9550018310547,212.13999938964844,211.94000244140625,212.1000061035156,184893.0
2026-07-14 14:47:00,212.10650634765625,212.1999969482422,212.08999633789065,212.1800994873047,131057.0
2026-07-14 14:48:00,212.1925048828125,212.2490997314453,212.08999633789065,212.08999633789065,144263.0
2026-07-14 14:49:00,212.08999633789065,212.13999938964844,211.9600067138672,211.98550415039065,157684.0
2026-07-14 14:50:00,211.97999572753903,212.0800018310547,211.9499969482422,212.07000732421875,143171.0
2026-07-14 14:51:00,212.07000732421875,212.1100006103516,212.0,212.1100006103516,120069.0
2026-07-14 14:52:00,212.1000061035156,212.2700042724609,212.09500122070312,212.22000122070312,200493.0
2026-07-14 14:53:00,212.2176055908203,212.3800048828125,212.2176055908203,212.3500061035156,172187.0
2026-07-14 14:54:00,212.3650054931641,212.42999267578125,212.2700042724609,212.3800048828125,179436.0
2026-07-14 14:55:00,212.3800048828125,212.38999938964844,212.32000732421875,212.3600006103516,168106.0
2026-07-14 14:56:00,212.3500061035156,212.3650054931641,212.302001953125,212.32000732421875,122950.0
2026-07-14 14:57:00,212.32000732421875,212.3500061035156,212.27999877929688,212.2899932861328,180925.0
2026-07-14 14:58:00,212.30499267578125,212.3999938964844,212.27999877929688,212.38999938964844,145498.0
2026-07-14 14:59:00,212.38999938964844,212.3999938964844,212.2899932861328,212.32000732421875,135178.0
2026-07-14 15:00:00,212.32000732421875,212.3307037353516,212.19200134277344,212.21499633789065,176840.0
2026-07-14 15:01:00,212.17999267578125,212.22000122070312,212.1000061035156,212.13999938964844,160089.0
2026-07-14 15:02:00,212.1300048828125,212.1499938964844,212.0200042724609,212.1300048828125,185224.0
2026-07-14 15:03:00,212.1300048828125,212.13999938964844,211.8600006103516,211.8600006103516,255106.0
2026-07-14 15:04:00,211.875,212.0,211.83999633789065,211.94500732421875,168664.0
2026-07-14 15:05:00,211.9550018310547,212.00999450683597,211.9149932861328,211.96499633789065,133144.0
2026-07-14 15:06:00,211.97999572753903,212.07000732421875,211.94009399414065,211.9750061035156,136365.0
2026-07-14 15:07:00,211.97000122070312,212.0200042724609,211.80999755859372,211.8800048828125,142752.0
2026-07-14 15:08:00,211.8800048828125,211.8800048828125,211.69500732421875,211.75,173139.0
2026-07-14 15:09:00,211.7599029541016,211.81500244140625,211.6300048828125,211.6300048828125,169140.0
2026-07-14 15:10:00,211.63999938964844,211.8000030517578,211.4600067138672,211.7400054931641,283813.0
2026-07-14 15:11:00,211.75,211.7700042724609,211.6499938964844,211.7550048828125,163728.0
2026-07-14 15:12:00,211.7700042724609,211.80999755859372,211.72999572753903,211.7749938964844,154952.0
2026-07-14 15:13:00,211.7700042724609,211.90989685058597,211.69500732421875,211.90499877929688,186742.0
2026-07-14 15:14:00,211.91000366210935,211.9199981689453,211.7100067138672,211.72999572753903,188382.0
2026-07-14 15:15:00,211.72999572753903,211.81979370117188,211.67999267578125,211.7700042724609,198260.0
2026-07-14 15:16:00,211.76010131835935,211.9600067138672,211.76010131835935,211.8300018310547,183340.0
2026-07-14 15:17:00,211.8249969482422,211.8800048828125,211.77999877929688,211.85499572753903,127465.0
2026-07-14 15:18:00,211.8600006103516,211.97000122070312,211.7400054931641,211.91000366210935,240436.0
2026-07-14 15:19:00,211.90499877929688,211.97999572753903,211.88999938964844,211.9499969482422,158787.0
2026-07-14 15:20:00,211.9499969482422,212.0500030517578,211.9199981689453,212.0500030517578,230738.0
2026-07-14 15:21:00,212.0489959716797,212.2100067138672,212.03900146484372,212.17999267578125,270681.0
2026-07-14 15:22:00,212.1699981689453,212.2250061035156,212.08999633789065,212.1649932861328,186232.0
2026-07-14 15:23:00,212.1750030517578,212.19000244140625,211.94000244140625,211.9499053955078,213281.0
2026-07-14 15:24:00,211.94500732421875,212.1000061035156,211.91000366210935,212.01499938964844,163392.0
2026-07-14 15:25:00,212.00999450683597,212.1150054931641,211.8699951171875,211.88999938964844,194288.0
2026-07-14 15:26:00,211.88499450683597,211.97999572753903,211.8300018310547,211.88499450683597,204291.0
2026-07-14 15:27:00,211.8950042724609,211.9199981689453,211.6199951171875,211.6199951171875,225563.0
2026-07-14 15:28:00,211.6199951171875,211.63999938964844,211.4199981689453,211.4550018310547,272871.0
2026-07-14 15:29:00,211.4501037597656,211.50999450683597,211.25999450683597,211.2749938964844,241920.0
2026-07-14 15:30:00,211.27999877929688,211.33999633789065,211.0800018310547,211.22000122070312,376748.0
2026-07-14 15:31:00,211.21499633789065,211.22000122070312,211.0200042724609,211.125,269754.0
2026-07-14 15:32:00,211.125,211.33999633789065,211.0500030517578,211.2689971923828,244302.0
2026-07-14 15:33:00,211.2700042724609,211.47999572753903,211.2400054931641,211.47999572753903,239491.0
2026-07-14 15:34:00,211.4850006103516,211.6199951171875,211.3999938964844,211.6150054931641,212104.0
2026-07-14 15:35:00,211.6150054931641,211.72000122070312,211.57000732421875,211.63999938964844,196432.0
2026-07-14 15:36:00,211.6300048828125,211.66000366210935,211.4499969482422,211.65499877929688,202386.0
2026-07-14 15:37:00,211.66000366210935,211.6699981689453,211.52999877929688,211.5800018310547,229673.0
2026-07-14 15:38:00,211.5850067138672,211.6000061035156,211.33999633789065,211.3726043701172,247125.0
2026-07-14 15:39:00,211.3800048828125,211.41000366210935,211.07000732421875,211.22000122070312,289559.0
2026-07-14 15:40:00,211.2100067138672,211.47999572753903,211.08999633789065,211.3950042724609,339423.0
2026-07-14 15:41:00,211.38999938964844,211.63499450683597,211.38009643554688,211.6100006103516,238974.0
2026-07-14 15:42:00,211.6199951171875,211.8600006103516,211.6000061035156,211.8500061035156,244136.0
2026-07-14 15:43:00,211.83999633789065,211.875,211.76499938964844,211.83999633789065,187741.0
2026-07-14 15:44:00,211.8300018310547,211.8300018310547,211.69000244140625,211.7449951171875,240432.0
2026-07-14 15:45:00,211.75,211.8800048828125,211.7350006103516,211.75,254144.0
2026-07-14 15:46:00,211.75,211.82000732421875,211.67840576171875,211.67840576171875,234953.0
2026-07-14 15:47:00,211.67059326171875,211.8999938964844,211.67059326171875,211.7700042724609,238988.0
2026-07-14 15:48:00,211.7749938964844,211.91000366210935,211.7700042724609,211.90499877929688,184169.0
2026-07-14 15:49:00,211.90499877929688,211.97999572753903,211.8500061035156,211.9199981689453,279649.0
2026-07-14 15:50:00,211.91000366210935,212.0,211.5399932861328,211.8249969482422,575490.0
2026-07-14 15:51:00,211.8267974853516,211.9600067138672,211.72999572753903,211.94000244140625,362205.0
2026-07-14 15:52:00,211.9499969482422,212.1699981689453,211.94000244140625,212.13499450683597,470772.0
2026-07-14 15:53:00,212.1300048828125,212.22000122070312,211.97999572753903,212.0758056640625,412726.0
2026-07-14 15:54:00,212.0749969482422,212.3000030517578,211.7400054931641,212.17999267578125,695676.0
2026-07-14 15:55:00,212.19000244140625,212.2100067138672,211.47999572753903,211.5850067138672,822177.0
2026-07-14 15:56:00,211.58999633789065,211.7899932861328,211.58999633789065,211.6999969482422,526129.0
2026-07-14 15:57:00,211.70030212402344,211.9600067138672,211.68499755859372,211.7749938964844,625320.0
2026-07-14 15:58:00,211.779296875,211.8999938964844,211.7050018310547,211.8350067138672,861220.0
2026-07-14 15:59:00,211.8300018310547,211.97000122070312,211.69000244140625,211.8000030517578,1715978.0
2026-07-15 09:30:00,212.00999450683597,212.3999938964844,211.16009521484372,211.75999450683597,8644402.0
2026-07-15 09:31:00,211.72999572753903,212.6699981689453,211.30999755859372,212.5200042724609,694748.0
2026-07-15 09:32:00,212.5850067138672,213.2400054931641,212.3699951171875,213.21499633789065,865726.0
2026-07-15 09:33:00,213.24989318847656,213.2998962402344,212.67999267578125,212.9615936279297,610649.0
2026-07-15 09:34:00,212.94000244140625,213.80999755859372,212.8500061035156,213.3600006103516,704119.0
2026-07-15 09:35:00,213.3500061035156,213.6300048828125,212.4501037597656,212.5399932861328,602686.0
2026-07-15 09:36:00,212.5522003173828,212.7400054931641,212.08999633789065,212.2449951171875,398848.0
2026-07-15 09:37:00,212.25999450683597,212.2698974609375,211.6999969482422,211.97000122070312,468761.0
2026-07-15 09:38:00,211.97000122070312,211.97000122070312,211.4600067138672,211.610107421875,320978.0
2026-07-15 09:39:00,211.66000366210935,212.1999969482422,211.66000366210935,212.07000732421875,373810.0
2026-07-15 09:40:00,212.0749969482422,212.0800018310547,211.3000030517578,211.66000366210935,393898.0
2026-07-15 09:41:00,211.64990234375,212.13009643554688,211.60499572753903,211.69039916992188,361599.0
2026-07-15 09:42:00,211.69500732421875,212.00999450683597,211.6750030517578,211.80599975585935,313297.0
2026-07-15 09:43:00,211.81500244140625,212.4199981689453,211.6999969482422,212.2899932861328,389966.0
2026-07-15 09:44:00,212.27999877929688,212.33999633789065,211.8511962890625,212.0095977783203,287800.0
2026-07-15 09:45:00,211.9949951171875,212.0500030517578,211.8000030517578,211.88499450683597,270311.0
2026-07-15 09:46:00,211.8800048828125,211.92999267578125,211.5500030517578,211.64010620117188,333692.0
2026-07-15 09:47:00,211.6499938964844,211.8600006103516,211.35009765625,211.82000732421875,323619.0
2026-07-15 09:48:00,211.8300018310547,212.00999450683597,211.5,211.72000122070312,361111.0
2026-07-15 09:49:00,211.69000244140625,211.8699951171875,211.25999450683597,211.34039306640625,373855.0
2026-07-15 09:50:00,211.4199981689453,211.4900054931641,211.0200042724609,211.13999938964844,332436.0
2026-07-15 09:51:00,211.21499633789065,211.33999633789065,210.9199981689453,211.00999450683597,303340.0
2026-07-15 09:52:00,211.00999450683597,211.38999938964844,210.9750061035156,211.0200042724609,262315.0
2026-07-15 09:53:00,211.0249938964844,211.0500030517578,210.7100067138672,210.82000732421875,368029.0
2026-07-15 09:54:00,210.8300018310547,211.2700042724609,210.7700958251953,211.06500244140625,292238.0
2026-07-15 09:55:00,211.03500366210935,211.27999877929688,210.9900054931641,211.1999969482422,275905.0
2026-07-15 09:56:00,211.2001037597656,211.3699951171875,210.80999755859372,210.8300018310547,254405.0
2026-07-15 09:57:00,210.8600006103516,211.1999969482422,210.8600006103516,211.09500122070312,209319.0
2026-07-15 09:58:00,211.10989379882807,211.5399932861328,211.05999755859372,211.4687957763672,280191.0
2026-07-15 09:59:00,211.4499969482422,211.9900054931641,211.27999877929688,211.9900054931641,456719.0
2026-07-15 10:00:00,211.97999572753903,212.07989501953125,211.50509643554688,211.5950927734375,377913.0
2026-07-15 10:01:00,211.57000732421875,211.80999755859372,211.41000366210935,211.6100006103516,240871.0
2026-07-15 10:02:00,211.60009765625,211.7400054931641,211.13999938964844,211.22999572753903,294357.0
2026-07-15 10:03:00,211.2447052001953,211.3500061035156,210.91000366210935,211.0500030517578,262910.0
2026-07-15 10:04:00,211.0500030517578,211.05499267578125,210.5800018310547,210.63999938964844,349688.0
2026-07-15 10:05:00,210.6499938964844,210.6649932861328,210.27999877929688,210.51010131835935,425851.0
2026-07-15 10:06:00,210.5399932861328,211.16000366210935,210.5050048828125,211.0200042724609,320951.0
2026-07-15 10:07:00,211.00999450683597,211.14990234375,210.8000030517578,211.1300048828125,268602.0
2026-07-15 10:08:00,211.1486968994141,211.4900054931641,211.04010009765625,211.41000366210935,268354.0
2026-07-15 10:09:00,211.38059997558597,211.55999755859372,211.2100982666016,211.48919677734372,243952.0
2026-07-15 10:10:00,211.5050048828125,211.9698944091797,211.43040466308597,211.8782958984375,336248.0
2026-07-15 10:11:00,211.80999755859372,211.9499969482422,211.47000122070312,211.62210083007807,220091.0
2026-07-15 10:12:00,211.61050415039065,211.8300018310547,211.47000122070312,211.80999755859372,168346.0
2026-07-15 10:13:00,211.8000030517578,211.8000030517578,211.47999572753903,211.55499267578125,144488.0
2026-07-15 10:14:00,211.53500366210935,211.57000732421875,211.28599548339844,211.35499572753903,226834.0
2026-07-15 10:15:00,211.3650054931641,211.6300048828125,211.17999267578125,211.2700042724609,230178.0
2026-07-15 10:16:00,211.2749938964844,211.5399932861328,211.1499938964844,211.47999572753903,230412.0
2026-07-15 10:17:00,211.47999572753903,211.82000732421875,211.44000244140625,211.7899932861328,222005.0
2026-07-15 10:18:00,211.7550048828125,211.97000122070312,211.610107421875,211.6999969482422,268262.0
2026-07-15 10:19:00,211.7050018310547,211.9199066162109,211.5301055908203,211.66000366210935,190478.0
2026-07-15 10:20:00,211.6499938964844,211.6499938964844,211.0200042724609,211.13999938964844,311832.0
2026-07-15 10:21:00,211.1300048828125,211.3361968994141,210.92999267578125,211.08999633789065,248107.0
2026-07-15 10:22:00,211.1000061035156,211.19000244140625,210.72000122070312,210.91000366210935,233042.0
2026-07-15 10:23:00,210.90499877929688,210.9199066162109,210.2700042724609,210.38999938964844,280463.0
2026-07-15 10:24:00,210.40870666503903,210.50999450683597,209.80999755859372,209.9499969482422,613068.0
2026-07-15 10:25:00,209.94000244140625,210.05999755859372,209.3999938964844,209.72999572753903,482099.0
2026-07-15 10:26:00,209.7400054931641,209.77999877929688,209.3600006103516,209.72000122070312,323889.0
2026-07-15 10:27:00,209.72999572753903,210.0,209.58999633789065,209.8800048828125,311377.0
2026-07-15 10:28:00,209.8999938964844,210.16000366210935,209.83999633789065,210.1501007080078,271508.0
2026-07-15 10:29:00,210.16189575195312,210.7700042724609,210.16000366210935,210.67999267578125,344071.0
2026-07-15 10:30:00,210.67999267578125,210.78500366210935,210.3500061035156,210.4900054931641,318124.0
2026-07-15 10:31:00,210.4900054931641,210.67999267578125,209.92999267578125,210.13999938964844,363904.0
2026-07-15 10:32:00,210.1300048828125,210.27999877929688,209.7823028564453,210.16000366210935,260767.0
2026-07-15 10:33:00,210.1499938964844,210.6699981689453,210.1450042724609,210.60499572753903,280818.0
2026-07-15 10:34:00,210.6300048828125,210.82000732421875,210.5200042724609,210.6000061035156,242317.0
2026-07-15 10:35:00,210.6000061035156,210.7100067138672,210.42999267578125,210.58999633789065,255287.0
2026-07-15 10:36:00,210.58999633789065,210.58999633789065,210.16000366210935,210.17779541015625,182727.0
2026-07-15 10:37:00,210.19000244140625,210.4750061035156,210.10040283203125,210.1699981689453,187902.0
2026-07-15 10:38:00,210.1699981689453,210.22999572753903,209.8800048828125,209.92999267578125,284263.0
2026-07-15 10:39:00,209.9250030517578,210.0249938964844,209.6499938964844,209.7449951171875,320934.0
2026-07-15 10:40:00,209.75999450683597,210.1300048828125,209.54449462890625,210.0,317856.0
2026-07-15 10:41:00,210.0,210.22999572753903,209.83009338378903,209.94500732421875,225509.0
2026-07-15 10:42:00,209.93499755859372,209.9600067138672,209.3650054931641,209.5050048828125,279278.0
2026-07-15 10:43:00,209.5,209.7550048828125,209.38009643554688,209.7100067138672,307827.0
2026-07-15 10:44:00,209.7100067138672,210.05999755859372,209.7100067138672,209.9850006103516,257666.0
2026-07-15 10:45:00,209.92999267578125,209.94000244140625,209.57009887695312,209.6300048828125,249519.0
2026-07-15 10:46:00,209.6499938964844,210.02980041503903,209.58999633789065,209.9199981689453,248361.0
2026-07-15 10:47:00,209.9154052734375,210.25,209.8999938964844,210.07000732421875,243357.0
2026-07-15 10:48:00,210.0800018310547,210.3094024658203,209.92999267578125,210.25,212423.0
2026-07-15 10:49:00,210.25,210.67999267578125,210.19500732421875,210.51010131835935,306142.0
2026-07-15 10:50:00,210.5249938964844,210.5800018310547,210.14010620117188,210.1999969482422,201634.0
2026-07-15 10:51:00,210.22000122070312,210.26499938964844,210.0500946044922,210.17999267578125,136500.0
2026-07-15 10:52:00,210.1750030517578,210.63999938964844,210.1199951171875,210.25999450683597,187961.0
2026-07-15 10:53:00,210.2250061035156,210.4250030517578,210.17999267578125,210.3300018310547,136713.0
2026-07-15 10:54:00,210.3300018310547,210.33999633789065,209.83999633789065,210.11990356445312,228232.0
2026-07-15 10:55:00,210.1199951171875,210.4499969482422,209.92999267578125,210.13999938964844,661199.0
2026-07-15 10:56:00,210.1300048828125,210.25999450683597,209.97000122070312,210.17999267578125,104445.0
2026-07-15 10:57:00,210.17999267578125,210.25,209.97000122070312,210.00999450683597,137828.0
2026-07-15 10:58:00,210.0,210.22999572753903,209.8800048828125,210.05999755859372,163485.0
2026-07-15 10:59:00,210.05999755859372,210.21499633789065,210.0200042724609,210.02999877929688,200110.0
2026-07-15 11:00:00,210.03500366210935,210.0399932861328,209.82400512695312,209.91000366210935,204009.0
2026-07-15 11:01:00,209.92999267578125,209.92999267578125,209.69500732421875,209.7602996826172,216275.0
2026-07-15 11:02:00,209.75,209.8498992919922,209.6199951171875,209.72999572753903,159213.0
2026-07-15 11:03:00,209.72999572753903,209.91000366210935,209.6100006103516,209.7400054931641,209641.0
2026-07-15 11:04:00,209.75999450683597,209.75999450683597,209.44720458984372,209.4801025390625,222172.0
2026-07-15 11:05:00,209.5,209.78379821777344,209.41000366210935,209.66839599609372,207539.0
2026-07-15 11:06:00,209.66000366210935,209.75999450683597,209.47999572753903,209.63999938964844,173619.0
2026-07-15 11:07:00,209.65499877929688,209.8300018310547,209.6100006103516,209.8300018310547,676745.0
2026-07-15 11:08:00,209.82000732421875,210.1000061035156,209.7700958251953,210.0800018310547,228262.0
2026-07-15 11:09:00,210.0800018310547,210.2100067138672,209.89019775390625,209.94500732421875,255598.0
2026-07-15 11:10:00,209.95989990234372,209.9600067138672,209.6000061035156,209.6999969482422,183320.0
2026-07-15 11:11:00,209.68499755859372,209.68499755859372,209.3800048828125,209.5449981689453,175528.0
2026-07-15 11:12:00,209.5399932861328,209.63999938964844,209.30999755859372,209.3950042724609,208400.0
2026-07-15 11:13:00,209.3950042724609,209.5500030517578,209.32000732421875,209.3950042724609,197480.0
2026-07-15 11:14:00,209.39990234375,209.41000366210935,209.08999633789065,209.1199951171875,248570.0
2026-07-15 11:15:00,209.11300659179688,209.2050018310547,208.82000732421875,208.9593963623047,454982.0
2026-07-15 11:16:00,208.9199981689453,209.0,208.58999633789065,208.64010620117188,301063.0
2026-07-15 11:17:00,208.6199951171875,208.7350006103516,208.3699951171875,208.67999267578125,388253.0
2026-07-15 11:18:00,208.66000366210935,208.87989807128903,208.5850067138672,208.77999877929688,288500.0
2026-07-15 11:19:00,208.77999877929688,208.91000366210935,208.75,208.8999938964844,224748.0
2026-07-15 11:20:00,208.88999938964844,208.9199981689453,208.6199951171875,208.8800048828125,210174.0
2026-07-15 11:21:00,208.9199981689453,209.0500030517578,208.8300018310547,208.94000244140625,209700.0
2026-07-15 11:22:00,208.94000244140625,208.94500732421875,208.67999267578125,208.69000244140625,145493.0
2026-07-15 11:23:00,208.67999267578125,208.7958068847656,208.5500030517578,208.63999938964844,214431.0
2026-07-15 11:24:00,208.63999938964844,208.94000244140625,208.5641021728516,208.9199981689453,181866.0
2026-07-15 11:25:00,208.9499969482422,209.1405029296875,208.80999755859372,208.8950042724609,207532.0
2026-07-15 11:26:00,208.94000244140625,209.1699981689453,208.83999633789065,208.9499969482422,210803.0
2026-07-15 11:27:00,208.9600067138672,209.1999969482422,208.9550018310547,209.0399932861328,140640.0
2026-07-15 11:28:00,209.07000732421875,209.38999938964844,209.00999450683597,209.31500244140625,167878.0
2026-07-15 11:29:00,209.30130004882807,209.5200042724609,209.2899932861328,209.5,216163.0
2026-07-15 11:30:00,209.5050048828125,209.73779296875,209.4900054931641,209.57989501953125,240294.0
2026-07-15 11:31:00,209.5791015625,209.5998992919922,209.3500061035156,209.4149932861328,180789.0
2026-07-15 11:32:00,209.4069976806641,209.5498962402344,209.3800048828125,209.52999877929688,136280.0
2026-07-15 11:33:00,209.5500030517578,209.63999938964844,209.4501037597656,209.4501037597656,136753.0
2026-07-15 11:34:00,209.4600067138672,209.5399932861328,209.3600006103516,209.4600067138672,160198.0
2026-07-15 11:35:00,209.42999267578125,209.4550018310547,208.9600067138672,209.05999755859372,175055.0
2026-07-15 11:36:00,209.0399932861328,209.3600006103516,209.0399932861328,209.25999450683597,170786.0
2026-07-15 11:37:00,209.2749938964844,209.43040466308597,209.2050018310547,209.2700042724609,120829.0
2026-07-15 11:38:00,209.27420043945312,209.33999633789065,209.1499938964844,209.16079711914065,95722.0
2026-07-15 11:39:00,209.1649932861328,209.3500061035156,209.0800018310547,209.32000732421875,155527.0
2026-07-15 11:40:00,209.3300018310547,209.3300018310547,209.1300048828125,209.1450042724609,126749.0
2026-07-15 11:41:00,209.1300048828125,209.2100067138672,209.0399932861328,209.16000366210935,123196.0
2026-07-15 11:42:00,209.16000366210935,209.30499267578125,209.1100006103516,209.2250061035156,116697.0
2026-07-15 11:43:00,209.22999572753903,209.2400054931641,208.9199981689453,208.92999267578125,130572.0
2026-07-15 11:44:00,208.93499755859372,208.9900054931641,208.7700042724609,208.8995056152344,172274.0
2026-07-15 11:45:00,208.8999938964844,208.8999938964844,208.6000061035156,208.72000122070312,1217852.0
2026-07-15 11:46:00,208.72000122070312,208.85499572753903,208.59500122070312,208.8300018310547,214453.0
2026-07-15 11:47:00,208.8300018310547,208.9199981689453,208.4506072998047,208.5709991455078,294157.0
2026-07-15 11:48:00,208.5449981689453,208.72000122070312,208.5,208.69000244140625,140980.0
2026-07-15 11:49:00,208.69000244140625,208.97999572753903,208.6300048828125,208.9199981689453,219529.0
2026-07-15 11:50:00,208.88999938964844,208.91000366210935,208.4550018310547,208.4900054931641,257247.0
2026-07-15 11:51:00,208.5,208.5800018310547,208.41000366210935,208.47999572753903,154997.0
2026-07-15 11:52:00,208.4900054931641,208.71499633789065,208.47569274902344,208.6300048828125,137682.0
2026-07-15 11:53:00,208.63499450683597,208.75,208.47000122070312,208.6750030517578,140705.0
2026-07-15 11:54:00,208.69000244140625,208.7001037597656,208.375,208.55999755859372,183291.0
2026-07-15 11:55:00,208.57000732421875,208.6100006103516,208.46499633789065,208.6000061035156,176271.0
2026-07-15 11:56:00,208.60009765625,208.72000122070312,208.3699951171875,208.72000122070312,160540.0
2026-07-15 11:57:00,208.72000122070312,208.7400054931641,208.52999877929688,208.5399932861328,167977.0
2026-07-15 11:58:00,208.55499267578125,208.7899932861328,208.47999572753903,208.69000244140625,146165.0
2026-07-15 11:59:00,208.68280029296875,208.70989990234372,208.58999633789065,208.64010620117188,623060.0
2026-07-15 12:00:00,208.6000061035156,208.7700042724609,208.3699951171875,208.42999267578125,196606.0
2026-07-15 12:01:00,208.42999267578125,208.42999267578125,208.1000061035156,208.26010131835935,352302.0
2026-07-15 12:02:00,208.2700042724609,208.30499267578125,208.1300048828125,208.2400054931641,247853.0
2026-07-15 12:03:00,208.2400054931641,208.26499938964844,207.8800048828125,207.94000244140625,443904.0
2026-07-15 12:04:00,207.93499755859372,207.97509765625,207.6300048828125,207.82000732421875,535368.0
2026-07-15 12:05:00,207.80999755859372,207.8800048828125,207.4499969482422,207.4600067138672,344068.0
2026-07-15 12:06:00,207.4600067138672,207.5,207.13009643554688,207.22000122070312,639039.0
2026-07-15 12:07:00,207.22999572753903,207.33999633789065,206.9600067138672,207.03680419921875,506039.0
2026-07-15 12:08:00,207.0249938964844,207.10989379882807,206.91000366210935,207.0800018310547,321966.0
2026-07-15 12:09:00,207.0749969482422,207.42999267578125,207.0749969482422,207.36199951171875,407223.0
2026-07-15 12:10:00,207.3699951171875,207.4900054931641,207.1499938964844,207.44009399414065,379936.0
2026-07-15 12:11:00,207.42999267578125,207.4499969482422,207.1199951171875,207.15499877929688,306959.0
2026-07-15 12:12:00,207.1595001220703,207.3999938964844,207.0399932861328,207.39439392089844,193830.0
2026-07-15 12:13:00,207.3950042724609,207.4199981689453,206.91000366210935,206.91140747070312,276841.0
2026-07-15 12:14:00,206.9499969482422,207.03990173339844,206.83189392089844,206.94200134277344,482268.0
2026-07-15 12:15:00,206.94009399414065,207.18899536132807,206.9149932861328,207.02999877929688,288608.0
2026-07-15 12:16:00,207.0449981689453,207.13999938964844,206.80999755859372,206.96499633789065,282923.0
2026-07-15 12:17:00,206.92999267578125,207.08999633789065,206.8800048828125,207.07009887695312,227807.0
2026-07-15 12:18:00,207.0800018310547,207.2698974609375,206.9199981689453,207.1999969482422,256715.0
2026-07-15 12:19:00,207.19000244140625,207.2899932861328,206.8999938964844,206.96499633789065,271026.0
2026-07-15 12:20:00,206.97000122070312,207.02999877929688,206.7700042724609,206.80999755859372,247680.0
2026-07-15 12:21:00,206.82000732421875,206.88999938964844,206.67999267578125,206.72000122070312,176198.0
2026-07-15 12:22:00,206.716796875,206.92559814453125,206.69009399414065,206.83999633789065,177107.0
2026-07-15 12:23:00,206.8354949951172,207.0399932861328,206.7301025390625,206.91000366210935,188139.0
2026-07-15 12:24:00,206.8999938964844,206.8999938964844,206.5200042724609,206.6199951171875,273891.0
2026-07-15 12:25:00,206.6300048828125,206.9199981689453,206.59500122070312,206.74609375,242935.0
2026-07-15 12:26:00,206.7350006103516,206.7899932861328,206.6000061035156,206.7100067138672,118520.0
2026-07-15 12:27:00,206.72999572753903,206.8699951171875,206.6499938964844,206.7599029541016,164385.0
2026-07-15 12:28:00,206.75,206.9199981689453,206.72000122070312,206.7749938964844,160677.0
2026-07-15 12:29:00,206.7689971923828,207.0,206.7689971923828,206.8600006103516,139891.0
2026-07-15 12:30:00,206.85499572753903,207.1000061035156,206.84019470214844,206.88999938964844,357971.0
2026-07-15 12:31:00,206.8999938964844,206.91000366210935,206.5800018310547,206.7579040527344,311619.0
2026-07-15 12:32:00,206.7700042724609,206.8600006103516,206.6300048828125,206.7100067138672,254660.0
2026-07-15 12:33:00,206.6999969482422,206.75,206.4600067138672,206.5800018310547,365497.0
2026-07-15 12:34:00,206.5500030517578,206.6499938964844,206.22000122070312,206.3540954589844,365856.0
2026-07-15 12:35:00,206.3800048828125,206.47000122070312,206.1300048828125,206.44500732421875,295469.0
2026-07-15 12:36:00,206.41000366210935,206.47999572753903,206.22999572753903,206.25999450683597,228878.0
2026-07-15 12:37:00,206.2949981689453,206.4398956298828,206.27099609375,206.3300018310547,163914.0
2026-07-15 12:38:00,206.3350067138672,206.4900054931641,206.25,206.28500366210935,216020.0
2026-07-15 12:39:00,206.27999877929688,206.4499969482422,206.26499938964844,206.3699951171875,154716.0
2026-07-15 12:40:00,206.375,206.42999267578125,206.1499938964844,206.18499755859372,187745.0
2026-07-15 12:41:00,206.19000244140625,206.52999877929688,206.0399932861328,206.2799072265625,324765.0
2026-07-15 12:42:00,206.26499938964844,206.4199981689453,206.1999969482422,206.32000732421875,176403.0
2026-07-15 12:43:00,206.32000732421875,206.57000732421875,206.26499938964844,206.52999877929688,249874.0
2026-07-15 12:44:00,206.5200042724609,206.68499755859372,206.47999572753903,206.6699981689453,270755.0
2026-07-15 12:45:00,206.67739868164065,206.71499633789065,206.5,206.5500030517578,280852.0
2026-07-15 12:46:00,206.5399932861328,207.77999877929688,206.52999877929688,207.2100067138672,528861.0
2026-07-15 12:47:00,207.10499572753903,207.1999969482422,206.9250030517578,206.97999572753903,338664.0
2026-07-15 12:48:00,206.9850006103516,207.25,206.91000366210935,206.9600067138672,242105.0
2026-07-15 12:49:00,206.96499633789065,207.18930053710935,206.96499633789065,207.06500244140625,229875.0
2026-07-15 12:50:00,207.05999755859372,207.1831970214844,207.0200042724609,207.1000061035156,198448.0
2026-07-15 12:51:00,207.0901031494141,207.30999755859372,207.0901031494141,207.22999572753903,212264.0
2026-07-15 12:52:00,207.22999572753903,207.52999877929688,207.13009643554688,207.47999572753903,165451.0
2026-07-15 12:53:00,207.47000122070312,207.6000061035156,207.3999938964844,207.5399932861328,217623.0
2026-07-15 12:54:00,207.5399932861328,207.63999938964844,207.29449462890625,207.42010498046875,248248.0
2026-07-15 12:55:00,207.42990112304688,207.5,207.1499938964844,207.1699981689453,199694.0
2026-07-15 12:56:00,207.19970703125,207.21499633789065,206.8600006103516,206.9125061035156,198840.0
2026-07-15 12:57:00,206.8999938964844,207.21409606933597,206.7700042724609,207.08999633789065,186656.0
2026-07-15 12:58:00,207.10989379882807,207.25999450683597,207.0500030517578,207.16000366210935,171872.0
2026-07-15 12:59:00,207.17999267578125,207.32000732421875,207.17999267578125,207.27999877929688,134263.0
2026-07-15 13:00:00,207.3000030517578,207.44000244140625,207.19000244140625,207.3999938964844,119554.0
2026-07-15 13:01:00,207.3800048828125,207.5399932861328,207.3699951171875,207.50999450683597,145774.0
2026-07-15 13:02:00,207.5200042724609,207.73989868164065,207.50999450683597,207.6150054931641,202240.0
2026-07-15 13:03:00,207.6100006103516,207.80999755859372,207.5500030517578,207.75,160816.0
2026-07-15 13:04:00,207.7400054931641,207.88999938964844,207.69000244140625,207.7100067138672,250296.0
2026-07-15 13:05:00,207.72000122070312,207.82989501953125,207.6499938964844,207.6499938964844,190728.0
2026-07-15 13:06:00,207.6699066162109,208.02999877929688,207.6499938964844,208.02999877929688,244021.0
2026-07-15 13:07:00,208.0200042724609,208.25,207.97000122070312,208.2100067138672,233484.0
2026-07-15 13:08:00,208.2100067138672,208.36990356445312,208.2100067138672,208.2550048828125,310514.0
2026-07-15 13:09:00,208.2400054931641,208.3000030517578,208.19000244140625,208.22999572753903,187844.0
2026-07-15 13:10:00,208.22999572753903,208.28900146484372,208.07000732421875,208.2749938964844,252628.0
2026-07-15 13:11:00,208.2899932861328,208.2899932861328,208.02999877929688,208.0399932861328,163388.0
2026-07-15 13:12:00,208.0399932861328,208.25,208.03599548339844,208.2250061035156,204126.0
2026-07-15 13:13:00,208.21499633789065,208.30999755859372,208.11929321289065,208.16000366210935,178561.0
2026-07-15 13:14:00,208.13999938964844,208.1450042724609,207.8999938964844,207.9499969482422,185249.0
2026-07-15 13:15:00,207.9600067138672,208.2100067138672,207.9199981689453,208.19500732421875,166891.0
2026-07-15 13:16:00,208.19000244140625,208.2449951171875,208.1300048828125,208.19000244140625,139524.0
2026-07-15 13:17:00,208.1999053955078,208.6100006103516,208.19659423828125,208.58999633789065,279879.0
2026-07-15 13:18:00,208.58999633789065,208.8800048828125,208.5399932861328,208.7700042724609,327783.0
2026-07-15 13:19:00,208.7749938964844,208.9900054931641,208.7700042724609,208.97000122070312,227873.0
2026-07-15 13:20:00,208.9550018310547,209.10989379882807,208.8999938964844,208.8999938964844,280603.0
2026-07-15 13:21:00,208.8999938964844,208.9550018310547,208.6699981689453,208.7350006103516,233870.0
2026-07-15 13:22:00,208.69000244140625,208.8999938964844,208.6750030517578,208.84500122070312,133572.0
2026-07-15 13:23:00,208.8350067138672,209.0200042724609,208.8300018310547,208.9199981689453,145677.0
2026-07-15 13:24:00,208.91000366210935,209.07000732421875,208.9001007080078,209.0,117993.0
2026-07-15 13:25:00,209.0,209.0998992919922,208.9203948974609,208.97999572753903,170179.0
2026-07-15 13:26:00,208.96499633789065,209.00999450683597,208.88999938964844,208.97000122070312,137078.0
2026-07-15 13:27:00,208.9600067138672,209.0800018310547,208.88999938964844,208.96499633789065,142270.0
2026-07-15 13:28:00,208.96499633789065,208.9792022705078,208.67999267578125,208.7949981689453,191671.0
2026-07-15 13:29:00,208.80999755859372,209.0800018310547,208.8000030517578,209.02999877929688,188169.0
2026-07-15 13:30:00,209.02999877929688,209.25,209.02999877929688,209.13999938964844,259730.0
2026-07-15 13:31:00,209.16000366210935,209.17999267578125,209.02200317382807,209.17999267578125,169595.0
2026-07-15 13:32:00,209.16929626464844,209.38999938964844,209.16929626464844,209.32009887695312,228320.0
2026-07-15 13:33:00,209.3600006103516,209.40989685058597,209.2301025390625,209.2550048828125,160120.0
2026-07-15 13:34:00,209.2749938964844,209.3699951171875,209.1699981689453,209.2200927734375,160507.0
2026-07-15 13:35:00,209.22509765625,209.22999572753903,209.08999633789065,209.1100006103516,122139.0
2026-07-15 13:36:00,209.10499572753903,209.2400054931641,209.0200042724609,209.2100067138672,131691.0
2026-07-15 13:37:00,209.1999969482422,209.33999633789065,209.19000244140625,209.28500366210935,114254.0
2026-07-15 13:38:00,209.28500366210935,209.3000030517578,209.1100006103516,209.1499938964844,131945.0
2026-07-15 13:39:00,209.13999938964844,209.2400054931641,209.1300048828125,209.13999938964844,100991.0
2026-07-15 13:40:00,209.13999938964844,209.25,209.05999755859372,209.07000732421875,143406.0
2026-07-15 13:41:00,209.05999755859372,209.14990234375,208.9600067138672,209.02999877929688,166219.0
2026-07-15 13:42:00,209.0500030517578,209.05499267578125,208.8600006103516,208.8699951171875,110115.0
2026-07-15 13:43:00,208.88009643554688,209.22999572753903,208.88009643554688,209.17999267578125,151716.0
2026-07-15 13:44:00,209.1699981689453,209.19000244140625,209.07000732421875,209.1199951171875,86480.0
2026-07-15 13:45:00,209.12989807128903,209.13999938964844,209.0500946044922,209.1300048828125,73752.0
2026-07-15 13:46:00,209.13499450683597,209.30999755859372,209.0901031494141,209.2400054931641,149907.0
2026-07-15 13:47:00,209.2100067138672,209.3500061035156,209.2100067138672,209.2700958251953,121334.0
2026-07-15 13:48:00,209.28500366210935,209.4499969482422,209.2700958251953,209.35499572753903,146540.0
2026-07-15 13:49:00,209.3527069091797,209.5800018310547,209.32000732421875,209.5500030517578,347710.0
2026-07-15 13:50:00,209.55999755859372,209.5800018310547,209.41000366210935,209.5399932861328,124554.0
2026-07-15 13:51:00,209.5399932861328,209.6699981689453,209.44000244140625,209.57009887695312,190061.0
2026-07-15 13:52:00,209.5800018310547,209.7899932861328,209.55999755859372,209.72000122070312,166613.0
2026-07-15 13:53:00,209.69000244140625,209.72999572753903,209.5399932861328,209.60499572753903,137472.0
2026-07-15 13:54:00,209.60499572753903,209.7400054931641,209.4600067138672,209.6699981689453,143371.0
2026-07-15 13:55:00,209.7010955810547,209.747802734375,209.6519927978516,209.69500732421875,112326.0
2026-07-15 13:56:00,209.67999267578125,209.7299041748047,209.6000061035156,209.6649932861328,133981.0
2026-07-15 13:57:00,209.6649932861328,209.67990112304688,209.57000732421875,209.6501007080078,134231.0
2026-07-15 13:58:00,209.6499938964844,209.80499267578125,209.625,209.72999572753903,855389.0
2026-07-15 13:59:00,209.72999572753903,209.75999450683597,209.5500030517578,209.63999938964844,164312.0
2026-07-15 14:00:00,209.6199951171875,209.8699951171875,209.5800018310547,209.8600006103516,197600.0
2026-07-15 14:01:00,209.8600006103516,210.1300048828125,209.83999633789065,210.1199951171875,367269.0
2026-07-15 14:02:00,210.1199951171875,210.25,210.0901031494141,210.25,216056.0
2026-07-15 14:03:00,210.25999450683597,211.0,210.24989318847656,210.4199981689453,335604.0
2026-07-15 14:04:00,210.4199981689453,210.4900054931641,210.3000030517578,210.360107421875,238993.0
2026-07-15 14:05:00,210.3600006103516,210.38999938964844,210.1000061035156,210.2100067138672,255416.0
2026-07-15 14:06:00,210.2100067138672,210.3500061035156,210.19500732421875,210.30499267578125,180212.0
2026-07-15 14:07:00,210.2899932861328,210.33999633789065,210.1999969482422,210.2700042724609,118531.0
2026-07-15 14:08:00,210.2749938964844,210.33999633789065,210.1499938964844,210.28990173339844,99621.0
2026-07-15 14:09:00,210.2700042724609,210.3300018310547,210.22999572753903,210.30499267578125,105249.0
2026-07-15 14:10:00,210.2899932861328,210.33999633789065,210.25,210.32989501953125,96156.0
2026-07-15 14:11:00,210.33999633789065,210.4698944091797,210.3000030517578,210.38499450683597,132559.0
2026-07-15 14:12:00,210.38999938964844,210.4199981689453,210.2100067138672,210.25,156406.0
2026-07-15 14:13:00,210.2449951171875,210.4900054931641,210.1999969482422,210.4501037597656,171980.0
2026-07-15 14:14:00,210.4600067138672,210.5200042724609,210.3699951171875,210.3699951171875,130878.0
2026-07-15 14:15:00,210.38499450683597,210.38499450683597,210.16000366210935,210.1999969482422,157539.0
2026-07-15 14:16:00,210.19500732421875,210.26499938964844,209.9199981689453,209.9499969482422,150781.0
2026-07-15 14:17:00,209.9550018310547,210.13499450683597,209.95030212402344,210.125,115458.0
2026-07-15 14:18:00,210.1280975341797,210.13999938964844,209.94000244140625,210.1000061035156,94261.0
2026-07-15 14:19:00,210.1300048828125,210.2559967041016,210.08999633789065,210.1300048828125,127268.0
2026-07-15 14:20:00,210.1000061035156,210.21499633789065,210.02999877929688,210.16000366210935,88318.0
2026-07-15 14:21:00,210.13999938964844,210.3769989013672,210.1199951171875,210.3699951171875,123425.0
2026-07-15 14:22:00,210.375,210.5,210.3600006103516,210.4001007080078,183606.0
2026-07-15 14:23:00,210.4199981689453,210.6499938964844,210.40069580078125,210.58999633789065,219165.0
2026-07-15 14:24:00,210.6000061035156,210.6499938964844,210.52999877929688,210.53500366210935,189604.0
2026-07-15 14:25:00,210.5498962402344,210.5749969482422,210.3699951171875,210.4550018310547,120836.0
2026-07-15 14:26:00,210.4600067138672,210.639892578125,210.4499969482422,210.6100006103516,106472.0
2026-07-15 14:27:00,210.6100006103516,210.69000244140625,210.5800018310547,210.6699981689453,143956.0
2026-07-15 14:28:00,210.67010498046875,210.75,210.63999938964844,210.66009521484372,103172.0
2026-07-15 14:29:00,210.6699981689453,210.6699981689453,210.4199981689453,210.47000122070312,147213.0
2026-07-15 14:30:00,210.4900054931641,210.55999755859372,210.43499755859372,210.4600067138672,99675.0
2026-07-15 14:31:00,210.46099853515625,210.5850067138672,210.42999267578125,210.5749969482422,138381.0
2026-07-15 14:32:00,210.58990478515625,210.6300048828125,210.43499755859372,210.5399932861328,103622.0
2026-07-15 14:33:00,210.5399932861328,210.55999755859372,210.46499633789065,210.5200042724609,91201.0
2026-07-15 14:34:00,210.5249938964844,210.6100006103516,210.5,210.5399932861328,103086.0
2026-07-15 14:35:00,210.52999877929688,210.5699005126953,210.47000122070312,210.5399932861328,94368.0
2026-07-15 14:36:00,210.5500030517578,210.57000732421875,210.2100067138672,210.3950042724609,181414.0
2026-07-15 14:37:00,210.38999938964844,210.52810668945312,210.3101043701172,210.5,137055.0
2026-07-15 14:38:00,210.5,210.5399932861328,210.3000030517578,210.3300018310547,88450.0
2026-07-15 14:39:00,210.3101043701172,210.4199981689453,210.2899932861328,210.3000030517578,76342.0
2026-07-15 14:40:00,210.2899932861328,210.47000122070312,210.22999572753903,210.4098052978516,159598.0
2026-07-15 14:41:00,210.3999938964844,210.5,210.3800048828125,210.47999572753903,135917.0
2026-07-15 14:42:00,210.5,210.7198944091797,210.4199981689453,210.46499633789065,242065.0
2026-07-15 14:43:00,210.4600067138672,210.4600067138672,210.25,210.35499572753903,170163.0
2026-07-15 14:44:00,210.3600006103516,210.5,210.25999450683597,210.3800048828125,167314.0
2026-07-15 14:45:00,210.3800048828125,210.4550018310547,210.25,210.4199981689453,133451.0
2026-07-15 14:46:00,210.44000244140625,210.63999938964844,210.3500061035156,210.44500732421875,247344.0
2026-07-15 14:47:00,210.4600067138672,210.66000366210935,210.3800048828125,210.5399932861328,122343.0
2026-07-15 14:48:00,210.53500366210935,210.57000732421875,210.47000122070312,210.5301055908203,84249.0
2026-07-15 14:49:00,210.5449981689453,210.61160278320312,210.4850006103516,210.4850006103516,107254.0
2026-07-15 14:50:00,210.47000122070312,210.48989868164065,210.3202972412109,210.4750061035156,119169.0
2026-07-15 14:51:00,210.47000122070312,210.4949951171875,209.9850006103516,210.0399932861328,273591.0
2026-07-15 14:52:00,210.07000732421875,210.1699981689453,210.0399932861328,210.09500122070312,154566.0
2026-07-15 14:53:00,210.1100006103516,210.1499938964844,209.8500061035156,210.06820678710935,187519.0
2026-07-15 14:54:00,210.0800018310547,210.1300048828125,210.0,210.12399291992188,125017.0
2026-07-15 14:55:00,210.1100006103516,210.2700042724609,210.08999633789065,210.2400054931641,148872.0
2026-07-15 14:56:00,210.25,210.25,210.07000732421875,210.07009887695312,231466.0
2026-07-15 14:57:00,210.08999633789065,210.389892578125,210.07000732421875,210.3800048828125,124211.0
2026-07-15 14:58:00,210.3800048828125,210.5800018310547,210.2899932861328,210.36090087890625,215540.0
2026-07-15 14:59:00,210.3500061035156,210.3500061035156,210.21499633789065,210.2700042724609,158800.0
2026-07-15 15:00:00,210.27999877929688,210.3800048828125,210.19000244140625,210.3600006103516,115391.0
2026-07-15 15:01:00,210.33999633789065,210.63999938964844,210.3000030517578,210.62620544433597,183505.0
2026-07-15 15:02:00,210.6300048828125,211.1699981689453,210.6199951171875,211.16900634765625,400066.0
2026-07-15 15:03:00,211.1699981689453,211.25,211.08999633789065,211.1699981689453,240296.0
2026-07-15 15:04:00,211.15499877929688,211.4900054931641,211.1499938964844,211.38079833984372,318935.0
2026-07-15 15:05:00,211.38999938964844,211.5399932861328,211.3249969482422,211.4900054931641,319304.0
2026-07-15 15:06:00,211.50999450683597,211.92999267578125,211.4750061035156,211.88999938964844,384259.0
2026-07-15 15:07:00,211.8600006103516,212.00999450683597,211.67999267578125,211.72000122070312,438989.0
2026-07-15 15:08:00,211.72000122070312,211.77999877929688,211.34500122070312,211.4900054931641,298572.0
2026-07-15 15:09:00,211.5,211.63999938964844,211.48089599609372,211.6300048828125,227460.0
2026-07-15 15:10:00,211.6100006103516,211.88999938964844,211.53860473632807,211.75999450683597,313329.0
2026-07-15 15:11:00,211.7700042724609,211.7899932861328,211.47000122070312,211.47650146484372,275193.0
2026-07-15 15:12:00,211.4750061035156,211.6999969482422,211.44000244140625,211.6100006103516,286959.0
2026-07-15 15:13:00,211.6100006103516,211.6699981689453,211.30999755859372,211.5500030517578,272913.0
2026-07-15 15:14:00,211.55999755859372,211.67999267578125,211.51649475097656,211.6450042724609,170584.0
2026-07-15 15:15:00,211.63999938964844,211.7400054931641,211.49009704589844,211.6150054931641,245234.0
2026-07-15 15:16:00,211.6150054931641,211.69000244140625,211.53109741210935,211.625,170359.0
2026-07-15 15:17:00,211.65499877929688,211.7100067138672,211.38999938964844,211.42999267578125,243304.0
2026-07-15 15:18:00,211.4199981689453,211.42999267578125,211.27999877929688,211.3500061035156,210077.0
2026-07-15 15:19:00,211.3500061035156,211.4149932861328,210.92999267578125,210.92999267578125,262602.0
2026-07-15 15:20:00,210.9199981689453,210.92999267578125,210.6300048828125,210.76499938964844,271402.0
2026-07-15 15:21:00,210.7610015869141,210.82000732421875,210.6499938964844,210.7550048828125,161811.0
2026-07-15 15:22:00,210.7400054931641,210.7400054931641,210.41000366210935,210.4801025390625,226926.0
2026-07-15 15:23:00,210.4900054931641,210.67999267578125,210.4600067138672,210.6649932861328,206928.0
2026-07-15 15:24:00,210.69000244140625,210.77999877929688,210.6000061035156,210.66000366210935,151524.0
2026-07-15 15:25:00,210.6499938964844,210.6728057861328,210.50120544433597,210.5800018310547,111600.0
2026-07-15 15:26:00,210.56500244140625,210.8500061035156,210.5312042236328,210.7899932861328,159674.0
2026-07-15 15:27:00,210.7899932861328,211.0,210.7700042724609,210.8500061035156,196372.0
2026-07-15 15:28:00,210.83999633789065,211.0500030517578,210.8000030517578,211.03509521484372,153877.0
2026-07-15 15:29:00,211.0500030517578,211.0780029296875,210.8300018310547,210.968505859375,183963.0
2026-07-15 15:30:00,211.0,211.3699951171875,210.94500732421875,211.31500244140625,274357.0
2026-07-15 15:31:00,211.3000030517578,211.42999267578125,211.1300048828125,211.2700042724609,213521.0
2026-07-15 15:32:00,211.2749938964844,211.35989379882807,210.91380310058597,210.9499053955078,211039.0
2026-07-15 15:33:00,210.94000244140625,211.2100067138672,210.92999267578125,211.0500946044922,188821.0
2026-07-15 15:34:00,211.07000732421875,211.1100006103516,210.91000366210935,211.0500030517578,139407.0
2026-07-15 15:35:00,211.0500030517578,211.2100067138672,210.91000366210935,211.1508026123047,219694.0
2026-07-15 15:36:00,211.13999938964844,211.2899932861328,211.1100006103516,211.22999572753903,135398.0
2026-07-15 15:37:00,211.2400054931641,211.2899932861328,211.17010498046875,211.2899932861328,89548.0
2026-07-15 15:38:00,211.3000030517578,211.49940490722656,211.27999877929688,211.38999938964844,172908.0
2026-07-15 15:39:00,211.39990234375,211.47999572753903,211.3699951171875,211.47000122070312,139035.0
2026-07-15 15:40:00,211.4600067138672,211.5850067138672,211.3999938964844,211.56500244140625,204957.0
2026-07-15 15:41:00,211.56500244140625,211.72999572753903,211.5399932861328,211.65040588378903,237638.0
2026-07-15 15:42:00,211.65499877929688,211.6999969482422,211.50010681152344,211.6699981689453,189439.0
2026-07-15 15:43:00,211.6699981689453,211.8500061035156,211.5901031494141,211.78500366210935,467071.0
2026-07-15 15:44:00,211.7700042724609,211.8500061035156,211.63999938964844,211.72000122070312,167712.0
2026-07-15 15:45:00,211.6999969482422,211.7400054931641,211.5399932861328,211.5749969482422,251611.0
2026-07-15 15:46:00,211.57000732421875,211.60499572753903,211.3699951171875,211.4600067138672,188448.0
2026-07-15 15:47:00,211.4499969482422,211.5200042724609,211.41000366210935,211.44500732421875,135190.0
2026-07-15 15:48:00,211.44500732421875,211.47999572753903,211.25999450683597,211.28990173339844,542406.0
2026-07-15 15:49:00,211.27999877929688,211.45379638671875,211.26010131835935,211.3800048828125,164382.0
2026-07-15 15:50:00,211.38999938964844,212.1699981689453,211.38999938964844,211.66000366210935,738718.0
2026-07-15 15:51:00,211.69000244140625,212.08990478515625,211.5800018310547,212.0305938720703,783969.0
2026-07-15 15:52:00,212.02999877929688,212.1100006103516,211.9499969482422,212.1000061035156,450021.0
2026-07-15 15:53:00,212.08999633789065,212.1199951171875,211.75999450683597,211.85499572753903,329364.0
2026-07-15 15:54:00,211.85499572753903,212.0,211.6100006103516,211.94000244140625,468423.0
2026-07-15 15:55:00,211.97999572753903,212.56930541992188,211.9750061035156,212.47000122070312,912411.0
2026-07-15 15:56:00,212.46499633789065,212.5249938964844,212.375,212.4949951171875,712704.0
2026-07-15 15:57:00,212.4900054931641,212.55999755859372,212.4199981689453,212.5200958251953,533579.0
2026-07-15 15:58:00,212.5200042724609,212.5399932861328,212.3999938964844,212.3999938964844,667911.0
2026-07-15 15:59:00,212.41000366210935,212.5,212.3699951171875,212.4900054931641,1658003.0
2026-07-16 09:30:00,210.26499938964844,210.72999572753903,209.50999450683597,210.34750366210935,4810574.0
2026-07-16 09:31:00,210.31500244140625,210.97999572753903,209.88999938964844,210.66000366210935,544167.0
2026-07-16 09:32:00,210.6100006103516,211.0800018310547,210.3650054931641,210.7859039306641,447059.0
2026-07-16 09:33:00,210.75,210.7899932861328,209.75999450683597,209.8500061035156,448649.0
2026-07-16 09:34:00,209.8000030517578,210.2100067138672,209.3500061035156,209.3999938964844,421758.0
2026-07-16 09:35:00,209.4199981689453,209.5500030517578,208.5,208.6204071044922,514236.0
2026-07-16 09:36:00,208.65989685058597,208.95989990234372,208.3800048828125,208.59500122070312,417214.0
2026-07-16 09:37:00,208.6100006103516,208.97999572753903,208.44000244140625,208.7100067138672,312775.0
2026-07-16 09:38:00,208.6750030517578,208.80999755859372,208.22000122070312,208.41949462890625,400298.0
2026-07-16 09:39:00,208.32000732421875,208.82000732421875,208.30999755859372,208.4781036376953,241650.0
2026-07-16 09:40:00,208.47999572753903,209.277099609375,208.3699951171875,209.2165985107422,386122.0
2026-07-16 09:41:00,209.21499633789065,209.22000122070312,208.19000244140625,208.2550048828125,356581.0
2026-07-16 09:42:00,208.22999572753903,208.3800048828125,208.00999450683597,208.33999633789065,629523.0
2026-07-16 09:43:00,208.3350067138672,208.3699951171875,208.00999450683597,208.1499938964844,302975.0
2026-07-16 09:44:00,208.1199951171875,208.3300018310547,207.4750061035156,207.78500366210935,836772.0
2026-07-16 09:45:00,207.5399932861328,207.5399932861328,207.5399932861328,207.5399932861328,449710.0
2026-07-16 09:46:00,207.5,207.6000061035156,207.17999267578125,207.58999633789065,414560.0
2026-07-16 09:47:00,207.5850067138672,207.69000244140625,207.3999938964844,207.6092987060547,377507.0
2026-07-16 09:48:00,207.6300048828125,207.8000030517578,207.3999938964844,207.50999450683597,278372.0
2026-07-16 09:49:00,207.52340698242188,207.5500030517578,207.30039978027344,207.3500061035156,270192.0
2026-07-16 09:50:00,207.3361053466797,207.94000244140625,207.19000244140625,207.6519927978516,443723.0
2026-07-16 09:51:00,207.66000366210935,207.97999572753903,207.66000366210935,207.82000732421875,253071.0
2026-07-16 09:52:00,207.8350067138672,208.3999938964844,207.82000732421875,208.19000244140625,415938.0
2026-07-16 09:53:00,208.1835021972656,208.2700042724609,207.6511993408203,207.9750061035156,309159.0
2026-07-16 09:54:00,207.97999572753903,208.4600067138672,207.78500366210935,207.82000732421875,332879.0
2026-07-16 09:55:00,207.83999633789065,208.1100006103516,207.6100006103516,208.07000732421875,327644.0
2026-07-16 09:56:00,208.0500030517578,208.22999572753903,207.9199981689453,208.21800231933597,215230.0
2026-07-16 09:57:00,208.22000122070312,208.42999267578125,207.41000366210935,207.4750061035156,436351.0
2026-07-16 09:58:00,207.4636993408203,207.8697052001953,207.4199981689453,207.5800018310547,240859.0
2026-07-16 09:59:00,207.6199951171875,207.6699981689453,207.38999938964844,207.5,435713.0
2026-07-16 10:00:00,207.47999572753903,207.78509521484372,207.2899932861328,207.66000366210935,317849.0
2026-07-16 10:01:00,207.63009643554688,207.81350708007807,207.32000732421875,207.5500030517578,293802.0
2026-07-16 10:02:00,207.5200042724609,207.9340057373047,207.51150512695312,207.7899932861328,255034.0
2026-07-16 10:03:00,207.7700042724609,207.8699951171875,207.6000061035156,207.69000244140625,227488.0
2026-07-16 10:04:00,207.67999267578125,207.92999267578125,207.57000732421875,207.64990234375,205057.0
2026-07-16 10:05:00,207.65499877929688,207.83999633789065,207.52999877929688,207.6699981689453,250809.0
2026-07-16 10:06:00,207.69000244140625,208.0800018310547,207.66000366210935,208.0399932861328,378878.0
2026-07-16 10:07:00,208.03500366210935,208.2400054931641,207.7100067138672,208.17999267578125,345913.0
2026-07-16 10:08:00,208.17999267578125,208.5,208.110107421875,208.35499572753903,323498.0
2026-07-16 10:09:00,208.35690307617188,208.52999877929688,208.0399932861328,208.3600006103516,314596.0
2026-07-16 10:10:00,208.3600006103516,208.4250030517578,208.15499877929688,208.2100067138672,278083.0
2026-07-16 10:11:00,208.2250061035156,208.3500061035156,208.0200042724609,208.0850067138672,253798.0
2026-07-16 10:12:00,208.08999633789065,208.41000366210935,207.8800048828125,208.2899932861328,341946.0
2026-07-16 10:13:00,208.30810546875,208.54800415039065,208.2899932861328,208.4499969482422,209586.0
2026-07-16 10:14:00,208.4499053955078,208.6499938964844,208.2301025390625,208.58999633789065,248544.0
2026-07-16 10:15:00,208.5850067138672,209.0399932861328,208.55999755859372,208.88999938964844,422373.0
2026-07-16 10:16:00,208.88999938964844,209.2700042724609,208.7301025390625,209.1999969482422,584981.0
2026-07-16 10:17:00,209.19500732421875,209.2012939453125,208.96499633789065,209.0,218398.0
2026-07-16 10:18:00,209.00050354003903,209.1000061035156,208.50999450683597,208.5399932861328,236122.0
2026-07-16 10:19:00,208.5399932861328,208.8699951171875,208.41000366210935,208.75999450683597,209259.0
2026-07-16 10:20:00,208.7550048828125,208.88330078125,208.2700042724609,208.4250030517578,305537.0
2026-07-16 10:21:00,208.40499877929688,208.4600067138672,208.1300048828125,208.13999938964844,185614.0
2026-07-16 10:22:00,208.13999938964844,208.32000732421875,207.9138946533203,208.29510498046875,277500.0
2026-07-16 10:23:00,208.30999755859372,208.55999755859372,208.2700042724609,208.4199981689453,223518.0
2026-07-16 10:24:00,208.44000244140625,208.75999450683597,208.3300018310547,208.3303985595703,186892.0
2026-07-16 10:25:00,208.3347930908203,208.44000244140625,208.0,208.44000244140625,277104.0
2026-07-16 10:26:00,208.4199981689453,208.5498046875,208.16000366210935,208.49899291992188,172637.0
2026-07-16 10:27:00,208.4900054931641,208.92999267578125,208.4149932861328,208.78179931640625,232822.0
2026-07-16 10:28:00,208.8000030517578,208.8500061035156,208.6436004638672,208.72509765625,399457.0
2026-07-16 10:29:00,208.75,208.97999572753903,208.72999572753903,208.9698944091797,172109.0
2026-07-16 10:30:00,208.9499969482422,208.97999572753903,208.7100067138672,208.75999450683597,197367.0
2026-07-16 10:31:00,208.73849487304688,208.8414001464844,208.35009765625,208.52999877929688,230159.0
2026-07-16 10:32:00,208.5500030517578,208.88999938964844,208.47000122070312,208.8800048828125,146736.0
2026-07-16 10:33:00,208.86849975585935,208.8999938964844,208.76010131835935,208.8874053955078,143372.0
2026-07-16 10:34:00,208.8600006103516,208.9900054931641,208.7400054931641,208.81500244140625,168880.0
2026-07-16 10:35:00,208.7749938964844,209.00999450683597,208.72000122070312,208.9850006103516,171506.0
2026-07-16 10:36:00,208.9846954345703,209.02999877929688,208.7200927734375,208.7949981689453,158337.0
2026-07-16 10:37:00,208.76499938964844,209.1499938964844,208.72000122070312,208.9900054931641,160162.0
2026-07-16 10:38:00,208.9850006103516,209.11990356445312,208.63999938964844,208.6750030517578,170297.0
2026-07-16 10:39:00,208.63999938964844,208.63999938964844,208.22000122070312,208.2899932861328,186051.0
2026-07-16 10:40:00,208.27020263671875,208.3600006103516,207.9499969482422,208.05499267578125,256808.0
2026-07-16 10:41:00,208.0200042724609,208.25,207.6999969482422,207.8500061035156,328515.0
2026-07-16 10:42:00,207.8625030517578,207.9600067138672,207.69000244140625,207.8249969482422,317315.0
2026-07-16 10:43:00,207.8260040283203,207.889892578125,207.66000366210935,207.6750030517578,149721.0
2026-07-16 10:44:00,207.6862030029297,207.8800048828125,207.6300048828125,207.84500122070312,179302.0
2026-07-16 10:45:00,207.83999633789065,207.97000122070312,207.75,207.78500366210935,207945.0
2026-07-16 10:46:00,207.77999877929688,207.97999572753903,207.7100067138672,207.82000732421875,180395.0
2026-07-16 10:47:00,207.80999755859372,208.00999450683597,207.5800018310547,207.6100006103516,238094.0
2026-07-16 10:48:00,207.6100006103516,207.72000122070312,207.5500030517578,207.6499938964844,188742.0
2026-07-16 10:49:00,207.65499877929688,207.72999572753903,207.5200042724609,207.5500946044922,123613.0
2026-07-16 10:50:00,207.55999755859372,207.6300048828125,206.8289031982422,206.9499969482422,1156232.0
2026-07-16 10:51:00,206.93499755859372,207.2550048828125,206.8500061035156,207.17999267578125,244852.0
2026-07-16 10:52:00,207.17999267578125,207.2400054931641,206.94000244140625,206.9850006103516,216503.0
2026-07-16 10:53:00,206.97000122070312,207.00999450683597,206.1100006103516,206.3699951171875,570223.0
2026-07-16 10:54:00,206.3699951171875,206.5399932861328,206.1000061035156,206.50999450683597,443091.0
2026-07-16 10:55:00,206.50999450683597,206.57000732421875,206.0,206.27999877929688,615469.0
2026-07-16 10:56:00,206.26499938964844,206.4600067138672,206.14329528808597,206.3999938964844,238771.0
2026-07-16 10:57:00,206.36990356445312,206.5500030517578,206.34500122070312,206.3999938964844,231239.0
2026-07-16 10:58:00,206.3999938964844,206.68499755859372,206.32000732421875,206.33999633789065,348533.0
2026-07-16 10:59:00,206.30999755859372,206.4900054931641,206.1199951171875,206.4850006103516,316747.0
2026-07-16 11:00:00,206.5,206.6699981689453,206.38999938964844,206.58999633789065,332873.0
2026-07-16 11:01:00,206.57000732421875,206.7400054931641,206.4600067138672,206.4750061035156,256559.0
2026-07-16 11:02:00,206.4750061035156,206.75,206.3600006103516,206.67990112304688,387554.0
2026-07-16 11:03:00,206.67999267578125,206.6999969482422,206.25999450683597,206.3500061035156,228293.0
2026-07-16 11:04:00,206.3209991455078,206.44000244140625,206.1199951171875,206.30999755859372,95928.0
2026-07-16 11:05:00,206.30999755859372,206.30999755859372,205.91000366210935,206.05999755859372,504288.0
2026-07-16 11:06:00,206.05999755859372,206.07000732421875,205.8500061035156,205.9499969482422,303661.0
2026-07-16 11:07:00,205.9499969482422,206.2400054931641,205.8500061035156,206.05029296875,344906.0
2026-07-16 11:08:00,206.07000732421875,206.1580047607422,205.9600982666016,206.1100006103516,383018.0
2026-07-16 11:09:00,206.11920166015625,206.42999267578125,206.08999633789065,206.41000366210935,252075.0
2026-07-16 11:10:00,206.4199981689453,206.75,206.38999938964844,206.5800018310547,305656.0
2026-07-16 11:11:00,206.57000732421875,206.62649536132807,206.22999572753903,206.2449951171875,281426.0
2026-07-16 11:12:00,206.2449951171875,206.30999755859372,206.0399932861328,206.17999267578125,196940.0
2026-07-16 11:13:00,206.18499755859372,206.2100067138672,205.8650054931641,206.0,326794.0
2026-07-16 11:14:00,205.97129821777344,206.05999755859372,205.8701019287109,206.02999877929688,213845.0
2026-07-16 11:15:00,206.00999450683597,206.19000244140625,205.8999938964844,206.08009338378903,222163.0
2026-07-16 11:16:00,206.08799743652344,206.0894927978516,205.91000366210935,206.0028076171875,157642.0
2026-07-16 11:17:00,206.0,206.25,205.97000122070312,206.00999450683597,278280.0
2026-07-16 11:18:00,206.0249938964844,206.3000030517578,206.00999450683597,206.25,243343.0
2026-07-16 11:19:00,206.25,206.6000061035156,206.1999969482422,206.57009887695312,232496.0
2026-07-16 11:20:00,206.57000732421875,206.58999633789065,206.2899932861328,206.4149932861328,244340.0
2026-07-16 11:21:00,206.42999267578125,206.4900054931641,206.33999633789065,206.40280151367188,166598.0
2026-07-16 11:22:00,206.38999938964844,206.41000366210935,206.05990600585935,206.32000732421875,282173.0
2026-07-16 11:23:00,206.3500061035156,206.5,206.3092041015625,206.4199981689453,142380.0
2026-07-16 11:24:00,206.4149932861328,206.67999267578125,206.32009887695312,206.6300048828125,2095210.0
2026-07-16 11:25:00,206.66000366210935,206.8699951171875,206.6405029296875,206.7400054931641,294125.0
2026-07-16 11:26:00,206.73080444335935,206.97999572753903,206.7250061035156,206.9499969482422,256279.0
2026-07-16 11:27:00,206.9499969482422,207.0800018310547,206.85009765625,206.875,286887.0
2026-07-16 11:28:00,206.88999938964844,206.8999938964844,206.4700927734375,206.5500030517578,218563.0
2026-07-16 11:29:00,206.55999755859372,207.0970001220703,206.50999450683597,207.05999755859372,184495.0
2026-07-16 11:30:00,207.02999877929688,207.05999755859372,206.7100067138672,206.8699951171875,155640.0
2026-07-16 11:31:00,206.88999938964844,207.3300018310547,206.8650054931641,207.32000732421875,219718.0
2026-07-16 11:32:00,207.30999755859372,207.4593048095703,207.22999572753903,207.27999877929688,215795.0
2026-07-16 11:33:00,207.27040100097656,207.27040100097656,207.05999755859372,207.22000122070312,164471.0
2026-07-16 11:34:00,207.25010681152344,207.3995056152344,207.2100067138672,207.3500061035156,150230.0
2026-07-16 11:35:00,207.3500061035156,207.3699951171875,207.1100006103516,207.2198944091797,175358.0
2026-07-16 11:36:00,207.22000122070312,207.2400054931641,206.97999572753903,207.22000122070312,162110.0
2026-07-16 11:37:00,207.2100067138672,207.3999938964844,207.19009399414065,207.25,157518.0
2026-07-16 11:38:00,207.25,207.57000732421875,207.25,207.5200042724609,157613.0
2026-07-16 11:39:00,207.52999877929688,207.73390197753903,207.47000122070312,207.67999267578125,224874.0
2026-07-16 11:40:00,207.6699981689453,207.8699951171875,207.55999755859372,207.55999755859372,259177.0
2026-07-16 11:41:00,207.54010009765625,207.6300048828125,207.22000122070312,207.2449951171875,201877.0
2026-07-16 11:42:00,207.25999450683597,207.42999267578125,207.20399475097656,207.42999267578125,123271.0
2026-07-16 11:43:00,207.44679260253903,207.5749969482422,207.3350067138672,207.3500061035156,129026.0
2026-07-16 11:44:00,207.3350067138672,207.51499938964844,207.27999877929688,207.44000244140625,145930.0
2026-07-16 11:45:00,207.4149932861328,207.4149932861328,207.08160400390625,207.1750030517578,160175.0
2026-07-16 11:46:00,207.13999938964844,207.3300018310547,207.0601043701172,207.10499572753903,162177.0
2026-07-16 11:47:00,207.1150054931641,207.30999755859372,207.10009765625,207.1750030517578,157781.0
2026-07-16 11:48:00,207.17999267578125,207.3300018310547,207.05999755859372,207.32000732421875,150884.0
2026-07-16 11:49:00,207.3294982910156,207.6100006103516,207.1499938964844,207.5301055908203,217466.0
2026-07-16 11:50:00,207.5449981689453,207.7400054931641,207.52999877929688,207.6999969482422,215379.0
2026-07-16 11:51:00,207.72000122070312,207.81500244140625,207.66000366210935,207.7949981689453,196894.0
2026-07-16 11:52:00,207.7949981689453,207.94000244140625,207.6999969482422,207.79010009765625,190874.0
2026-07-16 11:53:00,207.80499267578125,207.9199981689453,207.57000732421875,207.65750122070312,159014.0
2026-07-16 11:54:00,207.6499938964844,207.78500366210935,207.57000732421875,207.67999267578125,130980.0
2026-07-16 11:55:00,207.6750030517578,207.67999267578125,207.33999633789065,207.57000732421875,146059.0
2026-07-16 11:56:00,207.57000732421875,207.625,207.3600006103516,207.58999633789065,132567.0
2026-07-16 11:57:00,207.58999633789065,207.75,207.40499877929688,207.4750061035156,202312.0
2026-07-16 11:58:00,207.47610473632807,207.57000732421875,207.40020751953125,207.44000244140625,146683.0
2026-07-16 11:59:00,207.4149932861328,207.67999267578125,207.3699951171875,207.6000061035156,159750.0
2026-07-16 12:00:00,207.6000061035156,207.7700042724609,207.3999938964844,207.7200927734375,294017.0
2026-07-16 12:01:00,207.75999450683597,208.1699981689453,207.63999938964844,208.0301055908203,365800.0
2026-07-16 12:02:00,208.0305938720703,208.1100006103516,207.82000732421875,208.00999450683597,343958.0
2026-07-16 12:03:00,207.9850006103516,208.0800018310547,207.8401031494141,207.88999938964844,201791.0
2026-07-16 12:04:00,207.88999938964844,207.9600067138672,207.4550018310547,207.52999877929688,168689.0
2026-07-16 12:05:00,207.52999877929688,207.5399932861328,206.9600067138672,207.03500366210935,355598.0
2026-07-16 12:06:00,207.06500244140625,207.25999450683597,206.97000122070312,207.13609313964844,187420.0
2026-07-16 12:07:00,207.135498046875,207.2949981689453,206.9499969482422,206.97999572753903,228162.0
2026-07-16 12:08:00,206.9750061035156,207.1999969482422,206.9320068359375,207.0099029541016,148967.0
2026-07-16 12:09:00,206.9949951171875,207.1699981689453,206.97000122070312,207.0399932861328,101815.0
2026-07-16 12:10:00,207.0399932861328,207.0449981689453,206.80050659179688,206.91000366210935,152844.0
2026-07-16 12:11:00,206.8999938964844,206.98989868164065,206.75999450683597,206.8699951171875,139573.0
2026-07-16 12:12:00,206.8500061035156,206.8650054931641,206.67999267578125,206.6999969482422,150689.0
2026-07-16 12:13:00,206.67999267578125,206.8600006103516,206.4644012451172,206.75999450683597,246210.0
2026-07-16 12:14:00,206.76499938964844,206.82000732421875,206.6199951171875,206.6499938964844,186429.0
2026-07-16 12:15:00,206.63999938964844,206.7198028564453,206.4700927734375,206.69009399414065,155970.0
2026-07-16 12:16:00,206.6999969482422,206.88999938964844,206.5399932861328,206.88999938964844,194598.0
2026-07-16 12:17:00,206.88499450683597,206.9199981689453,206.75999450683597,206.82000732421875,190117.0
2026-07-16 12:18:00,206.80999755859372,207.1100006103516,206.7899932861328,207.0500030517578,166597.0
2026-07-16 12:19:00,207.05999755859372,207.16000366210935,206.97000122070312,207.05499267578125,158690.0
2026-07-16 12:20:00,207.05499267578125,207.05499267578125,206.72999572753903,206.7550048828125,207625.0
2026-07-16 12:21:00,206.7400054931641,206.9199981689453,206.57000732421875,206.6100006103516,192796.0
2026-07-16 12:22:00,206.6100006103516,206.7899932861328,206.5399932861328,206.72999572753903,174886.0
2026-07-16 12:23:00,206.7350006103516,206.88999938964844,206.58009338378903,206.82009887695312,164752.0
2026-07-16 12:24:00,206.8300018310547,206.92999267578125,206.75999450683597,206.8249969482422,133102.0
2026-07-16 12:25:00,206.8300018310547,206.94000244140625,206.6300048828125,206.93499755859372,153082.0
2026-07-16 12:26:00,206.94000244140625,207.1999053955078,206.9152069091797,207.01010131835935,169221.0
2026-07-16 12:27:00,207.0249938964844,212.5,207.0249938964844,212.5,249912.0
2026-07-16 12:28:00,207.1699981689453,207.24989318847656,207.1199951171875,207.19000244140625,79153.0
2026-07-16 12:29:00,207.1999969482422,207.25,207.05999755859372,207.22000122070312,105001.0
2026-07-16 12:30:00,207.22999572753903,207.4499969482422,207.1999969482422,207.3600006103516,155174.0
2026-07-16 12:31:00,207.3500061035156,207.63999938964844,207.27999877929688,207.6300048828125,181271.0
2026-07-16 12:32:00,207.63999938964844,207.7899932861328,207.6100006103516,207.75999450683597,166532.0
2026-07-16 12:33:00,207.7550048828125,207.81500244140625,207.6300048828125,207.7400054931641,163962.0
2026-07-16 12:34:00,207.7400054931641,207.8000030517578,207.5850067138672,207.60459899902344,118784.0
2026-07-16 12:35:00,207.5800018310547,207.60499572753903,207.22189331054688,207.27999877929688,183744.0
2026-07-16 12:36:00,207.28500366210935,207.37989807128903,207.1699981689453,207.3249969482422,133384.0
2026-07-16 12:37:00,207.32000732421875,207.42999267578125,207.2700042724609,207.3999938964844,131635.0
2026-07-16 12:38:00,207.4199981689453,207.47979736328125,207.1300048828125,207.2899932861328,146995.0
2026-07-16 12:39:00,207.28500366210935,207.2899932861328,207.16050720214844,207.19500732421875,73279.0
2026-07-16 12:40:00,207.18499755859372,207.3000030517578,207.1499938964844,207.2301025390625,95332.0
2026-07-16 12:41:00,207.26510620117188,207.45770263671875,207.25,207.33990478515625,120419.0
2026-07-16 12:42:00,207.3199005126953,207.3199005126953,207.1000061035156,207.1499938964844,559230.0
2026-07-16 12:43:00,207.16000366210935,207.30999755859372,207.13999938964844,207.2700042724609,105281.0
2026-07-16 12:44:00,207.2749938964844,207.3699951171875,207.2250061035156,207.3000030517578,113932.0
2026-07-16 12:45:00,207.3000030517578,207.41000366210935,207.1499938964844,207.1649932861328,124365.0
2026-07-16 12:46:00,207.19000244140625,207.22999572753903,207.0601043701172,207.2183074951172,119870.0
2026-07-16 12:47:00,207.21749877929688,207.22799682617188,206.9600067138672,207.01499938964844,217379.0
2026-07-16 12:48:00,207.02999877929688,207.03500366210935,206.8600006103516,206.9199981689453,194953.0
2026-07-16 12:49:00,206.92999267578125,207.0,206.82000732421875,206.9600067138672,129600.0
2026-07-16 12:50:00,206.9600067138672,207.1199951171875,206.8800048828125,207.05999755859372,192324.0
2026-07-16 12:51:00,207.0500030517578,207.19679260253903,207.0200042724609,207.02999877929688,155519.0
2026-07-16 12:52:00,207.02999877929688,207.2400054931641,207.0,207.1000061035156,156089.0
2026-07-16 12:53:00,207.10009765625,207.2971954345703,207.0800018310547,207.2700042724609,115774.0
2026-07-16 12:54:00,207.2550048828125,207.41000366210935,207.2550048828125,207.38499450683597,102064.0
2026-07-16 12:55:00,207.3822021484375,207.5,207.33999633789065,207.41000366210935,170946.0
2026-07-16 12:56:00,207.4199981689453,207.58999633789065,207.360107421875,207.4199066162109,137432.0
2026-07-16 12:57:00,207.38999938964844,207.47000122070312,207.25999450683597,207.3092041015625,111183.0
2026-07-16 12:58:00,207.2700042724609,207.42999267578125,207.2100982666016,207.30999755859372,121135.0
2026-07-16 12:59:00,207.30999755859372,207.3300018310547,207.1300048828125,207.1999969482422,101549.0
2026-07-16 13:00:00,207.2050018310547,207.2400054931641,206.8699951171875,206.8800048828125,166163.0
2026-07-16 13:01:00,206.8950042724609,207.00909423828125,206.84500122070312,206.875,180935.0
2026-07-16 13:02:00,206.86019897460935,206.92999267578125,206.6199951171875,206.67999267578125,137370.0
2026-07-16 13:03:00,206.69000244140625,206.94000244140625,206.67999267578125,206.8300018310547,149626.0
2026-07-16 13:04:00,206.83999633789065,207.1999969482422,206.82000732421875,207.1000061035156,198852.0
2026-07-16 13:05:00,207.1100006103516,207.1300048828125,206.9600067138672,207.0500030517578,105211.0
2026-07-16 13:06:00,207.0399932861328,207.18499755859372,206.9501037597656,207.16000366210935,138799.0
2026-07-16 13:07:00,207.15499877929688,207.3999938964844,207.13999938964844,207.260498046875,195804.0
2026-07-16 13:08:00,207.26010131835935,207.38999938964844,207.1999969482422,207.3300018310547,212302.0
2026-07-16 13:09:00,207.3300018310547,207.6100006103516,207.30999755859372,207.5200042724609,192560.0
2026-07-16 13:10:00,207.50999450683597,207.55999755859372,207.4900054931641,207.5449981689453,121200.0
2026-07-16 13:11:00,207.5449981689453,207.6999969482422,207.5301055908203,207.6100006103516,187566.0
2026-07-16 13:12:00,207.6100006103516,207.6100006103516,207.4600067138672,207.5050048828125,143562.0
2026-07-16 13:13:00,207.4900054931641,207.5200042724609,207.2200927734375,207.2400054931641,126992.0
2026-07-16 13:14:00,207.21499633789065,207.27999877929688,207.05999755859372,207.0850067138672,123401.0
2026-07-16 13:15:00,207.10499572753903,207.10499572753903,206.8699951171875,206.9949951171875,195855.0
2026-07-16 13:16:00,206.9900054931641,207.00999450683597,206.75,206.97999572753903,130661.0
2026-07-16 13:17:00,206.9900054931641,207.1150054931641,206.9600067138672,207.07000732421875,134447.0
2026-07-16 13:18:00,207.05999755859372,207.12399291992188,206.97999572753903,207.0800018310547,111079.0
2026-07-16 13:19:00,207.08999633789065,207.2100067138672,207.05999755859372,207.19000244140625,152948.0
2026-07-16 13:20:00,207.17999267578125,207.27999877929688,207.0,207.0500030517578,157057.0
2026-07-16 13:21:00,207.0500030517578,207.08999633789065,206.98049926757807,207.0,110062.0
2026-07-16 13:22:00,207.0,207.02999877929688,206.92999267578125,207.0205993652344,110761.0
2026-07-16 13:23:00,207.00999450683597,207.1499938964844,206.9949951171875,207.1100006103516,95543.0
2026-07-16 13:24:00,207.1150054931641,207.22999572753903,206.97999572753903,207.0,159738.0
2026-07-16 13:25:00,206.9600067138672,207.08999633789065,206.9600067138672,207.0850067138672,105568.0
2026-07-16 13:26:00,207.0850067138672,207.30499267578125,207.0,207.26010131835935,139504.0
2026-07-16 13:27:00,207.25,207.33889770507807,207.22000122070312,207.22000122070312,134843.0
2026-07-16 13:28:00,207.19000244140625,207.32000732421875,207.1499938964844,207.22999572753903,88993.0
2026-07-16 13:29:00,207.22999572753903,207.3498992919922,207.2100982666016,207.32260131835935,93233.0
2026-07-16 13:30:00,207.3300018310547,207.4499969482422,207.23089599609372,207.25,130800.0
2026-07-16 13:31:00,207.25,207.2698974609375,207.0399932861328,207.17999267578125,215428.0
2026-07-16 13:32:00,207.2100067138672,207.3800048828125,207.2100067138672,207.27999877929688,109459.0
2026-07-16 13:33:00,207.27999877929688,207.3600006103516,207.08999633789065,207.1199951171875,127744.0
2026-07-16 13:34:00,207.1150054931641,207.1499938964844,206.94000244140625,206.97000122070312,197067.0
2026-07-16 13:35:00,206.9750061035156,207.0,206.83999633789065,206.8500061035156,132820.0
2026-07-16 13:36:00,206.8500061035156,207.0249938964844,206.80999755859372,206.91000366210935,142789.0
2026-07-16 13:37:00,206.9149932861328,206.97999572753903,206.77999877929688,206.82000732421875,96990.0
2026-07-16 13:38:00,206.82400512695312,206.92999267578125,206.78500366210935,206.85989379882807,94301.0
2026-07-16 13:39:00,206.84759521484372,206.8500061035156,206.7248992919922,206.78500366210935,133525.0
2026-07-16 13:40:00,206.7899932861328,206.80999755859372,206.57000732421875,206.66000366210935,138994.0
2026-07-16 13:41:00,206.6699981689453,206.7700042724609,206.2400054931641,206.3300018310547,335013.0
2026-07-16 13:42:00,206.32000732421875,206.42999267578125,206.2400054931641,206.33999633789065,167709.0
2026-07-16 13:43:00,206.3350067138672,206.3500061035156,206.22999572753903,206.2550048828125,212348.0
2026-07-16 13:44:00,206.25,206.3500061035156,206.00999450683597,206.17999267578125,280058.0
2026-07-16 13:45:00,206.1999053955078,206.1999053955078,205.91000366210935,205.9600067138672,330657.0
2026-07-16 13:46:00,205.97999572753903,206.4600067138672,205.875,206.410400390625,313488.0
2026-07-16 13:47:00,206.4199981689453,206.47999572753903,206.3000030517578,206.4199981689453,173102.0
2026-07-16 13:48:00,206.3999938964844,206.58999633789065,206.32000732421875,206.5,186246.0
2026-07-16 13:49:00,206.50999450683597,206.6000061035156,206.47000122070312,206.5800018310547,183589.0
2026-07-16 13:50:00,206.5800018310547,206.6750030517578,206.5200042724609,206.56500244140625,154760.0
2026-07-16 13:51:00,206.57000732421875,206.67999267578125,206.53050231933597,206.63999938964844,122206.0
2026-07-16 13:52:00,206.63999938964844,206.6992950439453,206.55999755859372,206.57000732421875,146088.0
2026-07-16 13:53:00,206.5800018310547,206.8300018310547,206.5399932861328,206.75,164076.0
2026-07-16 13:54:00,206.75,206.7899932861328,206.6000061035156,206.6199951171875,121725.0
2026-07-16 13:55:00,206.6300048828125,206.6457977294922,206.4199981689453,206.50999450683597,140164.0
2026-07-16 13:56:00,206.52999877929688,206.7100067138672,206.4499969482422,206.6150054931641,130361.0
2026-07-16 13:57:00,206.6000061035156,206.6699981689453,206.5200958251953,206.5399932861328,76455.0
2026-07-16 13:58:00,206.5399932861328,206.6699981689453,206.5200958251953,206.6199951171875,93367.0
2026-07-16 13:59:00,206.6199951171875,206.75,206.57000732421875,206.6782989501953,110955.0
2026-07-16 14:00:00,206.67999267578125,206.83999633789065,206.6300048828125,206.7700042724609,130580.0
2026-07-16 14:01:00,206.77999877929688,206.82269287109372,206.69000244140625,206.7350006103516,111163.0
2026-07-16 14:02:00,206.7350006103516,206.7400054931641,206.58999633789065,206.6699981689453,98374.0
2026-07-16 14:03:00,206.68499755859372,206.69500732421875,206.57000732421875,206.58999633789065,104590.0
2026-07-16 14:04:00,206.58999633789065,206.67999267578125,206.4001007080078,206.47999572753903,146446.0
2026-07-16 14:05:00,206.4900054931641,206.5,206.30999755859372,206.3800048828125,145579.0
2026-07-16 14:06:00,206.3699951171875,206.4600067138672,206.2749938964844,206.38499450683597,142725.0
2026-07-16 14:07:00,206.40989685058597,206.69000244140625,206.3699951171875,206.66000366210935,171251.0
2026-07-16 14:08:00,206.66000366210935,206.7198944091797,206.57000732421875,206.69000244140625,146996.0
2026-07-16 14:09:00,206.6999969482422,206.8600006103516,206.69000244140625,206.8600006103516,241637.0
2026-07-16 14:10:00,206.8600006103516,206.9600067138672,206.77999877929688,206.80999755859372,216873.0
2026-07-16 14:11:00,206.82000732421875,207.02999877929688,206.75010681152344,206.92999267578125,204775.0
2026-07-16 14:12:00,206.94000244140625,207.1000061035156,206.8999938964844,207.0711975097656,156660.0
2026-07-16 14:13:00,207.0601043701172,207.2400054931641,207.0200042724609,207.0605010986328,163609.0
2026-07-16 14:14:00,207.07000732421875,207.1199951171875,206.80050659179688,206.82000732421875,127664.0
2026-07-16 14:15:00,206.80999755859372,206.8498992919922,206.58999633789065,206.6199951171875,144301.0
2026-07-16 14:16:00,206.6080017089844,207.0449981689453,206.60499572753903,207.00999450683597,151461.0
2026-07-16 14:17:00,207.01499938964844,207.08999633789065,206.9600067138672,207.00010681152344,92464.0
2026-07-16 14:18:00,207.00010681152344,207.02999877929688,206.88999938964844,206.9149932861328,132602.0
2026-07-16 14:19:00,206.91000366210935,207.1199951171875,206.83999633789065,207.0399932861328,202464.0
2026-07-16 14:20:00,207.0399932861328,207.17999267578125,207.00999450683597,207.0500030517578,1454153.0
2026-07-16 14:21:00,207.05999755859372,207.13999938964844,206.97999572753903,207.1000061035156,1372370.0
2026-07-16 14:22:00,207.08999633789065,207.14990234375,207.02999877929688,207.0500030517578,88785.0
2026-07-16 14:23:00,207.0500030517578,207.1699981689453,207.0,207.13499450683597,122018.0
2026-07-16 14:24:00,207.13499450683597,207.32699584960935,207.10009765625,207.3000030517578,196033.0
2026-07-16 14:25:00,207.28500366210935,207.3800048828125,207.1407012939453,207.15989685058597,150333.0
2026-07-16 14:26:00,207.1450042724609,207.2700042724609,207.0500030517578,207.25999450683597,132271.0
2026-07-16 14:27:00,207.24339294433597,207.3500061035156,207.1199951171875,207.1450042724609,115648.0
2026-07-16 14:28:00,207.16000366210935,207.19500732421875,207.02999877929688,207.0449981689453,89413.0
2026-07-16 14:29:00,207.03070068359372,207.05990600585935,206.80999755859372,206.88999938964844,166797.0
2026-07-16 14:30:00,206.8800048828125,206.8800048828125,206.67999267578125,206.72999572753903,142982.0
2026-07-16 14:31:00,206.75,206.8000030517578,206.6999969482422,206.75999450683597,112206.0
2026-07-16 14:32:00,206.7550048828125,206.8999938964844,206.7550048828125,206.82000732421875,135677.0
2026-07-16 14:33:00,206.8300018310547,206.9600067138672,206.80999755859372,206.85499572753903,135655.0
2026-07-16 14:34:00,206.8650054931641,206.8999938964844,206.66009521484372,206.6999969482422,124700.0
2026-07-16 14:35:00,206.69009399414065,206.72000122070312,206.6300048828125,206.6999053955078,154448.0
2026-07-16 14:36:00,206.69000244140625,206.69000244140625,206.55999755859372,206.6300048828125,110804.0
2026-07-16 14:37:00,206.63499450683597,206.8800048828125,206.6199951171875,206.7899932861328,162759.0
2026-07-16 14:38:00,206.8000030517578,206.8600006103516,206.75999450683597,206.84500122070312,101941.0
2026-07-16 14:39:00,206.8600006103516,206.8999938964844,206.7899932861328,206.80999755859372,98079.0
2026-07-16 14:40:00,206.82000732421875,206.8249969482422,206.5200042724609,206.6100006103516,182492.0
2026-07-16 14:41:00,206.6100006103516,206.71499633789065,206.55999755859372,206.6999969482422,122579.0
2026-07-16 14:42:00,206.69500732421875,206.7700042724609,206.6499938964844,206.75,113600.0
2026-07-16 14:43:00,206.75999450683597,206.98989868164065,206.75999450683597,206.88949584960935,161723.0
2026-07-16 14:44:00,206.8800048828125,206.9600067138672,206.83999633789065,206.9499969482422,114689.0
2026-07-16 14:45:00,206.94000244140625,207.0399932861328,206.8699951171875,207.0,154172.0
2026-07-16 14:46:00,207.00999450683597,207.13999938964844,207.00999450683597,207.05999755859372,101632.0
2026-07-16 14:47:00,207.07000732421875,207.1699981689453,207.00999450683597,207.0249938964844,175902.0
2026-07-16 14:48:00,207.02999877929688,207.3500061035156,207.0249938964844,207.32000732421875,180674.0
2026-07-16 14:49:00,207.30999755859372,207.32899475097656,207.19009399414065,207.2250061035156,133349.0
2026-07-16 14:50:00,207.2350006103516,207.3699951171875,207.17999267578125,207.3699951171875,96804.0
2026-07-16 14:51:00,207.3800048828125,207.4199981689453,207.29010009765625,207.30499267578125,130896.0
2026-07-16 14:52:00,207.3000030517578,207.35989379882807,207.2400054931641,207.27999877929688,118323.0
2026-07-16 14:53:00,207.2698974609375,207.2698974609375,207.1300048828125,207.1450042724609,120084.0
2026-07-16 14:54:00,207.1457977294922,207.16000366210935,207.0200042724609,207.0695953369141,104385.0
2026-07-16 14:55:00,207.07000732421875,207.0850067138672,206.94000244140625,206.9600067138672,113363.0
2026-07-16 14:56:00,206.96499633789065,207.1699981689453,206.96499633789065,207.1699981689453,139416.0
2026-07-16 14:57:00,207.17999267578125,207.25999450683597,206.94000244140625,206.9499969482422,125794.0
2026-07-16 14:58:00,206.94009399414065,207.07000732421875,206.9199981689453,207.01499938964844,97906.0
2026-07-16 14:59:00,207.0299072265625,207.05999755859372,206.9600067138672,207.0200042724609,150367.0
2026-07-16 15:00:00,207.0,207.256103515625,207.0,207.25079345703125,131298.0
2026-07-16 15:01:00,207.25,207.3699951171875,207.1300048828125,207.3350067138672,160435.0
2026-07-16 15:02:00,207.3350067138672,207.6300048828125,207.3249969482422,207.4600067138672,299112.0
2026-07-16 15:03:00,207.4499969482422,207.5,207.25999450683597,207.4199981689453,247188.0
2026-07-16 15:04:00,207.4199981689453,207.6199951171875,207.4199981689453,207.55999755859372,207529.0
2026-07-16 15:05:00,207.5500030517578,207.66000366210935,207.4499969482422,207.6199951171875,257239.0
2026-07-16 15:06:00,207.6100006103516,207.63499450683597,207.28500366210935,207.3500061035156,236128.0
2026-07-16 15:07:00,207.3500061035156,207.3800048828125,206.9600067138672,207.02999877929688,243600.0
2026-07-16 15:08:00,207.0249938964844,207.1300048828125,206.92999267578125,207.0500030517578,174049.0
2026-07-16 15:09:00,207.0399932861328,207.0749969482422,206.85009765625,206.97999572753903,180215.0
2026-07-16 15:10:00,206.97000122070312,207.125,206.94000244140625,206.9949951171875,185564.0
2026-07-16 15:11:00,207.00999450683597,207.0200042724609,206.83999633789065,206.8916015625,190827.0
2026-07-16 15:12:00,206.88499450683597,206.9199981689453,206.77999877929688,206.8950042724609,155485.0
2026-07-16 15:13:00,206.88999938964844,206.8999938964844,206.6831970214844,206.7350006103516,179923.0
2026-07-16 15:14:00,206.7250061035156,206.8300018310547,206.7250061035156,206.82000732421875,156738.0
2026-07-16 15:15:00,206.80999755859372,206.80999755859372,206.6300048828125,206.7050018310547,200713.0
2026-07-16 15:16:00,206.6999969482422,206.9199066162109,206.6999969482422,206.8000030517578,188117.0
2026-07-16 15:17:00,206.8000030517578,206.88999938964844,206.7400054931641,206.75,176440.0
2026-07-16 15:18:00,206.7400054931641,207.0,206.7001037597656,206.97999572753903,211067.0
2026-07-16 15:19:00,206.97999572753903,207.06500244140625,206.83999633789065,206.83999633789065,151815.0
2026-07-16 15:20:00,206.83999633789065,206.9850006103516,206.82000732421875,206.9199981689453,178232.0
2026-07-16 15:21:00,206.91000366210935,207.19000244140625,206.8999938964844,207.04010009765625,229469.0
2026-07-16 15:22:00,207.0399932861328,207.0449981689453,206.6999969482422,206.75,274720.0
2026-07-16 15:23:00,206.75059509277344,206.78990173339844,206.50999450683597,206.54969787597656,277273.0
2026-07-16 15:24:00,206.5449981689453,206.7100067138672,206.5,206.6385955810547,179506.0
2026-07-16 15:25:00,206.6199951171875,206.6499938964844,206.41000366210935,206.41000366210935,168419.0
2026-07-16 15:26:00,206.41000366210935,206.41000366210935,206.16000366210935,206.1750030517578,244052.0
2026-07-16 15:27:00,206.17999267578125,206.3699951171875,206.13999938964844,206.27999877929688,183165.0
2026-07-16 15:28:00,206.27999877929688,206.42379760742188,206.22999572753903,206.26499938964844,199223.0
2026-07-16 15:29:00,206.25,206.47000122070312,206.25,206.47000122070312,171074.0
2026-07-16 15:30:00,206.4600067138672,206.48919677734372,206.22999572753903,206.28500366210935,257689.0
2026-07-16 15:31:00,206.28500366210935,206.40499877929688,206.1100006103516,206.13999938964844,214677.0
2026-07-16 15:32:00,206.13499450683597,206.3668975830078,206.10450744628903,206.3300018310547,222198.0
2026-07-16 15:33:00,206.3300018310547,206.44000244140625,206.3000030517578,206.3600006103516,171370.0
2026-07-16 15:34:00,206.3600006103516,206.57989501953125,206.33999633789065,206.5399932861328,219032.0
2026-07-16 15:35:00,206.5399932861328,206.5500030517578,206.30999755859372,206.32000732421875,233981.0
2026-07-16 15:36:00,206.3101043701172,206.4149932861328,206.13499450683597,206.13999938964844,347076.0
2026-07-16 15:37:00,206.1499938964844,206.27999877929688,206.0800018310547,206.2100067138672,213985.0
2026-07-16 15:38:00,206.1999969482422,206.38999938964844,206.19000244140625,206.35499572753903,252424.0
2026-07-16 15:39:00,206.36050415039065,206.41000366210935,206.22000122070312,206.25,218301.0
2026-07-16 15:40:00,206.22999572753903,206.22999572753903,205.94000244140625,206.08999633789065,420859.0
2026-07-16 15:41:00,206.08999633789065,206.2899932861328,206.0399932861328,206.25999450683597,232389.0
2026-07-16 15:42:00,206.2550048828125,206.2899932861328,206.110107421875,206.125,206000.0
2026-07-16 15:43:00,206.125,206.19000244140625,206.00999450683597,206.05999755859372,243026.0
2026-07-16 15:44:00,206.0500030517578,206.13499450683597,205.9600067138672,206.05999755859372,224218.0
2026-07-16 15:45:00,206.0500030517578,206.1999969482422,205.97000122070312,206.1750030517578,908556.0
2026-07-16 15:46:00,206.18499755859372,206.22999572753903,205.97999572753903,206.0500030517578,290972.0
2026-07-16 15:47:00,206.0500030517578,206.17999267578125,206.0200042724609,206.1499938964844,263635.0
2026-07-16 15:48:00,206.13999938964844,206.2400054931641,206.0301055908203,206.0800018310547,318514.0
2026-07-16 15:49:00,206.08999633789065,206.19000244140625,206.02999877929688,206.0825958251953,294342.0
2026-07-16 15:50:00,206.08999633789065,206.8999938964844,206.08999633789065,206.16000366210935,934791.0
2026-07-16 15:51:00,206.1649932861328,206.5471954345703,206.1100006103516,206.5050048828125,619020.0
2026-07-16 15:52:00,206.52999877929688,206.7100067138672,206.5050048828125,206.625,499569.0
2026-07-16 15:53:00,206.6199951171875,206.6999969482422,206.4900054931641,206.67100524902344,427314.0
2026-07-16 15:54:00,206.66000366210935,206.72999572753903,206.3800048828125,206.55999755859372,817623.0
2026-07-16 15:55:00,206.58999633789065,206.92999267578125,206.47000122070312,206.91000366210935,653348.0
2026-07-16 15:56:00,206.9199981689453,207.1300048828125,206.7700042724609,207.0800018310547,571847.0
2026-07-16 15:57:00,207.0800018310547,207.38999938964844,206.94000244140625,207.27999877929688,773239.0
2026-07-16 15:58:00,207.2700042724609,207.5200042724609,207.2350006103516,207.3350067138672,914745.0
2026-07-16 15:59:00,207.3300018310547,207.5399932861328,207.2700042724609,207.47000122070312,2226471.0
2026-07-17 09:30:00,202.7350006103516,202.7350006103516,202.69000244140625,202.69000244140625,12387833.0
2026-07-17 09:31:00,202.6199951171875,202.6999969482422,201.80999755859372,202.1699981689453,777325.0
2026-07-17 09:32:00,202.2100067138672,202.5,200.5800018310547,200.69000244140625,1574215.0
2026-07-17 09:33:00,200.69500732421875,200.8999938964844,200.0200042724609,200.0850067138672,1170885.0
2026-07-17 09:34:00,200.07000732421875,200.5,199.94000244140625,200.2250061035156,1312973.0
2026-07-17 09:35:00,200.2100067138672,200.5800018310547,200.00999450683597,200.43099975585935,762417.0
2026-07-17 09:36:00,200.4199981689453,200.63999938964844,199.97999572753903,200.0301055908203,727107.0
2026-07-17 09:37:00,200.03500366210935,200.1699981689453,199.610107421875,199.75999450683597,739099.0
2026-07-17 09:38:00,199.7400054931641,199.92999267578125,199.51499938964844,199.76499938964844,1528009.0
2026-07-17 09:39:00,199.77999877929688,199.88499450683597,199.41000366210935,199.42999267578125,1129040.0
2026-07-17 09:40:00,199.42999267578125,199.8999938964844,199.375,199.7100067138672,782980.0
2026-07-17 09:41:00,199.7100067138672,199.97999572753903,199.1000061035156,199.1150054931641,1532541.0
2026-07-17 09:42:00,199.1100006103516,199.1697998046875,198.30999755859372,198.335693359375,1020221.0
2026-07-17 09:43:00,198.3300018310547,198.5,197.97999572753903,198.08999633789065,900512.0
2026-07-17 09:44:00,198.0800018310547,198.6764068603516,197.97000122070312,198.34500122070312,654897.0
2026-07-17 09:45:00,198.33099365234372,199.0200042724609,198.30499267578125,198.75,723523.0
2026-07-17 09:46:00,198.75999450683597,199.1300048828125,198.4300994873047,198.4300994873047,625758.0
2026-07-17 09:47:00,198.4300994873047,199.1100006103516,198.25999450683597,198.8300018310547,538869.0
2026-07-17 09:48:00,198.82000732421875,199.3800048828125,198.77999877929688,199.3800048828125,647710.0
2026-07-17 09:49:00,199.3500061035156,199.6100006103516,199.13999938964844,199.2449951171875,592858.0
2026-07-17 09:50:00,199.22999572753903,199.69000244140625,199.02999877929688,199.5500030517578,505303.0
2026-07-17 09:51:00,199.5399932861328,199.8300018310547,199.4199981689453,199.6100006103516,545637.0
2026-07-17 09:52:00,199.625,199.8999938964844,199.58999633789065,199.72999572753903,434853.0
2026-07-17 09:53:00,199.7100067138672,200.16929626464844,199.63999938964844,200.1300048828125,618821.0
2026-07-17 09:54:00,200.1300048828125,200.55999755859372,200.05340576171875,200.5399932861328,524367.0
2026-07-17 09:55:00,200.5500030517578,200.5500030517578,200.125,200.28500366210935,579552.0
2026-07-17 09:56:00,200.25,200.38999938964844,200.0,200.1999969482422,471490.0
2026-07-17 09:57:00,200.2100067138672,200.82000732421875,200.1100006103516,200.6300048828125,485839.0
2026-07-17 09:58:00,200.6499938964844,201.32000732421875,200.6199951171875,201.2700042724609,473582.0
2026-07-17 09:59:00,201.25,201.7299041748047,201.1808013916016,201.6649932861328,4607172.0
2026-07-17 10:00:00,201.69000244140625,202.3699951171875,201.5200042724609,202.35499572753903,552652.0
2026-07-17 10:01:00,202.35499572753903,202.6100006103516,202.17010498046875,202.26010131835935,589797.0
2026-07-17 10:02:00,202.3000030517578,202.8600006103516,202.2449951171875,202.76499938964844,518554.0
2026-07-17 10:03:00,202.75999450683597,203.02999877929688,202.63499450683597,202.74490356445312,553520.0
2026-07-17 10:04:00,202.72000122070312,202.90499877929688,202.5449981689453,202.6804962158203,629927.0
2026-07-17 10:05:00,202.6999969482422,203.66000366210935,202.6844940185547,203.51499938964844,622090.0
2026-07-17 10:06:00,203.4900054931641,204.3800048828125,203.4600067138672,204.26499938964844,685062.0
2026-07-17 10:07:00,204.2749938964844,204.8249969482422,204.1999969482422,204.5500946044922,763201.0
2026-07-17 10:08:00,204.5626983642578,204.8419952392578,204.3500061035156,204.58009338378903,522524.0
2026-07-17 10:09:00,204.5850067138672,204.97999572753903,204.53500366210935,204.63999938964844,462388.0
2026-07-17 10:10:00,204.66000366210935,205.42999267578125,204.6000061035156,205.40460205078125,628208.0
2026-07-17 10:11:00,205.42999267578125,205.5399932861328,205.10069274902344,205.1907958984375,548872.0
2026-07-17 10:12:00,205.18499755859372,205.2400054931641,204.33999633789065,204.38999938964844,659522.0
2026-07-17 10:13:00,204.3999938964844,204.7799072265625,204.0399932861328,204.30029296875,603392.0
2026-07-17 10:14:00,204.28500366210935,204.57000732421875,204.08999633789065,204.4900054931641,355708.0
2026-07-17 10:15:00,204.5,205.2176055908203,204.1999969482422,205.13499450683597,475798.0
2026-07-17 10:16:00,205.14010620117188,205.7400054931641,204.9499969482422,205.7350006103516,486329.0
2026-07-17 10:17:00,205.7250061035156,206.1999969482422,205.6499938964844,205.72000122070312,1187373.0
2026-07-17 10:18:00,205.72999572753903,205.7700042724609,205.05999755859372,205.2306060791016,475140.0
2026-07-17 10:19:00,205.2698974609375,205.2698974609375,204.80999755859372,205.05499267578125,452780.0
2026-07-17 10:20:00,205.05999755859372,205.63999938964844,205.00999450683597,205.1199951171875,371600.0
2026-07-17 10:21:00,205.13499450683597,205.3800048828125,204.5800018310547,205.0,473605.0
2026-07-17 10:22:00,204.98980712890625,205.14990234375,204.46499633789065,204.88839721679688,294008.0
2026-07-17 10:23:00,204.83999633789065,204.9499969482422,204.42999267578125,204.58999633789065,335776.0
2026-07-17 10:24:00,204.5800018310547,205.1100006103516,204.5800018310547,204.68499755859372,318975.0
2026-07-17 10:25:00,204.69329833984372,204.9698944091797,204.3999938964844,204.45509338378903,216648.0
2026-07-17 10:26:00,204.44000244140625,204.4900054931641,204.23199462890625,204.27999877929688,229472.0
2026-07-17 10:27:00,204.2700042724609,204.6199951171875,204.1999969482422,204.40719604492188,273358.0
2026-07-17 10:28:00,204.4149932861328,204.44000244140625,203.9199981689453,203.9707946777344,396576.0
2026-07-17 10:29:00,203.9900054931641,204.0,203.6000061035156,203.8000030517578,273847.0
2026-07-17 10:30:00,203.82000732421875,204.17999267578125,203.6100006103516,204.17999267578125,316190.0
2026-07-17 10:31:00,204.16000366210935,204.38999938964844,203.77999877929688,203.8000030517578,481380.0
2026-07-17 10:32:00,203.8199005126953,203.8500061035156,203.27999877929688,203.3000030517578,427935.0
2026-07-17 10:33:00,203.27999877929688,203.32000732421875,202.9001007080078,203.13499450683597,386740.0
2026-07-17 10:34:00,203.16000366210935,203.77999877929688,203.16000366210935,203.58009338378903,372435.0
2026-07-17 10:35:00,203.6000061035156,204.25,203.57000732421875,204.1999969482422,340396.0
2026-07-17 10:36:00,204.1699981689453,204.52999877929688,204.16000366210935,204.33200073242188,280892.0
2026-07-17 10:37:00,204.3000030517578,204.5800018310547,204.00010681152344,204.22999572753903,268318.0
2026-07-17 10:38:00,204.17999267578125,204.6450042724609,203.9600067138672,204.0200042724609,260916.0
2026-07-17 10:39:00,204.00999450683597,204.57000732421875,203.9499969482422,204.5399932861328,256159.0
2026-07-17 10:40:00,204.42999267578125,204.5,204.19000244140625,204.28500366210935,193743.0
2026-07-17 10:41:00,204.2949981689453,204.41000366210935,204.0850067138672,204.16000366210935,861944.0
2026-07-17 10:42:00,204.14779663085935,204.22999572753903,203.42030334472656,203.4900054931641,412962.0
2026-07-17 10:43:00,203.47999572753903,203.58999633789065,203.0200042724609,203.16000366210935,411738.0
2026-07-17 10:44:00,203.1649932861328,203.36990356445312,203.0800018310547,203.25,243689.0
2026-07-17 10:45:00,203.2449951171875,203.42999267578125,203.03500366210935,203.22000122070312,240081.0
2026-07-17 10:46:00,203.2350006103516,203.26499938964844,202.76600646972656,203.25,388451.0
2026-07-17 10:47:00,203.2700042724609,204.0,203.2449951171875,203.78500366210935,323188.0
2026-07-17 10:48:00,203.8000030517578,204.02999877929688,203.51499938964844,203.6750030517578,377085.0
2026-07-17 10:49:00,203.69000244140625,204.1499938964844,203.58009338378903,203.9199981689453,520222.0
2026-07-17 10:50:00,203.91009521484372,204.2899932861328,203.7010955810547,204.2400054931641,271985.0
2026-07-17 10:51:00,204.2449951171875,204.25999450683597,203.54510498046875,203.54510498046875,802585.0
2026-07-17 10:52:00,203.52999877929688,204.07989501953125,203.50999450683597,203.7899932861328,209076.0
2026-07-17 10:53:00,203.77999877929688,203.9900054931641,203.67999267578125,203.8000030517578,148508.0
2026-07-17 10:54:00,203.7698974609375,203.8999938964844,203.42999267578125,203.58999633789065,245397.0
2026-07-17 10:55:00,203.5800018310547,204.1999969482422,203.4550018310547,204.1300048828125,174774.0
2026-07-17 10:56:00,204.13499450683597,204.17999267578125,203.60110473632807,203.65499877929688,173093.0
2026-07-17 10:57:00,203.63999938964844,203.8000030517578,203.57000732421875,203.5789031982422,150265.0
2026-07-17 10:58:00,203.5601043701172,203.67999267578125,203.07000732421875,203.16000366210935,255818.0
2026-07-17 10:59:00,203.18240356445312,203.3000030517578,202.9750061035156,203.01019287109372,247608.0
2026-07-17 11:00:00,203.00999450683597,203.23989868164065,202.9199981689453,203.0050048828125,221092.0
2026-07-17 11:01:00,203.0,203.125,202.7100067138672,203.1199951171875,407343.0
2026-07-17 11:02:00,203.06500244140625,203.3000030517578,202.8500061035156,203.05499267578125,238177.0
2026-07-17 11:03:00,203.05499267578125,203.13999938964844,202.69000244140625,202.72999572753903,287046.0
2026-07-17 11:04:00,202.7400054931641,202.8800048828125,202.44070434570312,202.4750061035156,326123.0
2026-07-17 11:05:00,202.4718017578125,202.8000030517578,202.3699951171875,202.7100067138672,306510.0
2026-07-17 11:06:00,202.69000244140625,203.05499267578125,202.64010620117188,202.93499755859372,242388.0
2026-07-17 11:07:00,202.9199981689453,203.0498962402344,202.6450042724609,202.8500061035156,289864.0
2026-07-17 11:08:00,202.8999938964844,203.30990600585935,202.83999633789065,203.1699066162109,224088.0
2026-07-17 11:09:00,203.1300048828125,203.21499633789065,202.781005859375,203.21499633789065,161598.0
2026-07-17 11:10:00,203.17999267578125,203.47000122070312,202.82000732421875,202.9949951171875,261131.0
2026-07-17 11:11:00,203.0,203.30990600585935,202.8699951171875,203.0500030517578,182777.0
2026-07-17 11:12:00,203.0249938964844,203.47999572753903,202.8999938964844,203.2400054931641,246916.0
2026-07-17 11:13:00,203.3000030517578,203.3699951171875,203.0200042724609,203.18099975585935,181804.0
2026-07-17 11:14:00,203.22610473632807,203.4149932861328,203.12060546875,203.27999877929688,153982.0
2026-07-17 11:15:00,203.28509521484372,203.54840087890625,203.08999633789065,203.25,219717.0
2026-07-17 11:16:00,203.27999877929688,203.66000366210935,203.27040100097656,203.4949951171875,234894.0
2026-07-17 11:17:00,203.42999267578125,203.69000244140625,203.42999267578125,203.44500732421875,172233.0
2026-07-17 11:18:00,203.42999267578125,203.65499877929688,203.33999633789065,203.56509399414065,176314.0
2026-07-17 11:19:00,203.5800018310547,203.889892578125,203.53439331054688,203.67999267578125,205947.0
2026-07-17 11:20:00,203.69000244140625,203.7799072265625,203.38499450683597,203.73049926757807,166463.0
2026-07-17 11:21:00,203.75999450683597,203.8600006103516,203.6100006103516,203.6999969482422,150540.0
2026-07-17 11:22:00,203.7250061035156,204.02999877929688,203.5500030517578,203.94500732421875,264585.0
2026-07-17 11:23:00,203.8999938964844,204.0399932861328,203.33999633789065,203.3600006103516,278173.0
2026-07-17 11:24:00,203.3699951171875,203.49989318847656,203.13999938964844,203.47999572753903,219619.0
2026-07-17 11:25:00,203.5084991455078,203.8000030517578,203.44000244140625,203.72000122070312,191908.0
2026-07-17 11:26:00,203.7250061035156,203.9499969482422,203.6280059814453,203.7550048828125,184242.0
2026-07-17 11:27:00,203.75999450683597,203.8999938964844,203.60009765625,203.60009765625,165288.0
2026-07-17 11:28:00,203.6300048828125,203.8600006103516,203.6000061035156,203.83999633789065,111572.0
2026-07-17 11:29:00,203.8500061035156,204.05999755859372,203.8347930908203,203.9250030517578,213678.0
2026-07-17 11:30:00,203.9250030517578,204.25,203.8401031494141,204.1750030517578,225667.0
2026-07-17 11:31:00,204.19000244140625,204.1999969482422,204.02999877929688,204.1100006103516,145466.0
2026-07-17 11:32:00,204.1000061035156,204.3000030517578,203.83999633789065,204.28500366210935,256388.0
2026-07-17 11:33:00,204.2749938964844,204.4600067138672,204.2400054931641,204.26499938964844,270337.0
2026-07-17 11:34:00,204.26499938964844,204.3500061035156,204.05050659179688,204.1699981689453,146149.0
2026-07-17 11:35:00,204.13999938964844,204.2700042724609,203.8699951171875,204.2550048828125,203475.0
2026-07-17 11:36:00,204.2550048828125,204.4900054931641,204.2360992431641,204.4850006103516,191417.0
2026-07-17 11:37:00,204.4850006103516,204.8800048828125,204.44000244140625,204.72000122070312,249350.0
2026-07-17 11:38:00,204.7100067138672,205.0,204.4405059814453,204.76499938964844,383014.0
2026-07-17 11:39:00,204.77029418945312,204.8699951171875,204.6909942626953,204.7200927734375,180429.0
2026-07-17 11:40:00,204.7449951171875,204.88999938964844,204.66000366210935,204.67930603027344,181981.0
2026-07-17 11:41:00,204.6750030517578,204.67999267578125,204.1100006103516,204.2400054931641,211482.0
2026-07-17 11:42:00,204.21499633789065,204.30499267578125,204.04299926757807,204.22999572753903,137813.0
2026-07-17 11:43:00,204.22999572753903,204.45989990234372,204.13999938964844,204.3000030517578,152993.0
2026-07-17 11:44:00,204.2949981689453,204.5200042724609,204.2749938964844,204.4250030517578,689979.0
2026-07-17 11:45:00,204.3999938964844,204.57009887695312,204.3000030517578,204.3600006103516,115729.0
2026-07-17 11:46:00,204.34500122070312,204.6000061035156,204.2899932861328,204.55999755859372,270696.0
2026-07-17 11:47:00,204.57000732421875,204.6999969482422,204.5,204.69000244140625,126739.0
2026-07-17 11:48:00,204.69500732421875,204.88999938964844,204.57000732421875,204.5885009765625,156939.0
2026-07-17 11:49:00,204.6107940673828,204.8600006103516,204.58999633789065,204.8542938232422,118842.0
2026-07-17 11:50:00,204.83999633789065,204.9600067138672,204.5399932861328,204.5800018310547,187492.0
2026-07-17 11:51:00,204.5850067138672,204.8350067138672,204.5850067138672,204.75,119536.0
2026-07-17 11:52:00,204.7550048828125,204.82220458984372,204.6699981689453,204.75,102186.0
2026-07-17 11:53:00,204.7400054931641,204.83990478515625,204.6490020751953,204.7350006103516,135352.0
2026-07-17 11:54:00,204.75999450683597,205.0,204.7400054931641,205.0,174206.0
2026-07-17 11:55:00,205.00999450683597,205.218994140625,204.93179321289065,205.17999267578125,289134.0
2026-07-17 11:56:00,205.2100067138672,205.35499572753903,205.16000366210935,205.21180725097656,311804.0
2026-07-17 11:57:00,205.1999969482422,205.2400054931641,205.01499938964844,205.16000366210935,251511.0
2026-07-17 11:58:00,205.19000244140625,205.2700042724609,205.09500122070312,205.16000366210935,206699.0
2026-07-17 11:59:00,205.19000244140625,205.39990234375,205.1100006103516,205.1199951171875,280430.0
2026-07-17 12:00:00,205.1199951171875,205.3800048828125,205.0500030517578,205.25,228324.0
2026-07-17 12:01:00,205.25,205.32000732421875,204.75999450683597,204.8800048828125,525514.0
2026-07-17 12:02:00,204.88999938964844,205.07000732421875,204.7400054931641,204.80499267578125,155527.0
2026-07-17 12:03:00,204.81500244140625,204.8350067138672,204.42999267578125,204.47999572753903,231856.0
2026-07-17 12:04:00,204.42999267578125,204.5399932861328,204.34100341796875,204.50999450683597,191757.0
2026-07-17 12:05:00,204.5050048828125,204.5249938964844,204.1999969482422,204.3600006103516,178620.0
2026-07-17 12:06:00,204.33999633789065,204.3999938964844,204.05999755859372,204.2198944091797,144457.0
2026-07-17 12:07:00,204.19000244140625,204.3000030517578,204.0,204.1800994873047,211574.0
2026-07-17 12:08:00,204.1999969482422,204.4600067138672,204.0832061767578,204.42999267578125,158294.0
2026-07-17 12:09:00,204.40499877929688,204.7400054931641,204.40499877929688,204.7200927734375,193898.0
2026-07-17 12:10:00,204.72000122070312,205.0,204.7198944091797,204.9199981689453,176674.0
2026-07-17 12:11:00,204.93499755859372,204.9900054931641,204.5301055908203,204.55990600585935,130061.0
2026-07-17 12:12:00,204.52999877929688,204.83999633789065,204.4600067138672,204.78500366210935,1109887.0
2026-07-17 12:13:00,204.7700042724609,204.9398956298828,204.7700042724609,204.875,150470.0
2026-07-17 12:14:00,204.8701019287109,205.0500030517578,204.8350067138672,205.0200042724609,228922.0
2026-07-17 12:15:00,205.0399932861328,205.12989807128903,204.8699951171875,205.1150054931641,181899.0
2026-07-17 12:16:00,205.1199951171875,205.22000122070312,204.94500732421875,204.94500732421875,234983.0
2026-07-17 12:17:00,204.94500732421875,205.1499938964844,204.92999267578125,204.9949951171875,190729.0
2026-07-17 12:18:00,205.0,205.19000244140625,204.91000366210935,205.1100006103516,168728.0
2026-07-17 12:19:00,205.1150054931641,205.25,205.1000061035156,205.1649932861328,168275.0
2026-07-17 12:20:00,205.16000366210935,205.2949981689453,205.1300048828125,205.15499877929688,172725.0
2026-07-17 12:21:00,205.15499877929688,205.19000244140625,204.5800018310547,204.65499877929688,241064.0
2026-07-17 12:22:00,204.66000366210935,204.67999267578125,204.3000030517578,204.36990356445312,213935.0
2026-07-17 12:23:00,204.3500061035156,204.35499572753903,204.1699981689453,204.2899932861328,159220.0
2026-07-17 12:24:00,204.3000030517578,204.42999267578125,204.1992034912109,204.25,159416.0
2026-07-17 12:25:00,204.2550048828125,204.55999755859372,204.1903076171875,204.49989318847656,136532.0
2026-07-17 12:26:00,204.49989318847656,204.55999755859372,204.3600006103516,204.4600067138672,348248.0
2026-07-17 12:27:00,204.47000122070312,204.75999450683597,204.4600067138672,204.7250061035156,157196.0
2026-07-17 12:28:00,204.7250061035156,204.8954925537109,204.66000366210935,204.84930419921875,138039.0
2026-07-17 12:29:00,204.84500122070312,204.94500732421875,204.8249969482422,204.8350067138672,100637.0
2026-07-17 12:30:00,204.8249969482422,205.0399932861328,204.6000061035156,204.6000061035156,201224.0
2026-07-17 12:31:00,204.6199951171875,204.78500366210935,204.55999755859372,204.7700042724609,167165.0
2026-07-17 12:32:00,204.7899932861328,204.9900054931641,204.66000366210935,204.97000122070312,147170.0
2026-07-17 12:33:00,204.96499633789065,205.1699981689453,204.96499633789065,205.16000366210935,172855.0
2026-07-17 12:34:00,205.1499938964844,205.1999969482422,205.07080078125,205.1150054931641,151915.0
2026-07-17 12:35:00,205.1199951171875,205.1990966796875,205.08999633789065,205.1100006103516,107445.0
2026-07-17 12:36:00,205.1100006103516,205.2100067138672,205.0200042724609,205.10499572753903,133465.0
2026-07-17 12:37:00,205.1100006103516,205.14990234375,204.82000732421875,204.8401031494141,115023.0
2026-07-17 12:38:00,204.85499572753903,205.0800018310547,204.83999633789065,205.0500030517578,98962.0
2026-07-17 12:39:00,205.04010009765625,205.22000122070312,204.9185028076172,204.9750061035156,107885.0
2026-07-17 12:40:00,204.9750061035156,205.0249938964844,204.75,204.90499877929688,170306.0
2026-07-17 12:41:00,204.8950042724609,204.97999572753903,204.8300018310547,204.9750061035156,82112.0
2026-07-17 12:42:00,204.9750061035156,205.12989807128903,204.92999267578125,205.05499267578125,93773.0
2026-07-17 12:43:00,205.05999755859372,205.32000732421875,205.0200042724609,205.0850067138672,148968.0
2026-07-17 12:44:00,205.0836944580078,205.32200622558597,204.9499969482422,205.3000030517578,114865.0
2026-07-17 12:45:00,205.3300018310547,205.42999267578125,205.2698974609375,205.3650054931641,160329.0
2026-07-17 12:46:00,205.3500061035156,205.3800048828125,205.22999572753903,205.2350006103516,95396.0
2026-07-17 12:47:00,205.2350006103516,205.5200042724609,205.1699981689453,205.50999450683597,143166.0
2026-07-17 12:48:00,205.5,205.69000244140625,205.4600067138672,205.69000244140625,199988.0
2026-07-17 12:49:00,205.69000244140625,205.8800048828125,205.6300048828125,205.8500061035156,202855.0
2026-07-17 12:50:00,205.8600006103516,205.95989990234372,205.7445068359375,205.80499267578125,172949.0
2026-07-17 12:51:00,205.82049560546875,206.1499938964844,205.80999755859372,205.9750061035156,441646.0
2026-07-17 12:52:00,205.9799041748047,206.08999633789065,205.84500122070312,205.93499755859372,192827.0
2026-07-17 12:53:00,205.94500732421875,206.01499938964844,205.8999938964844,205.94000244140625,130898.0
2026-07-17 12:54:00,205.94000244140625,206.1461944580078,205.83999633789065,206.02999877929688,156390.0
2026-07-17 12:55:00,206.02999877929688,206.16000366210935,205.83999633789065,205.8500061035156,205358.0
2026-07-17 12:56:00,205.83999633789065,205.85650634765625,205.51499938964844,205.62989807128903,207798.0
2026-07-17 12:57:00,205.6313934326172,205.6699981689453,205.47000122070312,205.5500030517578,113454.0
2026-07-17 12:58:00,205.56500244140625,205.72999572753903,205.47000122070312,205.65499877929688,640051.0
2026-07-17 12:59:00,205.6699981689453,205.75,205.57449340820312,205.6100006103516,107797.0
2026-07-17 13:00:00,205.6199951171875,206.0,205.5800018310547,205.9499969482422,121238.0
2026-07-17 13:01:00,205.9550018310547,206.1499938964844,205.9199981689453,206.02999877929688,323682.0
2026-07-17 13:02:00,206.02999877929688,206.04949951171875,205.75999450683597,205.8000030517578,170743.0
2026-07-17 13:03:00,205.8000030517578,205.8800048828125,205.72000122070312,205.8600006103516,199532.0
2026-07-17 13:04:00,205.8500061035156,205.8950042724609,205.77099609375,205.8650054931641,94991.0
2026-07-17 13:05:00,205.8600006103516,205.9499969482422,205.80999755859372,205.94000244140625,127595.0
2026-07-17 13:06:00,205.94500732421875,206.32000732421875,205.9250030517578,206.27999877929688,207534.0
2026-07-17 13:07:00,206.2899932861328,206.44000244140625,206.2899932861328,206.3699951171875,193101.0
2026-07-17 13:08:00,206.3699951171875,206.639892578125,206.360107421875,206.50999450683597,245336.0
2026-07-17 13:09:00,206.53500366210935,206.57000732421875,206.2899932861328,206.4994964599609,215526.0
2026-07-17 13:10:00,206.4949951171875,206.6450042724609,206.41000366210935,206.57000732421875,143814.0
2026-07-17 13:11:00,206.5601043701172,206.58999633789065,206.3800048828125,206.3800048828125,133006.0
2026-07-17 13:12:00,206.3699951171875,206.4949951171875,206.3500061035156,206.3950042724609,174468.0
2026-07-17 13:13:00,206.3999938964844,206.4900054931641,206.2910003662109,206.32000732421875,202491.0
2026-07-17 13:14:00,206.30999755859372,206.32000732421875,206.13999938964844,206.1649932861328,133955.0
2026-07-17 13:15:00,206.1649932861328,206.2400054931641,206.0249938964844,206.2050018310547,141587.0
2026-07-17 13:16:00,206.2100067138672,206.3500061035156,206.16000366210935,206.3300018310547,150549.0
2026-07-17 13:17:00,206.3500061035156,206.375,206.2100067138672,206.3000030517578,132656.0
2026-07-17 13:18:00,206.3000030517578,206.36990356445312,206.0,206.0399932861328,192665.0
2026-07-17 13:19:00,206.0399932861328,206.0399932861328,205.82000732421875,205.8800048828125,187054.0
2026-07-17 13:20:00,205.8600006103516,205.8600006103516,205.53500366210935,205.5500030517578,367451.0
2026-07-17 13:21:00,205.55999755859372,205.6300048828125,205.3509979248047,205.4600067138672,209971.0
2026-07-17 13:22:00,205.47000122070312,205.75,205.47000122070312,205.74789428710935,168572.0
2026-07-17 13:23:00,205.7550048828125,205.82000732421875,205.6501007080078,205.7375030517578,135519.0
2026-07-17 13:24:00,205.7400054931641,205.7899932861328,205.67010498046875,205.7050018310547,108284.0
2026-07-17 13:25:00,205.7050018310547,205.83990478515625,205.68499755859372,205.8000030517578,93728.0
2026-07-17 13:26:00,205.8300018310547,206.0399932861328,205.81500244140625,206.0,158487.0
2026-07-17 13:27:00,206.00999450683597,206.13499450683597,205.9600067138672,206.0901031494141,157250.0
2026-07-17 13:28:00,206.1100006103516,206.17999267578125,206.02999877929688,206.0399932861328,127167.0
2026-07-17 13:29:00,206.0449981689453,206.13999938964844,206.0449981689453,206.13499450683597,158425.0
2026-07-17 13:30:00,206.13999938964844,206.22999572753903,205.9499969482422,206.0399932861328,154422.0
2026-07-17 13:31:00,206.0449981689453,206.07000732421875,205.94000244140625,205.9600067138672,149979.0
2026-07-17 13:32:00,205.94500732421875,205.9499969482422,205.76010131835935,205.81500244140625,127719.0
2026-07-17 13:33:00,205.8000030517578,205.91000366210935,205.8000030517578,205.875,112268.0
2026-07-17 13:34:00,205.875,205.87989807128903,205.66000366210935,205.7198944091797,133283.0
2026-07-17 13:35:00,205.72000122070312,205.8000030517578,205.2700042724609,205.3500061035156,194171.0
2026-07-17 13:36:00,205.3600006103516,205.44000244140625,205.25,205.3300018310547,157335.0
2026-07-17 13:37:00,205.3300018310547,205.54249572753903,205.32009887695312,205.5301055908203,204107.0
2026-07-17 13:38:00,205.54510498046875,205.54510498046875,205.3600006103516,205.38499450683597,126519.0
2026-07-17 13:39:00,205.3950042724609,205.4850006103516,205.3300018310547,205.42999267578125,123844.0
2026-07-17 13:40:00,205.4250030517578,205.4900054931641,205.2686004638672,205.3650054931641,114433.0
2026-07-17 13:41:00,205.3800048828125,205.3950042724609,205.22999572753903,205.30999755859372,112519.0
2026-07-17 13:42:00,205.3000030517578,205.3699951171875,205.1499938964844,205.22999572753903,108139.0
2026-07-17 13:43:00,205.22999572753903,205.32000732421875,205.1100006103516,205.3000030517578,114487.0
2026-07-17 13:44:00,205.2949981689453,205.389892578125,205.2100067138672,205.30999755859372,120430.0
2026-07-17 13:45:00,205.31500244140625,205.5,205.22000122070312,205.47000122070312,133648.0
2026-07-17 13:46:00,205.47000122070312,205.4900054931641,205.13999938964844,205.16000366210935,133566.0
2026-07-17 13:47:00,205.1699981689453,205.32000732421875,205.1300048828125,205.2949981689453,87998.0
2026-07-17 13:48:00,205.29010009765625,205.42999267578125,205.1999969482422,205.2749938964844,129851.0
2026-07-17 13:49:00,205.2749938964844,205.27999877929688,205.1499938964844,205.1999969482422,123418.0
2026-07-17 13:50:00,205.2100067138672,205.2749938964844,204.9698944091797,205.05999755859372,182721.0
2026-07-17 13:51:00,205.0500030517578,205.1000061035156,204.94000244140625,205.0500946044922,128013.0
2026-07-17 13:52:00,205.07000732421875,205.2400054931641,205.02999877929688,205.1300048828125,134813.0
2026-07-17 13:53:00,205.1199951171875,205.1699981689453,205.00999450683597,205.0200042724609,86443.0
2026-07-17 13:54:00,205.05999755859372,205.19000244140625,204.92999267578125,204.9850006103516,132802.0
2026-07-17 13:55:00,204.97999572753903,205.00999450683597,204.8600006103516,204.875,160161.0
2026-07-17 13:56:00,204.8800048828125,204.88999938964844,204.52999877929688,204.5449981689453,239108.0
2026-07-17 13:57:00,204.5500030517578,204.6000061035156,204.42999267578125,204.42999267578125,178024.0
2026-07-17 13:58:00,204.42999267578125,204.50950622558597,204.25,204.4600067138672,197536.0
2026-07-17 13:59:00,204.4600067138672,204.55999755859372,204.38510131835935,204.41000366210935,107624.0
2026-07-17 14:00:00,204.42300415039065,204.6374053955078,204.3699951171875,204.43499755859372,159089.0
2026-07-17 14:01:00,204.4600067138672,204.6649932861328,204.38999938964844,204.4149932861328,147442.0
2026-07-17 14:02:00,204.42999267578125,204.5200042724609,204.41000366210935,204.5,111154.0
2026-07-17 14:03:00,204.5,204.69000244140625,204.4900054931641,204.69000244140625,141853.0
2026-07-17 14:04:00,204.68499755859372,204.7073974609375,204.3699951171875,204.3800048828125,169868.0
2026-07-17 14:05:00,204.375,204.375,204.1000061035156,204.15499877929688,224612.0
2026-07-17 14:06:00,204.1300048828125,204.17999267578125,203.91000366210935,204.0449981689453,214091.0
2026-07-17 14:07:00,204.0399932861328,204.08999633789065,203.9199981689453,203.97999572753903,113214.0
2026-07-17 14:08:00,203.97999572753903,204.08140563964844,203.8500061035156,203.94000244140625,283039.0
2026-07-17 14:09:00,203.94259643554688,204.0498046875,203.83999633789065,203.8800048828125,140463.0
2026-07-17 14:10:00,203.88999938964844,204.0,203.8300018310547,203.8800048828125,129773.0
2026-07-17 14:11:00,203.88999938964844,203.8999938964844,203.7606964111328,203.8500061035156,109079.0
2026-07-17 14:12:00,203.8350067138672,203.8600006103516,203.77999877929688,203.8094940185547,101896.0
2026-07-17 14:13:00,203.82000732421875,203.83999633789065,203.6300048828125,203.77999877929688,171406.0
2026-07-17 14:14:00,203.77999877929688,203.82000732421875,203.6027069091797,203.63499450683597,125088.0
2026-07-17 14:15:00,203.63999938964844,203.6999969482422,203.3800048828125,203.3800048828125,224896.0
2026-07-17 14:16:00,203.375,203.42999267578125,203.22999572753903,203.2350006103516,171222.0
2026-07-17 14:17:00,203.2449951171875,203.35499572753903,203.0399932861328,203.0998992919922,242798.0
2026-07-17 14:18:00,203.0800018310547,203.1699981689453,202.9900054931641,203.0749969482422,234309.0
2026-07-17 14:19:00,203.0500030517578,203.41000366210935,203.0399932861328,203.38499450683597,225853.0
2026-07-17 14:20:00,203.38499450683597,203.41000366210935,203.1450042724609,203.1649932861328,185984.0
2026-07-17 14:21:00,203.13999938964844,203.22970581054688,203.07000732421875,203.1649932861328,141347.0
2026-07-17 14:22:00,203.1699981689453,203.38499450683597,203.1699981689453,203.375,139932.0
2026-07-17 14:23:00,203.3800048828125,203.58999633789065,203.27999877929688,203.5200042724609,230199.0
2026-07-17 14:24:00,203.5399932861328,203.5498962402344,203.2001953125,203.32000732421875,156145.0
2026-07-17 14:25:00,203.3249969482422,203.36669921875,203.1499938964844,203.16000366210935,129860.0
2026-07-17 14:26:00,203.1750030517578,203.27999877929688,203.0800018310547,203.2449951171875,149394.0
2026-07-17 14:27:00,203.22999572753903,203.2449951171875,203.1100006103516,203.1199951171875,123373.0
2026-07-17 14:28:00,203.13999938964844,203.3834991455078,203.1100006103516,203.25,164872.0
2026-07-17 14:29:00,203.25,203.44000244140625,203.25,203.3957977294922,158403.0
2026-07-17 14:30:00,203.3600006103516,203.8500061035156,203.33999633789065,203.72000122070312,258373.0
2026-07-17 14:31:00,203.75999450683597,203.8999938964844,203.6300048828125,203.6300048828125,256434.0
2026-07-17 14:32:00,203.6000061035156,203.69509887695312,203.43499755859372,203.4499969482422,230434.0
2026-07-17 14:33:00,203.4499969482422,203.58999633789065,203.25999450683597,203.25999450683597,161727.0
2026-07-17 14:34:00,203.26499938964844,203.33999633789065,203.1699981689453,203.30499267578125,131361.0
2026-07-17 14:35:00,203.3000030517578,203.4750061035156,203.3000030517578,203.3800048828125,126313.0
2026-07-17 14:36:00,203.38999938964844,203.5200042724609,203.3636016845703,203.42999267578125,138836.0
2026-07-17 14:37:00,203.4199981689453,203.47999572753903,203.2104034423828,203.26499938964844,357463.0
2026-07-17 14:38:00,203.26499938964844,203.4499969482422,203.19000244140625,203.3999938964844,92153.0
2026-07-17 14:39:00,203.3999938964844,203.42100524902344,203.27999877929688,203.33999633789065,98778.0
2026-07-17 14:40:00,203.3500061035156,203.3999938964844,203.07000732421875,203.1199951171875,130104.0
2026-07-17 14:41:00,203.1199951171875,203.15499877929688,202.97999572753903,203.07000732421875,211266.0
2026-07-17 14:42:00,203.07000732421875,203.15350341796875,202.8000030517578,202.9499969482422,202723.0
2026-07-17 14:43:00,202.9199981689453,203.02999877929688,202.8800048828125,202.92999267578125,173197.0
2026-07-17 14:44:00,202.8999938964844,203.10960388183597,202.8999938964844,203.07000732421875,133036.0
2026-07-17 14:45:00,203.07000732421875,203.1699981689453,202.9900054931641,203.05999755859372,113604.0
2026-07-17 14:46:00,203.0399932861328,203.3000030517578,202.9600067138672,203.26499938964844,147537.0
2026-07-17 14:47:00,203.25999450683597,203.3800048828125,203.17999267578125,203.3600006103516,146822.0
2026-07-17 14:48:00,203.3800048828125,203.47000122070312,203.3000030517578,203.38999938964844,185328.0
2026-07-17 14:49:00,203.3800048828125,203.47000122070312,203.2050018310547,203.2250061035156,138045.0
2026-07-17 14:50:00,203.2250061035156,203.25900268554688,203.05999755859372,203.1199951171875,149570.0
2026-07-17 14:51:00,203.13999938964844,203.27999877929688,203.1199951171875,203.1499938964844,101213.0
2026-07-17 14:52:00,203.1450042724609,203.25,203.08999633789065,203.2001037597656,128369.0
2026-07-17 14:53:00,203.21499633789065,203.3999938964844,203.1999969482422,203.3350067138672,126117.0
2026-07-17 14:54:00,203.33999633789065,203.6269989013672,203.25999450683597,203.59500122070312,139758.0
2026-07-17 14:55:00,203.60989379882807,203.6708984375,203.50999450683597,203.5200042724609,180855.0
2026-07-17 14:56:00,203.50999450683597,203.5200042724609,203.19000244140625,203.1999969482422,168160.0
2026-07-17 14:57:00,203.2350006103516,203.30999755859372,203.13009643554688,203.2749938964844,126942.0
2026-07-17 14:58:00,203.2700042724609,203.3500061035156,203.17999267578125,203.2904052734375,96819.0
2026-07-17 14:59:00,203.3000030517578,203.4199981689453,203.2700042724609,203.30499267578125,409713.0
2026-07-17 15:00:00,203.2949981689453,203.3800048828125,203.2100067138672,203.22999572753903,146629.0
2026-07-17 15:01:00,203.22999572753903,203.3175048828125,203.1300048828125,203.1699981689453,152456.0
2026-07-17 15:02:00,203.1699981689453,203.25,202.9900054931641,203.00999450683597,148916.0
2026-07-17 15:03:00,203.00999450683597,203.17990112304688,202.97000122070312,203.1699981689453,158184.0
2026-07-17 15:04:00,203.1699981689453,203.2384033203125,203.0800018310547,203.08999633789065,146764.0
2026-07-17 15:05:00,203.1000061035156,203.1450042724609,202.92999267578125,203.0449981689453,162237.0
2026-07-17 15:06:00,203.0399932861328,203.0800018310547,202.8999938964844,202.96499633789065,172768.0
2026-07-17 15:07:00,202.9600067138672,202.9900054931641,202.75,202.75,155135.0
2026-07-17 15:08:00,202.75,202.8800048828125,202.72999572753903,202.75010681152344,173119.0
2026-07-17 15:09:00,202.7550048828125,202.83999633789065,202.6804962158203,202.72999572753903,171038.0
2026-07-17 15:10:00,202.7400054931641,202.7700042724609,202.57000732421875,202.6100006103516,222921.0
2026-07-17 15:11:00,202.6000061035156,202.61990356445312,202.3999938964844,202.4900054931641,279578.0
2026-07-17 15:12:00,202.4900054931641,202.5583038330078,202.1100006103516,202.1405029296875,284477.0
2026-07-17 15:13:00,202.1627960205078,202.32000732421875,202.15499877929688,202.2700042724609,309779.0
2026-07-17 15:14:00,202.27999877929688,202.33999633789065,202.19000244140625,202.2700042724609,240426.0
2026-07-17 15:15:00,202.25999450683597,202.31500244140625,201.88999938964844,201.9199981689453,394054.0
2026-07-17 15:16:00,201.94000244140625,202.00999450683597,201.6999969482422,201.72000122070312,328818.0
2026-07-17 15:17:00,201.72000122070312,201.8000030517578,201.63009643554688,201.7550048828125,307844.0
2026-07-17 15:18:00,201.76499938964844,202.0800018310547,201.7449951171875,201.9747009277344,381090.0
2026-07-17 15:19:00,201.97000122070312,202.30999755859372,201.94500732421875,202.2250061035156,329989.0
2026-07-17 15:20:00,202.22000122070312,202.2899932861328,202.1000061035156,202.25999450683597,238319.0
2026-07-17 15:21:00,202.25999450683597,202.3500061035156,202.1999969482422,202.25,172727.0
2026-07-17 15:22:00,202.25,202.2539978027344,202.1020050048828,202.1499938964844,174635.0
2026-07-17 15:23:00,202.1699981689453,202.2899932861328,202.0800018310547,202.25,159599.0
2026-07-17 15:24:00,202.25,202.32000732421875,202.1100006103516,202.1100006103516,186985.0
2026-07-17 15:25:00,202.1000061035156,202.1598052978516,201.9600067138672,202.07000732421875,175094.0
2026-07-17 15:26:00,202.0399932861328,202.25,202.0249938964844,202.1999969482422,204634.0
2026-07-17 15:27:00,202.16009521484372,202.5498962402344,202.08999633789065,202.52999877929688,242722.0
2026-07-17 15:28:00,202.53500366210935,202.85499572753903,202.52999877929688,202.83009338378903,244854.0
2026-07-17 15:29:00,202.82260131835935,203.1100006103516,202.8209991455078,202.96499633789065,304775.0
2026-07-17 15:30:00,202.97000122070312,203.30499267578125,202.83999633789065,202.875,538657.0
2026-07-17 15:31:00,202.82000732421875,203.25999450683597,202.7700042724609,203.16000366210935,298005.0
2026-07-17 15:32:00,203.13999938964844,203.1703948974609,202.9705047607422,203.13999938964844,186532.0
2026-07-17 15:33:00,203.1300048828125,203.2400054931641,203.0301055908203,203.1750030517578,184760.0
2026-07-17 15:34:00,203.16000366210935,203.25,202.8999938964844,202.95989990234372,334313.0
2026-07-17 15:35:00,202.94000244140625,203.0,202.76010131835935,202.8000030517578,215883.0
2026-07-17 15:36:00,202.8000030517578,203.0200042724609,202.7449951171875,203.00999450683597,291199.0
2026-07-17 15:37:00,203.00999450683597,203.3300018310547,202.92010498046875,203.25,258580.0
2026-07-17 15:38:00,203.25999450683597,203.2698974609375,202.91000366210935,202.9600067138672,183370.0
2026-07-17 15:39:00,202.94000244140625,202.94500732421875,202.6000061035156,202.60069274902344,268641.0
2026-07-17 15:40:00,202.6199951171875,202.875,202.5200042724609,202.61990356445312,274989.0
2026-07-17 15:41:00,202.6100006103516,203.0399932861328,202.6000061035156,203.02999877929688,263854.0
2026-07-17 15:42:00,203.02999877929688,203.2310943603516,202.8907012939453,203.21499633789065,194449.0
2026-07-17 15:43:00,203.2183074951172,203.2400054931641,203.08999633789065,203.2100067138672,324373.0
2026-07-17 15:44:00,203.22000122070312,203.2899932861328,203.02999877929688,203.04510498046875,194228.0
2026-07-17 15:45:00,203.02999877929688,203.16000366210935,202.92999267578125,203.03770446777344,275289.0
2026-07-17 15:46:00,203.02999877929688,203.1000061035156,202.8500061035156,202.9600067138672,188537.0
2026-07-17 15:47:00,202.9897003173828,203.2700042724609,202.97999572753903,203.2460021972656,196354.0
2026-07-17 15:48:00,203.25,203.5399932861328,203.25,203.4600067138672,369123.0
2026-07-17 15:49:00,203.43719482421875,203.4799041748047,203.22000122070312,203.3999938964844,207403.0
2026-07-17 15:50:00,203.41000366210935,203.66000366210935,203.33999633789065,203.360107421875,310430.0
2026-07-17 15:51:00,203.39089965820312,203.82000732421875,203.38499450683597,203.7100067138672,301142.0
2026-07-17 15:52:00,203.6999969482422,203.7400054931641,203.41000366210935,203.4949951171875,327263.0
2026-07-17 15:53:00,203.47999572753903,203.67999267578125,203.3800048828125,203.43479919433597,296401.0
2026-07-17 15:54:00,203.43499755859372,203.6100006103516,203.30999755859372,203.50999450683597,432742.0
2026-07-17 15:55:00,203.5500030517578,203.5800018310547,203.2301025390625,203.5072021484375,541811.0
2026-07-17 15:56:00,203.5050048828125,203.5998992919922,203.4499969482422,203.47000122070312,418018.0
2026-07-17 15:57:00,203.47999572753903,203.5500030517578,203.125,203.1499938964844,445733.0
2026-07-17 15:58:00,203.1499938964844,203.3300018310547,203.1100006103516,203.32000732421875,590817.0
2026-07-17 15:59:00,203.31500244140625,203.31500244140625,202.5800018310547,202.63999938964844,2100038.0
2026-07-20 09:30:00,205.9750061035156,205.97999572753903,205.88499450683597,205.9199981689453,4365628.0
2026-07-20 09:31:00,205.97999572753903,206.27999877929688,205.0800018310547,205.40499877929688,774610.0
2026-07-20 09:32:00,205.38999938964844,206.4499969482422,205.35499572753903,206.4499969482422,578919.0
2026-07-20 09:33:00,206.4499969482422,207.33999633789065,206.3500061035156,206.9387969970703,678796.0
2026-07-20 09:34:00,206.88999938964844,207.0200042724609,206.5249938964844,206.75,314886.0
2026-07-20 09:35:00,206.75999450683597,207.1699981689453,206.6100006103516,206.9750061035156,495383.0
2026-07-20 09:36:00,206.96499633789065,207.7400054931641,206.92999267578125,207.6300048828125,642276.0
2026-07-20 09:37:00,207.6300048828125,207.6840057373047,207.3800048828125,207.59500122070312,401644.0
2026-07-20 09:38:00,207.6000061035156,207.72999572753903,207.375,207.53990173339844,411221.0
2026-07-20 09:39:00,207.5399932861328,207.6000061035156,206.92999267578125,206.9550018310547,459040.0
2026-07-20 09:40:00,206.9600067138672,207.47000122070312,206.91000366210935,207.44500732421875,408725.0
2026-07-20 09:41:00,207.44500732421875,207.6100006103516,207.214599609375,207.50999450683597,316263.0
2026-07-20 09:42:00,207.4900054931641,207.4900054931641,206.94000244140625,207.0998992919922,320514.0
2026-07-20 09:43:00,207.0850067138672,207.2700042724609,206.80999755859372,206.85009765625,305816.0
2026-07-20 09:44:00,206.8350067138672,207.2100067138672,206.75880432128903,207.1999969482422,322389.0
2026-07-20 09:45:00,207.1999969482422,207.2998962402344,206.85009765625,206.8800048828125,306128.0
2026-07-20 09:46:00,206.881103515625,207.1488037109375,206.67010498046875,206.80999755859372,309785.0
2026-07-20 09:47:00,206.8000030517578,207.08999633789065,206.67010498046875,206.7899932861328,295702.0
2026-07-20 09:48:00,206.80999755859372,207.16000366210935,206.6649932861328,207.1199951171875,244749.0
2026-07-20 09:49:00,207.1199951171875,207.17999267578125,206.8999938964844,207.1100006103516,225754.0
2026-07-20 09:50:00,207.1300048828125,207.2100067138672,206.6699981689453,206.8600006103516,257089.0
2026-07-20 09:51:00,206.8500061035156,206.94749450683597,206.1499938964844,206.2931060791016,331158.0
2026-07-20 09:52:00,206.3199005126953,206.5500030517578,206.0500030517578,206.5200042724609,405440.0
2026-07-20 09:53:00,206.5200042724609,206.5399932861328,206.1000061035156,206.31500244140625,202902.0
2026-07-20 09:54:00,206.31500244140625,206.38999938964844,206.08999633789065,206.25,217555.0
2026-07-20 09:55:00,206.2449951171875,206.47000122070312,206.1000061035156,206.3500061035156,239087.0
2026-07-20 09:56:00,206.3500061035156,206.3500061035156,206.08999633789065,206.3350067138672,159413.0
2026-07-20 09:57:00,206.31399536132807,206.31399536132807,205.5988006591797,205.66009521484372,314952.0
2026-07-20 09:58:00,205.6499938964844,205.7895050048828,205.6000061035156,205.7100067138672,225422.0
2026-07-20 09:59:00,205.7100067138672,205.85499572753903,205.6199951171875,205.85499572753903,241949.0
2026-07-20 10:00:00,205.8500061035156,205.91050720214844,205.6300048828125,205.8000030517578,210799.0
2026-07-20 10:01:00,205.7899932861328,206.0299072265625,205.51499938964844,205.94000244140625,272156.0
2026-07-20 10:02:00,205.9499969482422,206.3699951171875,205.92999267578125,206.2550048828125,309576.0
2026-07-20 10:03:00,206.25,206.4600067138672,206.24009704589844,206.4149932861328,273234.0
2026-07-20 10:04:00,206.4149932861328,206.57989501953125,206.1300048828125,206.22000122070312,300758.0
2026-07-20 10:05:00,206.23989868164065,206.4900054931641,206.2100067138672,206.38999938964844,193615.0
2026-07-20 10:06:00,206.3699951171875,206.42999267578125,206.0399932861328,206.1649932861328,182555.0
2026-07-20 10:07:00,206.22000122070312,206.2949981689453,205.8903045654297,206.1450042724609,195426.0
2026-07-20 10:08:00,206.16000366210935,206.22000122070312,205.91000366210935,205.96499633789065,138169.0
2026-07-20 10:09:00,205.96499633789065,206.2100067138672,205.8701934814453,206.2100067138672,148416.0
2026-07-20 10:10:00,206.2001037597656,206.2001037597656,205.75050354003903,205.8594970703125,107845.0
2026-07-20 10:11:00,205.8600006103516,205.97999572753903,205.6199951171875,205.77999877929688,183978.0
2026-07-20 10:12:00,205.75999450683597,205.82000732421875,205.3999938964844,205.4949951171875,222387.0
2026-07-20 10:13:00,205.4949951171875,205.55999755859372,205.2700042724609,205.42999267578125,243808.0
2026-07-20 10:14:00,205.4210968017578,205.8300018310547,205.4210968017578,205.6999969482422,190854.0
2026-07-20 10:15:00,205.72000122070312,205.72000122070312,205.4600067138672,205.6199951171875,141693.0
2026-07-20 10:16:00,205.6150054931641,205.66000366210935,205.3000030517578,205.3350067138672,308756.0
2026-07-20 10:17:00,205.3699951171875,205.3950042724609,205.17030334472656,205.26400756835935,258462.0
2026-07-20 10:18:00,205.2449951171875,205.3800048828125,205.17999267578125,205.3350067138672,154478.0
2026-07-20 10:19:00,205.32000732421875,205.3999938964844,204.9600067138672,205.1300048828125,260081.0
2026-07-20 10:20:00,205.1300048828125,205.13999938964844,204.75999450683597,204.8999938964844,192910.0
2026-07-20 10:21:00,204.90499877929688,204.9499969482422,204.66000366210935,204.7550048828125,242887.0
2026-07-20 10:22:00,204.77999877929688,205.19000244140625,204.6999969482422,205.17999267578125,229538.0
2026-07-20 10:23:00,205.1699981689453,205.4600067138672,205.13499450683597,205.360107421875,264423.0
2026-07-20 10:24:00,205.3600006103516,205.6100006103516,205.3600006103516,205.50999450683597,226442.0
2026-07-20 10:25:00,205.50999450683597,205.83999633789065,205.5050048828125,205.72999572753903,228404.0
2026-07-20 10:26:00,205.7400054931641,205.80799865722656,205.5200042724609,205.63999938964844,190338.0
2026-07-20 10:27:00,205.6499938964844,205.8000030517578,205.57000732421875,205.6000061035156,186951.0
2026-07-20 10:28:00,205.6199951171875,205.82000732421875,205.5749969482422,205.6750030517578,157836.0
2026-07-20 10:29:00,205.6661071777344,205.9900054931641,205.6100006103516,205.93499755859372,227605.0
2026-07-20 10:30:00,205.9261016845703,206.25,205.8300018310547,206.17999267578125,472646.0
2026-07-20 10:31:00,206.1699981689453,206.17999267578125,205.7700042724609,205.88650512695312,204671.0
2026-07-20 10:32:00,205.8699951171875,205.9499969482422,205.5500946044922,205.8249969482422,236723.0
2026-07-20 10:33:00,205.80160522460935,205.80160522460935,205.6199951171875,205.65499877929688,134236.0
2026-07-20 10:34:00,205.6750030517578,205.72999572753903,205.52999877929688,205.5500030517578,134005.0
2026-07-20 10:35:00,205.57000732421875,205.78990173339844,205.50999450683597,205.7646026611328,158951.0
2026-07-20 10:36:00,205.779296875,205.779296875,205.3249969482422,205.38999938964844,155189.0
2026-07-20 10:37:00,205.38999938964844,205.58999633789065,205.3800048828125,205.5099029541016,212448.0
2026-07-20 10:38:00,205.5,205.5,205.2100067138672,205.32000732421875,149242.0
2026-07-20 10:39:00,205.3300018310547,205.47999572753903,205.30999755859372,205.4331970214844,83983.0
2026-07-20 10:40:00,205.41000366210935,205.7799072265625,205.41000366210935,205.75,189599.0
2026-07-20 10:41:00,205.75,205.8000030517578,205.5,205.51010131835935,113005.0
2026-07-20 10:42:00,205.5399932861328,205.6699981689453,205.4600982666016,205.56500244140625,107153.0
2026-07-20 10:43:00,205.55999755859372,205.7100067138672,205.41000366210935,205.5200042724609,156578.0
2026-07-20 10:44:00,205.5249938964844,205.6000061035156,205.4600067138672,205.51499938964844,94512.0
2026-07-20 10:45:00,205.52999877929688,205.6999969482422,205.22999572753903,205.63499450683597,176699.0
2026-07-20 10:46:00,205.63999938964844,205.88999938964844,205.57000732421875,205.7700042724609,170871.0
2026-07-20 10:47:00,205.8249969482422,205.8504943847656,205.41310119628903,205.42999267578125,149811.0
2026-07-20 10:48:00,205.3999938964844,205.4499053955078,205.16000366210935,205.2949981689453,141627.0
2026-07-20 10:49:00,205.30999755859372,205.41000366210935,205.19000244140625,205.1999969482422,105036.0
2026-07-20 10:50:00,205.17999267578125,205.32000732421875,205.08999633789065,205.2400054931641,111989.0
2026-07-20 10:51:00,205.2400054931641,205.32000732421875,205.1100006103516,205.18980407714844,106537.0
2026-07-20 10:52:00,205.17999267578125,205.22000122070312,204.8999938964844,204.93499755859372,163688.0
2026-07-20 10:53:00,204.9199981689453,204.97000122070312,204.58009338378903,204.7050018310547,228529.0
2026-07-20 10:54:00,204.72000122070312,204.8300018310547,204.6499938964844,204.72000122070312,134120.0
2026-07-20 10:55:00,204.72000122070312,204.87939453125,204.6000061035156,204.87939453125,113988.0
2026-07-20 10:56:00,204.8500061035156,204.9199981689453,204.6999969482422,204.7749938964844,147045.0
2026-07-20 10:57:00,204.7899932861328,204.8999938964844,204.72999572753903,204.8600006103516,129914.0
2026-07-20 10:58:00,204.8600006103516,204.9900054931641,204.65499877929688,204.77999877929688,214164.0
2026-07-20 10:59:00,204.7700042724609,204.94000244140625,204.69000244140625,204.875,148904.0
2026-07-20 11:00:00,204.875,205.16000366210935,204.71060180664065,205.1499938964844,272970.0
2026-07-20 11:01:00,205.1499938964844,205.3000030517578,205.07000732421875,205.17999267578125,182937.0
2026-07-20 11:02:00,205.1750030517578,205.4900054931641,205.1750030517578,205.4600067138672,192549.0
2026-07-20 11:03:00,205.46499633789065,205.6699981689453,205.4550018310547,205.49920654296875,181347.0
2026-07-20 11:04:00,205.4900054931641,205.5198974609375,205.30999755859372,205.38999938964844,158850.0
2026-07-20 11:05:00,205.3903961181641,205.4600067138672,204.9900054931641,205.05499267578125,166180.0
2026-07-20 11:06:00,205.05499267578125,205.3699951171875,205.02999877929688,205.34019470214844,107147.0
2026-07-20 11:07:00,205.3500061035156,205.6199951171875,205.27999877929688,205.5780029296875,183393.0
2026-07-20 11:08:00,205.5500946044922,205.88999938964844,205.4600067138672,205.76499938964844,176811.0
2026-07-20 11:09:00,205.76499938964844,206.00999450683597,205.610107421875,205.97999572753903,291075.0
2026-07-20 11:10:00,205.96499633789065,205.97999572753903,205.77020263671875,205.82000732421875,139804.0
2026-07-20 11:11:00,205.82000732421875,205.8500061035156,205.6450042724609,205.8052978515625,142931.0
2026-07-20 11:12:00,205.80999755859372,206.0800018310547,205.8000030517578,205.90989685058597,214595.0
2026-07-20 11:13:00,205.90989685058597,205.9600067138672,205.8300018310547,205.83999633789065,115888.0
2026-07-20 11:14:00,205.8500061035156,205.8744964599609,205.6705017089844,205.77999877929688,124615.0
2026-07-20 11:15:00,205.7899932861328,205.92999267578125,205.6300048828125,205.90870666503903,106650.0
2026-07-20 11:16:00,205.8999938964844,206.06500244140625,205.82000732421875,206.01499938964844,119653.0
2026-07-20 11:17:00,206.02999877929688,206.1999969482422,206.0,206.13999938964844,233512.0
2026-07-20 11:18:00,206.13999938964844,206.1499938964844,206.04010009765625,206.08999633789065,135493.0
2026-07-20 11:19:00,206.08999633789065,206.1000061035156,205.83999633789065,205.9199981689453,209753.0
2026-07-20 11:20:00,205.91000366210935,206.1000061035156,205.77999877929688,206.0872039794922,187425.0
2026-07-20 11:21:00,206.08999633789065,206.2400054931641,206.0800018310547,206.1100006103516,181095.0
2026-07-20 11:22:00,206.1100006103516,206.17990112304688,206.04010009765625,206.15499877929688,110513.0
2026-07-20 11:23:00,206.15499877929688,206.4705047607422,206.14010620117188,206.27999877929688,244333.0
2026-07-20 11:24:00,206.2749938964844,206.3883056640625,206.1300048828125,206.13499450683597,187477.0
2026-07-20 11:25:00,206.13499450683597,206.25,206.05999755859372,206.15499877929688,145187.0
2026-07-20 11:26:00,206.17999267578125,206.32000732421875,206.1300048828125,206.13999938964844,139629.0
2026-07-20 11:27:00,206.1419982910156,206.2467041015625,206.0800018310547,206.1649932861328,191734.0
2026-07-20 11:28:00,206.13499450683597,206.23989868164065,206.0,206.07000732421875,254448.0
2026-07-20 11:29:00,206.0500030517578,206.5050048828125,205.97000122070312,206.4900054931641,290017.0
2026-07-20 11:30:00,206.4604949951172,206.53500366210935,206.1999969482422,206.2749938964844,203923.0
2026-07-20 11:31:00,206.28370666503903,206.42990112304688,206.2700042724609,206.375,139586.0
2026-07-20 11:32:00,206.375,206.38499450683597,206.2449951171875,206.2449951171875,112082.0
2026-07-20 11:33:00,206.2449951171875,206.42999267578125,206.1999969482422,206.3699951171875,109085.0
2026-07-20 11:34:00,206.3500061035156,206.42999267578125,206.16000366210935,206.16000366210935,120999.0
2026-07-20 11:35:00,206.1750030517578,206.19000244140625,205.9720001220703,206.08999633789065,132652.0
2026-07-20 11:36:00,206.1000061035156,206.16000366210935,206.0200042724609,206.1150054931641,93013.0
2026-07-20 11:37:00,206.1100006103516,206.1100006103516,205.76010131835935,205.7700042724609,122295.0
2026-07-20 11:38:00,205.7899932861328,205.94000244140625,205.6300048828125,205.7100067138672,146319.0
2026-07-20 11:39:00,205.69000244140625,205.85989379882807,205.5800018310547,205.63999938964844,136067.0
2026-07-20 11:40:00,205.6499938964844,205.67999267578125,205.5,205.5455017089844,127501.0
2026-07-20 11:41:00,205.55999755859372,205.6999969482422,205.55999755859372,205.66009521484372,126836.0
2026-07-20 11:42:00,205.69000244140625,206.0,205.69000244140625,205.9199981689453,205982.0
2026-07-20 11:43:00,205.8999938964844,206.19500732421875,205.8950042724609,206.05499267578125,168894.0
2026-07-20 11:44:00,206.0500030517578,206.17999267578125,205.9600067138672,206.1300048828125,120957.0
2026-07-20 11:45:00,206.1300048828125,206.19000244140625,205.6750030517578,205.75999450683597,303962.0
2026-07-20 11:46:00,205.75,205.77999877929688,205.6000061035156,205.6100006103516,118081.0
2026-07-20 11:47:00,205.60899353027344,205.6499938964844,205.25999450683597,205.3000030517578,173770.0
2026-07-20 11:48:00,205.2700042724609,205.27999877929688,204.91009521484372,204.92999267578125,263899.0
2026-07-20 11:49:00,204.9250030517578,204.97000122070312,204.77999877929688,204.91000366210935,227172.0
2026-07-20 11:50:00,204.8999938964844,205.0200042724609,204.80999755859372,204.97000122070312,200401.0
2026-07-20 11:51:00,204.9750061035156,205.19500732421875,204.9600067138672,205.14089965820312,203603.0
2026-07-20 11:52:00,205.13999938964844,205.1649932861328,205.05999755859372,205.1150054931641,95632.0
2026-07-20 11:53:00,205.1150054931641,205.3500061035156,205.09750366210935,205.3000030517578,146607.0
2026-07-20 11:54:00,205.30999755859372,205.58999633789065,205.30990600585935,205.56500244140625,148233.0
2026-07-20 11:55:00,205.56350708007807,205.72000122070312,205.55999755859372,205.7050018310547,109981.0
2026-07-20 11:56:00,205.72999572753903,205.94000244140625,205.7100067138672,205.92999267578125,121649.0
2026-07-20 11:57:00,205.92999267578125,205.9499969482422,205.80999755859372,205.9199066162109,136850.0
2026-07-20 11:58:00,205.9199066162109,205.9900054931641,205.82069396972656,205.92990112304688,122438.0
2026-07-20 11:59:00,205.92990112304688,206.02999877929688,205.8999938964844,205.92010498046875,145439.0
2026-07-20 12:00:00,205.94000244140625,206.22000122070312,205.8999938964844,206.0249938964844,189674.0
2026-07-20 12:01:00,206.0249938964844,206.08999633789065,205.97999572753903,206.00999450683597,184410.0
2026-07-20 12:02:00,206.0050048828125,206.0399932861328,205.7550048828125,205.8000030517578,151875.0
2026-07-20 12:03:00,205.7899932861328,205.97999572753903,205.74549865722656,205.94500732421875,100994.0
2026-07-20 12:04:00,205.94000244140625,206.0200042724609,205.9300994873047,205.96499633789065,79993.0
2026-07-20 12:05:00,205.9600067138672,206.22000122070312,205.94000244140625,206.16000366210935,110922.0
2026-07-20 12:06:00,206.17999267578125,206.3000030517578,206.1199951171875,206.28500366210935,129960.0
2026-07-20 12:07:00,206.2700042724609,206.3300018310547,206.2350006103516,206.2749938964844,93551.0
2026-07-20 12:08:00,206.27999877929688,206.3300018310547,206.17999267578125,206.2350006103516,121701.0
2026-07-20 12:09:00,206.2324066162109,206.2700042724609,206.16000366210935,206.1699981689453,119199.0
2026-07-20 12:10:00,206.1699981689453,206.3350067138672,206.1280059814453,206.3000030517578,106447.0
2026-07-20 12:11:00,206.3249969482422,206.3343963623047,206.18499755859372,206.19009399414065,109781.0
2026-07-20 12:12:00,206.19000244140625,206.2698974609375,206.1300048828125,206.1300048828125,77430.0
2026-07-20 12:13:00,206.13999938964844,206.1699066162109,205.9080047607422,205.97000122070312,131782.0
2026-07-20 12:14:00,205.9759979248047,205.9759979248047,205.82000732421875,205.889892578125,107451.0
2026-07-20 12:15:00,205.8852996826172,205.91000366210935,205.66000366210935,205.6999969482422,113156.0
2026-07-20 12:16:00,205.6999969482422,205.6999969482422,205.5200042724609,205.5800018310547,130346.0
2026-07-20 12:17:00,205.5800018310547,205.7400054931641,205.55999755859372,205.72000122070312,129135.0
2026-07-20 12:18:00,205.7350006103516,205.7698974609375,205.63999938964844,205.6699981689453,129834.0
2026-07-20 12:19:00,205.67999267578125,205.6999969482422,205.5800018310547,205.6499938964844,111435.0
2026-07-20 12:20:00,205.6699981689453,205.6699981689453,205.5200042724609,205.5749969482422,82911.0
2026-07-20 12:21:00,205.52999877929688,205.75,205.52999877929688,205.72999572753903,136277.0
2026-07-20 12:22:00,205.7250061035156,205.76800537109372,205.63999938964844,205.72450256347656,82833.0
2026-07-20 12:23:00,205.6999969482422,205.6999969482422,205.5800018310547,205.6499938964844,88032.0
2026-07-20 12:24:00,205.6000061035156,205.6100006103516,205.41000366210935,205.4900054931641,110938.0
2026-07-20 12:25:00,205.4900054931641,205.52279663085935,205.22000122070312,205.25,109949.0
2026-07-20 12:26:00,205.25,205.25,205.1300048828125,205.22999572753903,89754.0
2026-07-20 12:27:00,205.22000122070312,205.3000030517578,205.1688995361328,205.2079925537109,95041.0
2026-07-20 12:28:00,205.20989990234372,205.25,205.1499938964844,205.2250061035156,84038.0
2026-07-20 12:29:00,205.22000122070312,205.3500061035156,205.2100067138672,205.2749938964844,141500.0
2026-07-20 12:30:00,205.2899932861328,205.3600006103516,205.18499755859372,205.22000122070312,129337.0
2026-07-20 12:31:00,205.2100067138672,205.2400054931641,205.1499938964844,205.19000244140625,87224.0
2026-07-20 12:32:00,205.1800994873047,205.22000122070312,205.0500030517578,205.05999755859372,131202.0
2026-07-20 12:33:00,205.07009887695312,205.1100006103516,204.9199981689453,204.92999267578125,151424.0
2026-07-20 12:34:00,204.92999267578125,204.97999572753903,204.875,204.88999938964844,132497.0
2026-07-20 12:35:00,204.88999938964844,204.9799041748047,204.8699951171875,204.93499755859372,118274.0
2026-07-20 12:36:00,204.94500732421875,205.1199951171875,204.9199981689453,205.1100006103516,161895.0
2026-07-20 12:37:00,205.1000061035156,205.13999938964844,205.00999450683597,205.13999938964844,121259.0
2026-07-20 12:38:00,205.13999938964844,205.19500732421875,204.97000122070312,205.03990173339844,153350.0
2026-07-20 12:39:00,205.0200042724609,205.1300048828125,205.0,205.1300048828125,99825.0
2026-07-20 12:40:00,205.125,205.1999969482422,204.9600067138672,205.07000732421875,204895.0
2026-07-20 12:41:00,205.0500030517578,205.13999938964844,204.38999938964844,204.7700042724609,557245.0
2026-07-20 12:42:00,204.75,204.82000732421875,204.3699951171875,204.5500030517578,189958.0
2026-07-20 12:43:00,204.5498962402344,204.5500030517578,204.3919982910156,204.42539978027344,98967.0
2026-07-20 12:44:00,204.4499969482422,204.4499969482422,204.2899932861328,204.30999755859372,123279.0
2026-07-20 12:45:00,204.32000732421875,204.34800720214844,204.1999969482422,204.3000030517578,124806.0
2026-07-20 12:46:00,204.28500366210935,204.55999755859372,204.2700042724609,204.55999755859372,141815.0
2026-07-20 12:47:00,204.55999755859372,204.81500244140625,204.5200042724609,204.7449951171875,176490.0
2026-07-20 12:48:00,204.75,204.75,204.63070678710935,204.6999969482422,92015.0
2026-07-20 12:49:00,204.67999267578125,204.75,204.59500122070312,204.6499938964844,90236.0
2026-07-20 12:50:00,204.6649932861328,204.6649932861328,204.3999938964844,204.46060180664065,118258.0
2026-07-20 12:51:00,204.5,204.57989501953125,204.25,204.2689971923828,98965.0
2026-07-20 12:52:00,204.2700042724609,204.2899932861328,204.08999633789065,204.1300048828125,169673.0
2026-07-20 12:53:00,204.1300048828125,204.19000244140625,204.0800018310547,204.1499938964844,108419.0
2026-07-20 12:54:00,204.1499938964844,204.1499938964844,203.8999938964844,203.92999267578125,305674.0
2026-07-20 12:55:00,203.9199981689453,204.0399932861328,203.88070678710935,204.0,95568.0
2026-07-20 12:56:00,204.0,204.0050048828125,203.76199340820312,203.7700042724609,125489.0
2026-07-20 12:57:00,203.77999877929688,203.82989501953125,203.66000366210935,203.7899932861328,192676.0
2026-07-20 12:58:00,203.8000030517578,204.0,203.8000030517578,203.88999938964844,199296.0
2026-07-20 12:59:00,203.8950042724609,204.07000732421875,203.8300018310547,204.0200042724609,135611.0
2026-07-20 13:00:00,204.02999877929688,204.1000061035156,203.97999572753903,204.02999877929688,114173.0
2026-07-20 13:01:00,204.02999877929688,204.0449981689453,203.7100067138672,203.75,138168.0
2026-07-20 13:02:00,203.7700042724609,203.8350067138672,203.72000122070312,203.7998962402344,115046.0
2026-07-20 13:03:00,203.8000030517578,203.82000732421875,203.6499938964844,203.7449951171875,94534.0
2026-07-20 13:04:00,203.73800659179688,203.80999755859372,203.63890075683597,203.6499938964844,200791.0
2026-07-20 13:05:00,203.6499938964844,203.7100067138672,203.56100463867188,203.6499938964844,122769.0
2026-07-20 13:06:00,203.63999938964844,203.66000366210935,203.5265045166016,203.6199951171875,106482.0
2026-07-20 13:07:00,203.625,203.66000366210935,203.5200042724609,203.55079650878903,105939.0
2026-07-20 13:08:00,203.55999755859372,203.6199951171875,203.5,203.53500366210935,102982.0
2026-07-20 13:09:00,203.5399932861328,203.72000122070312,203.52999877929688,203.6199951171875,94838.0
2026-07-20 13:10:00,203.6000061035156,203.6100006103516,203.2700042724609,203.3179931640625,161195.0
2026-07-20 13:11:00,203.3300018310547,203.4499969482422,203.25,203.3500061035156,164274.0
2026-07-20 13:12:00,203.3500061035156,203.3650054931641,203.25999450683597,203.3000030517578,87792.0
2026-07-20 13:13:00,203.3000030517578,203.3699951171875,203.19000244140625,203.33999633789065,174737.0
2026-07-20 13:14:00,203.3350067138672,203.3350067138672,203.1100006103516,203.1999969482422,180669.0
2026-07-20 13:15:00,203.1999969482422,203.2100067138672,203.0426025390625,203.1051025390625,154177.0
2026-07-20 13:16:00,203.1100006103516,203.1999969482422,203.0800018310547,203.1300048828125,112145.0
2026-07-20 13:17:00,203.1300048828125,203.3999938964844,203.1199951171875,203.3800048828125,154226.0
2026-07-20 13:18:00,203.3699951171875,203.5800018310547,203.3699951171875,203.57000732421875,168424.0
2026-07-20 13:19:00,203.55999755859372,203.7100067138672,203.5500030517578,203.67999267578125,208864.0
2026-07-20 13:20:00,203.67010498046875,203.7400054931641,203.5800018310547,203.6699981689453,159213.0
2026-07-20 13:21:00,203.63999938964844,203.80990600585935,203.6150054931641,203.7460021972656,171014.0
2026-07-20 13:22:00,203.7400054931641,203.8699951171875,203.7400054931641,203.8018951416016,172050.0
2026-07-20 13:23:00,203.7949981689453,203.875,203.6999969482422,203.8600006103516,146769.0
2026-07-20 13:24:00,203.85499572753903,203.85499572753903,203.72000122070312,203.7400054931641,116177.0
2026-07-20 13:25:00,203.7400054931641,203.9199981689453,203.67999267578125,203.91000366210935,113504.0
2026-07-20 13:26:00,203.91000366210935,203.91000366210935,203.75010681152344,203.8616943359375,96007.0
2026-07-20 13:27:00,203.87989807128903,203.88340759277344,203.614501953125,203.6750030517578,149762.0
2026-07-20 13:28:00,203.6999969482422,203.72999572753903,203.6499938964844,203.6999969482422,83734.0
2026-07-20 13:29:00,203.7100067138672,203.7899932861328,203.67999267578125,203.7899932861328,77962.0
2026-07-20 13:30:00,203.7899932861328,203.83999633789065,203.6501007080078,203.7700042724609,138503.0
2026-07-20 13:31:00,203.7700042724609,203.8000030517578,203.69000244140625,203.7700042724609,57227.0
2026-07-20 13:32:00,203.7700042724609,203.83999633789065,203.72000122070312,203.82000732421875,70215.0
2026-07-20 13:33:00,203.82000732421875,203.8795928955078,203.7899932861328,203.8600006103516,92304.0
2026-07-20 13:34:00,203.8600006103516,204.0500030517578,203.8500061035156,203.94000244140625,158678.0
2026-07-20 13:35:00,203.92999267578125,204.2100067138672,203.8999938964844,204.1699981689453,153586.0
2026-07-20 13:36:00,204.1699981689453,204.19000244140625,203.9900054931641,204.05999755859372,115941.0
2026-07-20 13:37:00,204.0399932861328,204.1100006103516,203.9853057861328,204.1000061035156,71931.0
2026-07-20 13:38:00,204.1000061035156,204.2250061035156,204.02999877929688,204.1699981689453,99086.0
2026-07-20 13:39:00,204.1499938964844,204.25999450683597,204.08419799804688,204.1000061035156,143930.0
2026-07-20 13:40:00,204.1000061035156,204.1396942138672,203.92010498046875,203.9600067138672,122815.0
2026-07-20 13:41:00,203.9600067138672,203.9900054931641,203.85009765625,203.9750061035156,82156.0
2026-07-20 13:42:00,203.97000122070312,204.07000732421875,203.9259033203125,204.0500030517578,71383.0
2026-07-20 13:43:00,204.0500030517578,204.1300048828125,203.91000366210935,203.94000244140625,82392.0
2026-07-20 13:44:00,203.92999267578125,203.9900054931641,203.8699951171875,203.9750061035156,64263.0
2026-07-20 13:45:00,203.97999572753903,204.30999755859372,203.9750061035156,204.2899932861328,120828.0
2026-07-20 13:46:00,204.2899932861328,204.3800048828125,204.1999969482422,204.2449951171875,141994.0
2026-07-20 13:47:00,204.25,204.2899932861328,204.1793975830078,204.2550048828125,98366.0
2026-07-20 13:48:00,204.26499938964844,204.4199981689453,204.25999450683597,204.3800048828125,94292.0
2026-07-20 13:49:00,204.3916015625,204.3999938964844,204.22000122070312,204.27999877929688,101239.0
2026-07-20 13:50:00,204.2749938964844,204.4199981689453,204.2400054931641,204.3500061035156,83184.0
2026-07-20 13:51:00,204.3600006103516,204.4550018310547,204.2646026611328,204.42999267578125,109104.0
2026-07-20 13:52:00,204.44000244140625,204.58999633789065,204.44000244140625,204.58999633789065,120490.0
2026-07-20 13:53:00,204.5850067138672,204.6000061035156,204.5200042724609,204.58999633789065,112176.0
2026-07-20 13:54:00,204.58999633789065,204.72999572753903,204.58999633789065,204.60499572753903,137632.0
2026-07-20 13:55:00,204.6000061035156,204.6499938964844,204.50999450683597,204.6000061035156,105476.0
2026-07-20 13:56:00,204.6000061035156,204.6000061035156,204.33999633789065,204.4145050048828,108896.0
2026-07-20 13:57:00,204.42999267578125,204.6100006103516,204.42999267578125,204.47999572753903,149699.0
2026-07-20 13:58:00,204.47000122070312,204.5200042724609,204.30999755859372,204.3699951171875,110239.0
2026-07-20 13:59:00,204.3600006103516,204.44000244140625,204.2700042724609,204.43499755859372,123129.0
2026-07-20 14:00:00,204.47000122070312,204.63999938964844,204.4539031982422,204.6300048828125,106536.0
2026-07-20 14:01:00,204.6244964599609,204.88999938964844,204.6100006103516,204.88999938964844,132759.0
2026-07-20 14:02:00,204.8800048828125,204.88999938964844,204.7050018310547,204.7400054931641,128719.0
2026-07-20 14:03:00,204.7449951171875,204.8000030517578,204.58999633789065,204.7100067138672,96740.0
2026-07-20 14:04:00,204.7100067138672,204.7460021972656,204.6000061035156,204.63999938964844,88861.0
2026-07-20 14:05:00,204.6499938964844,204.7400054931641,204.577392578125,204.7100067138672,108531.0
2026-07-20 14:06:00,204.71499633789065,204.71499633789065,204.5500030517578,204.6999969482422,92442.0
2026-07-20 14:07:00,204.72000122070312,204.77999877929688,204.66000366210935,204.6699981689453,105977.0
2026-07-20 14:08:00,204.6750030517578,204.67999267578125,204.60499572753903,204.66000366210935,70421.0
2026-07-20 14:09:00,204.66000366210935,204.77999877929688,204.66000366210935,204.7700042724609,107628.0
2026-07-20 14:10:00,204.77999877929688,204.7899932861328,204.6699981689453,204.72999572753903,83652.0
2026-07-20 14:11:00,204.7400054931641,204.7413024902344,204.57000732421875,204.65499877929688,87617.0
2026-07-20 14:12:00,204.66000366210935,204.88999938964844,204.6300048828125,204.75999450683597,137866.0
2026-07-20 14:13:00,204.75999450683597,204.8699951171875,204.7400054931641,204.84500122070312,101827.0
2026-07-20 14:14:00,204.84500122070312,204.8800048828125,204.75,204.84429931640625,106531.0
2026-07-20 14:15:00,204.8300018310547,204.8500061035156,204.7400054931641,204.83999633789065,126734.0
2026-07-20 14:16:00,204.8300018310547,204.88999938964844,204.75999450683597,204.8401031494141,61469.0
2026-07-20 14:17:00,204.8999938964844,205.01499938964844,204.8800048828125,204.92010498046875,214180.0
2026-07-20 14:18:00,204.92599487304688,204.97000122070312,204.72999572753903,204.8500061035156,116284.0
2026-07-20 14:19:00,204.8500061035156,204.85989379882807,204.7749938964844,204.8000030517578,47123.0
2026-07-20 14:20:00,204.82000732421875,204.82940673828125,204.6199951171875,204.6490936279297,77636.0
2026-07-20 14:21:00,204.64610290527344,204.69960021972656,204.4900054931641,204.6300048828125,131164.0
2026-07-20 14:22:00,204.6300048828125,204.6300048828125,204.47999572753903,204.52999877929688,90239.0
2026-07-20 14:23:00,204.5249938964844,204.53990173339844,204.3600006103516,204.485107421875,98681.0
2026-07-20 14:24:00,204.4900054931641,204.5,204.29010009765625,204.30999755859372,76420.0
2026-07-20 14:25:00,204.30999755859372,204.4499969482422,204.2400054931641,204.4250030517578,114197.0
2026-07-20 14:26:00,204.41000366210935,204.5399932861328,204.3999938964844,204.5050048828125,113919.0
2026-07-20 14:27:00,204.5,204.5200042724609,204.3500061035156,204.3999938964844,74676.0
2026-07-20 14:28:00,204.38999938964844,204.47000122070312,204.3500061035156,204.47000122070312,73310.0
2026-07-20 14:29:00,204.47999572753903,204.5372009277344,204.2899932861328,204.30999755859372,96854.0
2026-07-20 14:30:00,204.3105926513672,204.31500244140625,204.13009643554688,204.15939331054688,130895.0
2026-07-20 14:31:00,204.16000366210935,204.2400054931641,204.07000732421875,204.17999267578125,126382.0
2026-07-20 14:32:00,204.1750030517578,204.1898956298828,204.00999450683597,204.125,82309.0
2026-07-20 14:33:00,204.1199951171875,204.1300048828125,203.91000366210935,203.94000244140625,125459.0
2026-07-20 14:34:00,203.94000244140625,204.00999450683597,203.7899932861328,203.9199981689453,143683.0
2026-07-20 14:35:00,203.9199981689453,204.13999938964844,203.8999938964844,204.0500030517578,115565.0
2026-07-20 14:36:00,204.05999755859372,204.22000122070312,204.0200042724609,204.17999267578125,73434.0
2026-07-20 14:37:00,204.17999267578125,204.25999450683597,204.01499938964844,204.0200042724609,100312.0
2026-07-20 14:38:00,204.01499938964844,204.1000061035156,203.97000122070312,204.03500366210935,94923.0
2026-07-20 14:39:00,204.03500366210935,204.03500366210935,203.83999633789065,203.92999267578125,176535.0
2026-07-20 14:40:00,203.91000366210935,204.0500030517578,203.8500061035156,203.8500061035156,149324.0
2026-07-20 14:41:00,203.8489990234375,203.8600006103516,203.68719482421875,203.8300018310547,175051.0
2026-07-20 14:42:00,203.86990356445312,203.88999938964844,203.7700042724609,203.83999633789065,122980.0
2026-07-20 14:43:00,203.83999633789065,203.8999938964844,203.75999450683597,203.7899932861328,88601.0
2026-07-20 14:44:00,203.8000030517578,203.82989501953125,203.6300048828125,203.6300048828125,135281.0
2026-07-20 14:45:00,203.6300048828125,203.7100067138672,203.4499969482422,203.4709930419922,167854.0
2026-07-20 14:46:00,203.4949951171875,203.63999938964844,203.4949951171875,203.625,121415.0
2026-07-20 14:47:00,203.6300048828125,203.6898956298828,203.5200958251953,203.5998992919922,113599.0
2026-07-20 14:48:00,203.5901031494141,203.5989990234375,203.4936981201172,203.57000732421875,84520.0
2026-07-20 14:49:00,203.57000732421875,203.6000061035156,203.4199981689453,203.42999267578125,88916.0
2026-07-20 14:50:00,203.44000244140625,203.56500244140625,203.3999938964844,203.50999450683597,120527.0
2026-07-20 14:51:00,203.4900054931641,203.5198974609375,203.3500061035156,203.3600006103516,114086.0
2026-07-20 14:52:00,203.38999938964844,203.47000122070312,203.3600006103516,203.38999938964844,132571.0
2026-07-20 14:53:00,203.38999938964844,203.5200042724609,203.3802032470703,203.5050048828125,109168.0
2026-07-20 14:54:00,203.50999450683597,203.5800018310547,203.4600067138672,203.5,127087.0
2026-07-20 14:55:00,203.5,203.54769897460935,203.42999267578125,203.5200042724609,118785.0
2026-07-20 14:56:00,203.5,203.5399932861328,203.38009643554688,203.41000366210935,76301.0
2026-07-20 14:57:00,203.40499877929688,203.406494140625,203.1999969482422,203.2050018310547,141561.0
2026-07-20 14:58:00,203.2050018310547,203.2772979736328,203.13999938964844,203.22999572753903,143566.0
2026-07-20 14:59:00,203.22999572753903,203.3699951171875,203.2100067138672,203.3500061035156,95977.0
2026-07-20 15:00:00,203.3650054931641,203.4600067138672,203.30499267578125,203.44000244140625,99370.0
2026-07-20 15:01:00,203.44970703125,203.47000122070312,203.375,203.4199981689453,98642.0
2026-07-20 15:02:00,203.4199981689453,203.45849609375,203.22999572753903,203.2350006103516,139391.0
2026-07-20 15:03:00,203.2400054931641,203.2528076171875,203.01010131835935,203.0200042724609,174518.0
2026-07-20 15:04:00,203.0200042724609,203.13319396972656,202.82000732421875,202.8350067138672,402326.0
2026-07-20 15:05:00,202.84500122070312,202.92999267578125,202.5800018310547,202.72000122070312,395662.0
2026-07-20 15:06:00,202.7238006591797,202.82000732421875,202.6199951171875,202.8000030517578,260416.0
2026-07-20 15:07:00,202.80990600585935,202.8699951171875,202.66000366210935,202.8300018310547,211168.0
2026-07-20 15:08:00,202.85499572753903,202.97999572753903,202.7700042724609,202.8699951171875,307206.0
2026-07-20 15:09:00,202.875,202.97979736328125,202.8600006103516,202.8999938964844,264384.0
2026-07-20 15:10:00,202.8950042724609,203.22000122070312,202.88999938964844,203.1649932861328,197831.0
2026-07-20 15:11:00,203.1499938964844,203.16009521484372,202.6150054931641,202.76499938964844,250053.0
2026-07-20 15:12:00,202.77999877929688,202.88999938964844,202.6300048828125,202.6999053955078,255549.0
2026-07-20 15:13:00,202.69000244140625,202.69000244140625,202.4499969482422,202.4900054931641,225463.0
2026-07-20 15:14:00,202.50999450683597,202.55999755859372,202.38999938964844,202.4900054931641,178844.0
2026-07-20 15:15:00,202.47999572753903,202.5500030517578,202.3500061035156,202.4149932861328,216500.0
2026-07-20 15:16:00,202.42999267578125,202.55999755859372,202.3000030517578,202.38999938964844,261270.0
2026-07-20 15:17:00,202.3800048828125,202.6300048828125,202.27999877929688,202.44000244140625,215900.0
2026-07-20 15:18:00,202.43919372558597,202.57000732421875,202.42889404296875,202.55999755859372,101017.0
2026-07-20 15:19:00,202.5800018310547,202.6199951171875,202.47999572753903,202.4900054931641,268924.0
2026-07-20 15:20:00,202.5,202.5800018310547,202.44000244140625,202.4600067138672,147330.0
2026-07-20 15:21:00,202.4600067138672,202.52999877929688,202.4199981689453,202.46499633789065,107065.0
2026-07-20 15:22:00,202.46499633789065,202.5200042724609,202.3699951171875,202.4600067138672,113102.0
2026-07-20 15:23:00,202.4600067138672,202.69000244140625,202.36459350585935,202.69000244140625,172942.0
2026-07-20 15:24:00,202.69000244140625,202.7899932861328,202.6199951171875,202.75999450683597,146567.0
2026-07-20 15:25:00,202.75999450683597,202.81500244140625,202.6199951171875,202.6499938964844,109014.0
2026-07-20 15:26:00,202.6450042724609,202.6699981689453,202.5200042724609,202.5800018310547,119452.0
2026-07-20 15:27:00,202.57000732421875,202.6100006103516,202.3701019287109,202.55999755859372,151015.0
2026-07-20 15:28:00,202.5500946044922,202.6300048828125,202.5200958251953,202.5399932861328,103327.0
2026-07-20 15:29:00,202.52999877929688,203.0500030517578,202.50999450683597,202.95989990234372,268810.0
2026-07-20 15:30:00,202.9499969482422,203.00999450683597,202.7400054931641,202.75999450683597,189615.0
2026-07-20 15:31:00,202.76400756835935,203.02999877929688,202.7100067138672,203.0,160339.0
2026-07-20 15:32:00,203.0,203.2400054931641,202.97000122070312,203.22000122070312,215060.0
2026-07-20 15:33:00,203.22999572753903,203.25,203.13009643554688,203.19000244140625,153824.0
2026-07-20 15:34:00,203.19000244140625,203.30999755859372,203.16000366210935,203.1750030517578,150664.0
2026-07-20 15:35:00,203.17999267578125,203.2100067138672,202.8999938964844,202.97999572753903,201186.0
2026-07-20 15:36:00,202.9900054931641,203.05999755859372,202.9053955078125,202.9499969482422,117605.0
2026-07-20 15:37:00,202.9499969482422,203.0,202.8795928955078,202.94000244140625,142334.0
2026-07-20 15:38:00,202.9093017578125,203.139892578125,202.8800048828125,203.081298828125,129129.0
2026-07-20 15:39:00,203.07000732421875,203.19000244140625,202.97000122070312,203.07000732421875,235486.0
2026-07-20 15:40:00,203.07000732421875,203.239501953125,203.02999877929688,203.22000122070312,122229.0
2026-07-20 15:41:00,203.2100067138672,203.3500061035156,203.1699981689453,203.2899932861328,157676.0
2026-07-20 15:42:00,203.30409240722656,203.38999938964844,203.1100006103516,203.15499877929688,204274.0
2026-07-20 15:43:00,203.15499877929688,203.1699981689453,203.0500030517578,203.13510131835935,118638.0
2026-07-20 15:44:00,203.1199951171875,203.1699981689453,203.0399932861328,203.0500030517578,122335.0
2026-07-20 15:45:00,203.0500030517578,203.13499450683597,202.8000030517578,202.8600006103516,223245.0
2026-07-20 15:46:00,202.8699951171875,203.0399932861328,202.7700042724609,203.01499938964844,134732.0
2026-07-20 15:47:00,203.0,203.0249938964844,202.9199981689453,202.96499633789065,127346.0
2026-07-20 15:48:00,202.9499969482422,203.05990600585935,202.9199981689453,203.0500030517578,118372.0
2026-07-20 15:49:00,203.0319976806641,203.3500061035156,203.0200042724609,203.33999633789065,263827.0
2026-07-20 15:50:00,203.3300018310547,203.3300018310547,202.5800018310547,202.94000244140625,367370.0
2026-07-20 15:51:00,202.9499969482422,202.9900054931641,202.7250061035156,202.8300018310547,212077.0
2026-07-20 15:52:00,202.8000030517578,202.9600067138672,202.6499938964844,202.94000244140625,219978.0
2026-07-20 15:53:00,202.92999267578125,202.9900054931641,202.88999938964844,202.92990112304688,182786.0
2026-07-20 15:54:00,202.91000366210935,203.32000732421875,202.8800048828125,203.2819061279297,344135.0
2026-07-20 15:55:00,203.28500366210935,203.3500061035156,203.0110015869141,203.25,449448.0
2026-07-20 15:56:00,203.25,203.3999938964844,203.2100067138672,203.38999938964844,391738.0
2026-07-20 15:57:00,203.38999938964844,203.38999938964844,203.2700042724609,203.30999755859372,427041.0
2026-07-20 15:58:00,203.30999755859372,203.41000366210935,203.2400054931641,203.3500061035156,572523.0
2026-07-20 15:59:00,203.33999633789065,203.44000244140625,203.25999450683597,203.3800048828125,1415508.0
2026-07-21 09:30:00,207.5399932861328,208.6499938964844,207.4949951171875,207.82000732421875,4751240.0
2026-07-21 09:31:00,207.77780151367188,207.97000122070312,207.0500030517578,207.3800048828125,831096.0
2026-07-21 09:32:00,207.41000366210935,207.4250030517578,206.44000244140625,206.9499969482422,620542.0
2026-07-21 09:33:00,206.97000122070312,207.1403045654297,206.33999633789065,206.3999938964844,521533.0
2026-07-21 09:34:00,206.3999938964844,206.75,206.2949981689453,206.4624938964844,472852.0
2026-07-21 09:35:00,206.47999572753903,206.6999969482422,206.25999450683597,206.6999969482422,468290.0
2026-07-21 09:36:00,206.70730590820312,207.3394927978516,206.62049865722656,206.8000030517578,683962.0
2026-07-21 09:37:00,206.7700042724609,206.839599609375,206.29010009765625,206.7400054931641,375453.0
2026-07-21 09:38:00,206.75999450683597,207.3999938964844,206.7100067138672,207.25999450683597,479840.0
2026-07-21 09:39:00,207.25,207.33999633789065,206.86050415039065,207.06170654296875,406089.0
2026-07-21 09:40:00,207.0800018310547,207.0800018310547,206.5,206.7949981689453,336899.0
2026-07-21 09:41:00,206.8000030517578,206.8600006103516,206.44000244140625,206.6147003173828,402286.0
2026-07-21 09:42:00,206.6100006103516,206.9149932861328,206.4199981689453,206.55999755859372,311763.0
2026-07-21 09:43:00,206.5800018310547,206.88999938964844,206.55999755859372,206.8650054931641,295415.0
2026-07-21 09:44:00,206.8600006103516,207.08999633789065,206.57000732421875,206.6999969482422,397928.0
2026-07-21 09:45:00,206.6999969482422,207.0,206.59469604492188,206.78500366210935,311214.0
2026-07-21 09:46:00,206.8000030517578,207.05999755859372,206.6300048828125,206.66009521484372,324433.0
2026-07-21 09:47:00,206.6699981689453,206.67999267578125,206.22999572753903,206.52999877929688,344000.0
2026-07-21 09:48:00,206.50070190429688,206.6499938964844,206.1000061035156,206.1898956298828,300195.0
2026-07-21 09:49:00,206.17999267578125,206.24989318847656,205.7899932861328,206.1499938964844,483076.0
2026-07-21 09:50:00,206.2050018310547,206.79010009765625,206.19000244140625,206.26010131835935,436114.0
2026-07-21 09:51:00,206.25,206.5,205.94200134277344,206.00250244140625,287081.0
2026-07-21 09:52:00,206.0200042724609,206.1100006103516,205.8300018310547,206.02999877929688,348950.0
2026-07-21 09:53:00,206.01499938964844,206.0518035888672,205.72999572753903,205.83999633789065,334649.0
2026-07-21 09:54:00,205.82000732421875,205.97999572753903,205.53390502929688,205.67999267578125,306465.0
2026-07-21 09:55:00,205.69000244140625,205.8800048828125,205.42999267578125,205.5850067138672,320208.0
2026-07-21 09:56:00,205.58999633789065,205.8699951171875,205.3600006103516,205.41270446777344,383919.0
2026-07-21 09:57:00,205.38999938964844,205.47999572753903,205.1999969482422,205.4499969482422,297943.0
2026-07-21 09:58:00,205.4219970703125,205.46499633789065,204.82000732421875,205.1674041748047,575355.0
2026-07-21 09:59:00,205.16000366210935,205.50999450683597,205.1000061035156,205.44000244140625,255986.0
2026-07-21 10:00:00,205.44000244140625,205.9199981689453,205.38999938964844,205.6300048828125,404914.0
2026-07-21 10:01:00,205.63250732421875,205.63250732421875,205.3300018310547,205.4499969482422,237522.0
2026-07-21 10:02:00,205.42999267578125,205.42999267578125,204.97999572753903,205.0200042724609,296498.0
2026-07-21 10:03:00,205.01649475097656,205.04269409179688,204.4600067138672,204.69000244140625,395890.0
2026-07-21 10:04:00,204.697998046875,204.7449951171875,204.3500061035156,204.4949951171875,330008.0
2026-07-21 10:05:00,204.5200042724609,204.83999633789065,204.25999450683597,204.8249969482422,326306.0
2026-07-21 10:06:00,204.82000732421875,205.05999755859372,204.7606964111328,204.875,322332.0
2026-07-21 10:07:00,204.87350463867188,204.87350463867188,204.51449584960935,204.75999450683597,254815.0
2026-07-21 10:08:00,204.67999267578125,204.7400054931641,204.1999969482422,204.33999633789065,315666.0
2026-07-21 10:09:00,204.33999633789065,204.47999572753903,204.0200958251953,204.19500732421875,377342.0
2026-07-21 10:10:00,204.19500732421875,204.3600006103516,204.05999755859372,204.25999450683597,242362.0
2026-07-21 10:11:00,204.268798828125,204.4499969482422,204.16009521484372,204.43499755859372,232479.0
2026-07-21 10:12:00,204.42999267578125,204.7100067138672,204.41490173339844,204.6609039306641,219871.0
2026-07-21 10:13:00,204.67999267578125,204.7899932861328,204.3600006103516,204.42999267578125,253557.0
2026-07-21 10:14:00,204.43499755859372,204.67999267578125,204.360107421875,204.50010681152344,301893.0
2026-07-21 10:15:00,204.5,204.52999877929688,204.05999755859372,204.1499938964844,331883.0
2026-07-21 10:16:00,204.1649932861328,204.44000244140625,204.01010131835935,204.3925018310547,195446.0
2026-07-21 10:17:00,204.3925018310547,204.57000732421875,204.22000122070312,204.5,170594.0
2026-07-21 10:18:00,204.5200042724609,205.1080017089844,204.4900054931641,205.05499267578125,307316.0
2026-07-21 10:19:00,205.0500946044922,205.25999450683597,205.0399932861328,205.22000122070312,312645.0
2026-07-21 10:20:00,205.2250061035156,205.4499969482422,205.1300048828125,205.16000366210935,342631.0
2026-07-21 10:21:00,205.16000366210935,205.1649932861328,204.72000122070312,204.77999877929688,233343.0
2026-07-21 10:22:00,204.8000030517578,205.00999450683597,204.7801055908203,204.96499633789065,170323.0
2026-07-21 10:23:00,204.9600067138672,204.9850006103516,204.6300048828125,204.7400054931641,188625.0
2026-07-21 10:24:00,204.7400054931641,204.88999938964844,204.7400054931641,204.8500061035156,152453.0
2026-07-21 10:25:00,204.82000732421875,205.1199951171875,204.63999938964844,205.0998992919922,209980.0
2026-07-21 10:26:00,205.09629821777344,205.19000244140625,204.97000122070312,205.1699981689453,165462.0
2026-07-21 10:27:00,205.1450042724609,205.4199066162109,205.1000061035156,205.2301025390625,237492.0
2026-07-21 10:28:00,205.27999877929688,205.41000366210935,205.1699981689453,205.19000244140625,180899.0
2026-07-21 10:29:00,205.19000244140625,205.38999938964844,205.0,205.38999938964844,151288.0
2026-07-21 10:30:00,205.3699951171875,205.4499969482422,205.16000366210935,205.2400054931641,197463.0
2026-07-21 10:31:00,205.2400054931641,205.42999267578125,205.0399932861328,205.3600006103516,160943.0
2026-07-21 10:32:00,205.36090087890625,205.43499755859372,205.06500244140625,205.1100006103516,178720.0
2026-07-21 10:33:00,205.13999938964844,205.13999938964844,204.70030212402344,204.7550048828125,251051.0
2026-07-21 10:34:00,204.75,205.0782012939453,204.7250061035156,204.97000122070312,176981.0
2026-07-21 10:35:00,204.92999267578125,205.16000366210935,204.8800048828125,205.05999755859372,181347.0
2026-07-21 10:36:00,205.0399932861328,205.27999877929688,205.03500366210935,205.25999450683597,149620.0
2026-07-21 10:37:00,205.2700042724609,205.47999572753903,205.22000122070312,205.4600982666016,171065.0
2026-07-21 10:38:00,205.47000122070312,205.5352935791016,205.1999969482422,205.43670654296875,201908.0
2026-07-21 10:39:00,205.44000244140625,205.4996032714844,205.25,205.43499755859372,137561.0
2026-07-21 10:40:00,205.47000122070312,205.47999572753903,205.2100067138672,205.2250061035156,147354.0
2026-07-21 10:41:00,205.2350006103516,205.2550048828125,205.02999877929688,205.0500946044922,147684.0
2026-07-21 10:42:00,205.05999755859372,205.25,204.9199981689453,205.21499633789065,220902.0
2026-07-21 10:43:00,205.21499633789065,205.47000122070312,205.19009399414065,205.375,174429.0
2026-07-21 10:44:00,205.38470458984372,205.5,205.22000122070312,205.4409942626953,168261.0
2026-07-21 10:45:00,205.4499969482422,205.75,205.44000244140625,205.5399932861328,223011.0
2026-07-21 10:46:00,205.5449981689453,205.67999267578125,205.52999877929688,205.5395050048828,155340.0
2026-07-21 10:47:00,205.51499938964844,205.5800018310547,205.2700042724609,205.5449981689453,180499.0
2026-07-21 10:48:00,205.5500030517578,205.88999938964844,205.53500366210935,205.6100006103516,254421.0
2026-07-21 10:49:00,205.6300048828125,205.6898956298828,205.22999572753903,205.24989318847656,210632.0
2026-07-21 10:50:00,205.2350006103516,205.50999450683597,205.08999633789065,205.42999267578125,213081.0
2026-07-21 10:51:00,205.42999267578125,205.50999450683597,205.3000030517578,205.5,126936.0
2026-07-21 10:52:00,205.5050048828125,205.63999938964844,205.4600982666016,205.5399932861328,127060.0
2026-07-21 10:53:00,205.54510498046875,205.58999633789065,205.4665985107422,205.5200042724609,122407.0
2026-07-21 10:54:00,205.51499938964844,205.6000061035156,205.3999938964844,205.4949951171875,126638.0
2026-07-21 10:55:00,205.4949951171875,205.5800018310547,205.3600006103516,205.4900054931641,121962.0
2026-07-21 10:56:00,205.47000122070312,205.47999572753903,205.1699981689453,205.2100067138672,183054.0
2026-07-21 10:57:00,205.1999969482422,205.6499938964844,205.1999969482422,205.6199951171875,165178.0
2026-07-21 10:58:00,205.6575927734375,205.7400054931641,205.5800018310547,205.72000122070312,184666.0
2026-07-21 10:59:00,205.7250061035156,205.88999938964844,205.7100067138672,205.83050537109372,198642.0
2026-07-21 11:00:00,205.8300018310547,206.5800018310547,205.7801055908203,206.33999633789065,719902.0
2026-07-21 11:01:00,206.3504943847656,206.4792022705078,205.9499969482422,205.9900054931641,363188.0
2026-07-21 11:02:00,205.9810028076172,206.05990600585935,205.6699981689453,205.6999969482422,351936.0
2026-07-21 11:03:00,205.69500732421875,205.75999450683597,205.5399932861328,205.72999572753903,180786.0
2026-07-21 11:04:00,205.7400054931641,205.80999755859372,205.5605010986328,205.59120178222656,140235.0
2026-07-21 11:05:00,205.58999633789065,205.72000122070312,205.4600067138672,205.6999969482422,214765.0
2026-07-21 11:06:00,205.68499755859372,206.0200042724609,205.67999267578125,205.96499633789065,235715.0
2026-07-21 11:07:00,205.9750061035156,206.22999572753903,205.93499755859372,206.1999969482422,244533.0
2026-07-21 11:08:00,206.19500732421875,206.22999572753903,205.92999267578125,206.0200042724609,175703.0
2026-07-21 11:09:00,206.03990173339844,206.05999755859372,205.91099548339844,206.0249938964844,160313.0
2026-07-21 11:10:00,206.0399932861328,206.1699066162109,206.00999450683597,206.07000732421875,147378.0
2026-07-21 11:11:00,206.07000732421875,206.1100006103516,205.9700927734375,206.00729370117188,132194.0
2026-07-21 11:12:00,205.9949951171875,206.3199005126953,205.98280334472656,206.30999755859372,159827.0
2026-07-21 11:13:00,206.30499267578125,206.3500061035156,206.2100067138672,206.27999877929688,172370.0
2026-07-21 11:14:00,206.26040649414065,206.2899932861328,206.1100006103516,206.17739868164065,235950.0
2026-07-21 11:15:00,206.2100067138672,206.30099487304688,206.1199951171875,206.21969604492188,176164.0
2026-07-21 11:16:00,206.21139526367188,206.25,206.068603515625,206.1150054931641,168777.0
2026-07-21 11:17:00,206.1300048828125,206.27999877929688,206.1150054931641,206.21499633789065,214080.0
2026-07-21 11:18:00,206.2100067138672,206.2400054931641,206.08999633789065,206.125,174492.0
2026-07-21 11:19:00,206.13499450683597,206.30999755859372,206.0399932861328,206.0800018310547,213695.0
2026-07-21 11:20:00,206.07000732421875,206.0800018310547,205.6999969482422,205.7700042724609,325255.0
2026-07-21 11:21:00,205.7700042724609,206.3800048828125,205.7700042724609,206.2700958251953,295191.0
2026-07-21 11:22:00,206.27999877929688,206.42990112304688,206.22999572753903,206.3699951171875,221512.0
2026-07-21 11:23:00,206.34500122070312,206.4199981689453,206.2350006103516,206.41000366210935,135059.0
2026-07-21 11:24:00,206.41000366210935,206.5,206.35499572753903,206.47000122070312,138432.0
2026-07-21 11:25:00,206.47000122070312,206.6000061035156,206.4250030517578,206.58999633789065,219800.0
2026-07-21 11:26:00,206.58999633789065,206.6499938964844,206.5399932861328,206.62989807128903,212236.0
2026-07-21 11:27:00,206.6199951171875,206.67999267578125,206.5299072265625,206.5625,177005.0
2026-07-21 11:28:00,206.58999633789065,206.72999572753903,206.4830017089844,206.67999267578125,164555.0
2026-07-21 11:29:00,206.6750030517578,206.69000244140625,206.5,206.6000061035156,191023.0
2026-07-21 11:30:00,206.6199951171875,206.8000030517578,206.47390747070312,206.49009704589844,572855.0
2026-07-21 11:31:00,206.5200042724609,206.6300048828125,206.3999938964844,206.4199066162109,139555.0
2026-07-21 11:32:00,206.4001007080078,206.46499633789065,206.32000732421875,206.3500061035156,129486.0
2026-07-21 11:33:00,206.33999633789065,206.44729614257807,206.24009704589844,206.39280700683597,155829.0
2026-07-21 11:34:00,206.4499969482422,206.82000732421875,206.4300994873047,206.7350006103516,214052.0
2026-07-21 11:35:00,206.7449951171875,206.7899932861328,206.55999755859372,206.6450042724609,261861.0
2026-07-21 11:36:00,206.6499938964844,206.81979370117188,206.6000061035156,206.77999877929688,135996.0
2026-07-21 11:37:00,206.75,206.75999450683597,206.6000061035156,206.64010620117188,122794.0
2026-07-21 11:38:00,206.63999938964844,206.65499877929688,206.42999267578125,206.5800018310547,124401.0
2026-07-21 11:39:00,206.55999755859372,206.58990478515625,206.30999755859372,206.4288024902344,138263.0
2026-07-21 11:40:00,206.4149932861328,206.5800018310547,206.4149932861328,206.5406036376953,266149.0
2026-07-21 11:41:00,206.55499267578125,206.6499938964844,206.4900054931641,206.5200042724609,152340.0
2026-07-21 11:42:00,206.50999450683597,206.55999755859372,206.3300018310547,206.4499969482422,163110.0
2026-07-21 11:43:00,206.4499969482422,206.4600067138672,206.25,206.35040283203125,138792.0
2026-07-21 11:44:00,206.3500061035156,206.51499938964844,206.1199951171875,206.1499938964844,682079.0
2026-07-21 11:45:00,206.1450042724609,206.1999969482422,206.00999450683597,206.09500122070312,229881.0
2026-07-21 11:46:00,206.08999633789065,206.1499938964844,206.0399932861328,206.1100006103516,131658.0
2026-07-21 11:47:00,206.1199951171875,206.27999877929688,206.1100006103516,206.22999572753903,180990.0
2026-07-21 11:48:00,206.2350006103516,206.5,206.2350006103516,206.3000030517578,138975.0
2026-07-21 11:49:00,206.3000030517578,206.5,206.27999877929688,206.3800048828125,101477.0
2026-07-21 11:50:00,206.40499877929688,206.4604949951172,206.2899932861328,206.2899932861328,104267.0
2026-07-21 11:51:00,206.27999877929688,206.35989379882807,206.13999938964844,206.2400054931641,104461.0
2026-07-21 11:52:00,206.2350006103516,206.25,206.1199951171875,206.1237945556641,105428.0
2026-07-21 11:53:00,206.1199951171875,206.3000030517578,206.0500030517578,206.25,153335.0
2026-07-21 11:54:00,206.27999877929688,206.30499267578125,205.92999267578125,206.0,3150176.0
2026-07-21 11:55:00,206.00999450683597,206.07000732421875,205.8999938964844,205.9900054931641,132096.0
2026-07-21 11:56:00,206.00999450683597,206.1269989013672,205.9391021728516,206.0399932861328,184972.0
2026-07-21 11:57:00,206.02999877929688,206.039306640625,205.90499877929688,205.9199981689453,74215.0
2026-07-21 11:58:00,205.92999267578125,205.97999572753903,205.8000030517578,205.84979248046875,131031.0
2026-07-21 11:59:00,205.84500122070312,205.84500122070312,205.72000122070312,205.7700042724609,191948.0
2026-07-21 12:00:00,205.77999877929688,205.8999938964844,205.58050537109372,205.82009887695312,192984.0
2026-07-21 12:01:00,205.8500061035156,205.8699951171875,205.7400054931641,205.80999755859372,91720.0
2026-07-21 12:02:00,205.80999755859372,205.9900054931641,205.80999755859372,205.9900054931641,221457.0
2026-07-21 12:03:00,205.9499969482422,206.13999938964844,205.94000244140625,206.11019897460935,203783.0
2026-07-21 12:04:00,206.1150054931641,206.2799072265625,206.1100006103516,206.27099609375,206441.0
2026-07-21 12:05:00,206.2899932861328,206.4980010986328,206.1800994873047,206.4600067138672,188213.0
2026-07-21 12:06:00,206.42999267578125,206.5373992919922,206.31820678710935,206.31820678710935,172113.0
2026-07-21 12:07:00,206.3184051513672,206.33999633789065,206.2001037597656,206.2749938964844,113740.0
2026-07-21 12:08:00,206.26499938964844,206.3999938964844,206.26499938964844,206.30999755859372,115419.0
2026-07-21 12:09:00,206.2899932861328,206.3282012939453,206.1000061035156,206.10009765625,96281.0
2026-07-21 12:10:00,206.1100006103516,206.18499755859372,206.0500030517578,206.0500030517578,111213.0
2026-07-21 12:11:00,206.06500244140625,206.22000122070312,206.0399932861328,206.1999969482422,92242.0
2026-07-21 12:12:00,206.19000244140625,206.1999969482422,206.0449981689453,206.07000732421875,74781.0
2026-07-21 12:13:00,206.06089782714844,206.08999633789065,205.8999938964844,205.94000244140625,144113.0
2026-07-21 12:14:00,205.94000244140625,205.9900054931641,205.8000030517578,205.8249969482422,90260.0
2026-07-21 12:15:00,205.8101043701172,206.1000061035156,205.8000030517578,206.07000732421875,751114.0
2026-07-21 12:16:00,206.06500244140625,206.1000061035156,205.91000366210935,205.9149932861328,102908.0
2026-07-21 12:17:00,205.9149932861328,206.0399932861328,205.9029998779297,205.92999267578125,96760.0
2026-07-21 12:18:00,205.9199981689453,205.9532928466797,205.72999572753903,205.8000030517578,164349.0
2026-07-21 12:19:00,205.8000030517578,205.8498992919922,205.6699981689453,205.8000030517578,126199.0
2026-07-21 12:20:00,205.77999877929688,205.7899932861328,205.66000366210935,205.7100067138672,80535.0
2026-07-21 12:21:00,205.6999969482422,205.9499969482422,205.66000366210935,205.92999267578125,155757.0
2026-07-21 12:22:00,205.94000244140625,205.9499969482422,205.75999450683597,205.7700042724609,95928.0
2026-07-21 12:23:00,205.77999877929688,205.8600006103516,205.66000366210935,205.7400054931641,143898.0
2026-07-21 12:24:00,205.7400054931641,205.7400054931641,205.3999938964844,205.44000244140625,196079.0
2026-07-21 12:25:00,205.44000244140625,205.6100006103516,205.3600006103516,205.375,131329.0
2026-07-21 12:26:00,205.38999938964844,205.38999938964844,205.1499938964844,205.19000244140625,196269.0
2026-07-21 12:27:00,205.1999969482422,205.3000030517578,205.0200042724609,205.1501007080078,177502.0
2026-07-21 12:28:00,205.16000366210935,205.25,205.110107421875,205.22000122070312,168087.0
2026-07-21 12:29:00,205.22000122070312,205.25,205.0850067138672,205.0850067138672,128766.0
2026-07-21 12:30:00,205.0800018310547,205.13499450683597,204.97000122070312,205.01499938964844,289797.0
2026-07-21 12:31:00,205.00999450683597,205.0299072265625,204.8300018310547,204.8999938964844,176205.0
2026-07-21 12:32:00,204.9149932861328,205.0399932861328,204.88999938964844,204.96499633789065,402658.0
2026-07-21 12:33:00,204.9799041748047,205.02999877929688,204.94000244140625,204.97999572753903,109139.0
2026-07-21 12:34:00,204.9750061035156,205.0200042724609,204.93499755859372,204.9900054931641,638112.0
2026-07-21 12:35:00,204.9900054931641,205.0500030517578,204.9199981689453,204.94000244140625,143159.0
2026-07-21 12:36:00,204.9499969482422,205.04299926757807,204.8500061035156,205.0,125635.0
2026-07-21 12:37:00,205.01280212402344,205.0720977783203,204.96499633789065,205.05999755859372,119873.0
2026-07-21 12:38:00,205.05499267578125,205.0800018310547,205.00999450683597,205.0198974609375,135028.0
2026-07-21 12:39:00,205.0,205.1000061035156,204.96060180664065,205.0995941162109,115841.0
2026-07-21 12:40:00,205.0800018310547,205.3950042724609,205.07009887695312,205.30499267578125,228276.0
2026-07-21 12:41:00,205.27999877929688,205.32550048828125,205.1999969482422,205.2700042724609,139503.0
2026-07-21 12:42:00,205.26499938964844,205.33999633789065,205.17999267578125,205.22000122070312,140737.0
2026-07-21 12:43:00,205.2200927734375,205.3699951171875,205.1999969482422,205.3401031494141,116076.0
2026-07-21 12:44:00,205.3500061035156,205.3500061035156,205.2830047607422,205.32000732421875,80104.0
2026-07-21 12:45:00,205.3300018310547,205.4199981689453,205.2100067138672,205.22000122070312,213959.0
2026-07-21 12:46:00,205.21499633789065,205.22000122070312,204.97000122070312,205.00999450683597,199331.0
2026-07-21 12:47:00,205.0,205.10389709472656,204.9900054931641,205.0,438039.0
2026-07-21 12:48:00,204.97999572753903,205.1208038330078,204.97000122070312,205.01089477539065,145406.0
2026-07-21 12:49:00,205.0399932861328,205.1999969482422,205.00999450683597,205.12989807128903,203480.0
2026-07-21 12:50:00,205.1150054931641,205.16000366210935,205.0,205.0500030517578,100146.0
2026-07-21 12:51:00,205.0500030517578,205.31629943847656,205.0500030517578,205.30999755859372,165792.0
2026-07-21 12:52:00,205.32000732421875,205.3500061035156,205.25999450683597,205.32000732421875,86863.0
2026-07-21 12:53:00,205.30999755859372,205.33999633789065,205.25,205.25,113542.0
2026-07-21 12:54:00,205.2550048828125,205.3800048828125,205.2400054931641,205.3650054931641,125630.0
2026-07-21 12:55:00,205.3800048828125,205.3800048828125,205.2100067138672,205.30499267578125,119103.0
2026-07-21 12:56:00,205.30499267578125,205.31500244140625,205.2104949951172,205.2198944091797,84493.0
2026-07-21 12:57:00,205.2100067138672,205.2955017089844,205.13999938964844,205.16000366210935,96077.0
2026-07-21 12:58:00,205.1699981689453,205.27999877929688,205.1699981689453,205.2700042724609,89149.0
2026-07-21 12:59:00,205.2700042724609,205.50729370117188,205.2400054931641,205.4573974609375,328330.0
2026-07-21 13:00:00,205.4550018310547,205.57000732421875,205.38499450683597,205.3993988037109,260713.0
2026-07-21 13:01:00,205.38999938964844,205.55999755859372,205.33999633789065,205.52999877929688,177215.0
2026-07-21 13:02:00,205.52999877929688,205.52999877929688,205.3800048828125,205.4850006103516,118291.0
2026-07-21 13:03:00,205.4850006103516,205.55499267578125,205.3000030517578,205.30999755859372,141544.0
2026-07-21 13:04:00,205.30999755859372,205.3950042724609,205.3000030517578,205.33999633789065,97253.0
2026-07-21 13:05:00,205.3600006103516,205.47000122070312,205.32000732421875,205.4199981689453,124050.0
2026-07-21 13:06:00,205.42999267578125,205.47000122070312,205.3650054931641,205.38999938964844,142739.0
2026-07-21 13:07:00,205.38999938964844,205.4900054931641,205.3000030517578,205.40499877929688,150303.0
2026-07-21 13:08:00,205.40499877929688,205.66650390625,205.38499450683597,205.6499938964844,190764.0
2026-07-21 13:09:00,205.6300048828125,205.8000030517578,205.6300048828125,205.7100067138672,330627.0
2026-07-21 13:10:00,205.7100067138672,205.97999572753903,205.7100067138672,205.8800048828125,323194.0
2026-07-21 13:11:00,205.86790466308597,206.13999938964844,205.82000732421875,206.0449981689453,404830.0
2026-07-21 13:12:00,206.05999755859372,206.1300048828125,205.83999633789065,206.10060119628903,348723.0
2026-07-21 13:13:00,206.09500122070312,206.16000366210935,205.9499969482422,206.0500030517578,313890.0
2026-07-21 13:14:00,206.05999755859372,206.3600006103516,206.0,206.35499572753903,302773.0
2026-07-21 13:15:00,206.35009765625,206.35499572753903,206.1302032470703,206.2250061035156,309483.0
2026-07-21 13:16:00,206.2100067138672,206.32000732421875,206.1645050048828,206.30999755859372,385553.0
2026-07-21 13:17:00,206.32000732421875,206.3300018310547,206.06500244140625,206.1750030517578,240092.0
2026-07-21 13:18:00,206.19000244140625,206.2899932861328,206.1499938964844,206.25999450683597,158221.0
2026-07-21 13:19:00,206.2550048828125,206.26870727539065,206.0,206.0200958251953,263525.0
2026-07-21 13:20:00,206.0200042724609,206.1999969482422,205.97000122070312,206.19009399414065,167172.0
2026-07-21 13:21:00,206.2050018310547,206.2400054931641,205.97999572753903,205.9900054931641,144290.0
2026-07-21 13:22:00,205.97999572753903,206.02999877929688,205.8999938964844,205.9199981689453,141354.0
2026-07-21 13:23:00,205.91000366210935,205.9900054931641,205.88499450683597,205.92999267578125,102979.0
2026-07-21 13:24:00,205.92999267578125,206.02999877929688,205.9073028564453,205.9600067138672,86380.0
2026-07-21 13:25:00,205.9499969482422,205.97999572753903,205.77999877929688,205.8999938964844,130067.0
2026-07-21 13:26:00,205.8950042724609,206.02999877929688,205.875,205.9900054931641,185206.0
2026-07-21 13:27:00,205.99989318847656,206.02999877929688,205.8500061035156,205.8699951171875,114857.0
2026-07-21 13:28:00,205.8650054931641,205.87989807128903,205.67999267578125,205.69000244140625,160589.0
2026-07-21 13:29:00,205.68499755859372,206.13999938964844,205.68499755859372,206.125,303339.0
2026-07-21 13:30:00,206.125,206.3500061035156,206.125,206.3500061035156,212803.0
2026-07-21 13:31:00,206.33009338378903,206.67999267578125,206.3300018310547,206.63999938964844,258732.0
2026-07-21 13:32:00,206.6499938964844,206.7400054931641,206.54010009765625,206.6100006103516,360678.0
2026-07-21 13:33:00,206.6100006103516,206.7899932861328,206.58729553222656,206.6304931640625,194981.0
2026-07-21 13:34:00,206.6499938964844,206.9499053955078,206.63499450683597,206.88499450683597,281686.0
2026-07-21 13:35:00,206.88499450683597,206.8999938964844,206.66290283203125,206.72000122070312,155228.0
2026-07-21 13:36:00,206.72000122070312,206.7700042724609,206.610107421875,206.6999969482422,147575.0
2026-07-21 13:37:00,206.6999969482422,206.77999877929688,206.6649932861328,206.7100067138672,119025.0
2026-07-21 13:38:00,206.72000122070312,206.7700042724609,206.6499938964844,206.68069458007807,94156.0
2026-07-21 13:39:00,206.69419860839844,206.89990234375,206.69000244140625,206.89990234375,159076.0
2026-07-21 13:40:00,206.8905029296875,206.9199981689453,206.7700042724609,206.82000732421875,148009.0
2026-07-21 13:41:00,206.79010009765625,206.8699951171875,206.72999572753903,206.85499572753903,124570.0
2026-07-21 13:42:00,206.85499572753903,206.96499633789065,206.83999633789065,206.8527984619141,134680.0
2026-07-21 13:43:00,206.860107421875,206.91000366210935,206.76499938964844,206.80499267578125,102917.0
2026-07-21 13:44:00,206.7899932861328,206.84039306640625,205.7111968994141,206.75999450683597,164185.0
2026-07-21 13:45:00,206.77020263671875,206.8800048828125,206.6100006103516,206.63999938964844,117182.0
2026-07-21 13:46:00,206.6300048828125,206.85389709472656,206.5500030517578,206.77999877929688,155935.0
2026-07-21 13:47:00,206.77999877929688,206.92999267578125,206.7700042724609,206.8300018310547,120041.0
2026-07-21 13:48:00,206.8350067138672,206.8867034912109,206.75,206.8000030517578,88997.0
2026-07-21 13:49:00,206.80349731445312,206.83999633789065,206.69500732421875,206.8300018310547,105074.0
2026-07-21 13:50:00,206.83999633789065,206.8500061035156,206.75,206.75,69937.0
2026-07-21 13:51:00,206.7516021728516,206.75999450683597,206.6499938964844,206.7100067138672,100435.0
2026-07-21 13:52:00,206.72999572753903,206.72999572753903,206.5399932861328,206.58009338378903,111342.0
2026-07-21 13:53:00,206.57000732421875,206.5749969482422,206.44000244140625,206.47000122070312,119252.0
2026-07-21 13:54:00,206.4604949951172,206.49989318847656,206.3950042724609,206.4499969482422,85688.0
2026-07-21 13:55:00,206.44500732421875,206.4900054931641,206.3701019287109,206.38999938964844,100672.0
2026-07-21 13:56:00,206.3699951171875,206.42999267578125,206.3000946044922,206.3249969482422,104389.0
2026-07-21 13:57:00,206.322998046875,206.322998046875,206.1999969482422,206.22000122070312,139341.0
2026-07-21 13:58:00,206.2350006103516,206.2971954345703,206.17999267578125,206.19500732421875,82140.0
2026-07-21 13:59:00,206.1999969482422,206.3159942626953,206.19500732421875,206.25999450683597,110495.0
2026-07-21 14:00:00,206.2700042724609,206.52999877929688,206.2100067138672,206.5249938964844,128172.0
2026-07-21 14:01:00,206.53500366210935,206.6100006103516,206.5,206.6000061035156,129516.0
2026-07-21 14:02:00,206.59500122070312,206.6499938964844,206.3699951171875,206.43960571289065,130972.0
2026-07-21 14:03:00,206.42999267578125,206.5,206.35499572753903,206.3999938964844,131597.0
2026-07-21 14:04:00,206.41000366210935,206.44000244140625,206.33999633789065,206.33999633789065,86839.0
2026-07-21 14:05:00,206.3300018310547,206.5,206.3000030517578,206.47000122070312,106861.0
2026-07-21 14:06:00,206.4698944091797,206.58999633789065,206.4600067138672,206.52999877929688,85257.0
2026-07-21 14:07:00,206.51010131835935,206.5800018310547,206.4850006103516,206.4904937744141,93095.0
2026-07-21 14:08:00,206.50999450683597,206.50999450683597,206.3600006103516,206.4199981689453,85325.0
2026-07-21 14:09:00,206.4169006347656,206.47999572753903,206.3800048828125,206.38999938964844,60622.0
2026-07-21 14:10:00,206.3800048828125,206.43850708007807,206.33999633789065,206.3699951171875,75064.0
2026-07-21 14:11:00,206.3699951171875,206.3800048828125,206.3000030517578,206.3500061035156,79903.0
2026-07-21 14:12:00,206.35400390625,206.44000244140625,206.2700042724609,206.27999877929688,95360.0
2026-07-21 14:13:00,206.25999450683597,206.3500061035156,206.2400054931641,206.2899932861328,84562.0
2026-07-21 14:14:00,206.3000030517578,206.3500061035156,206.16000366210935,206.17999267578125,154199.0
2026-07-21 14:15:00,206.18499755859372,206.2799072265625,206.1800994873047,206.2700042724609,92826.0
2026-07-21 14:16:00,206.26499938964844,206.2946014404297,206.1999969482422,206.2100982666016,92217.0
2026-07-21 14:17:00,206.22999572753903,206.30499267578125,206.22000122070312,206.27999877929688,57140.0
2026-07-21 14:18:00,206.2799072265625,206.2799072265625,206.07000732421875,206.0800018310547,127164.0
2026-07-21 14:19:00,206.07000732421875,206.1304931640625,206.0200042724609,206.1199951171875,87670.0
2026-07-21 14:20:00,206.125,206.1300048828125,206.00999450683597,206.0749969482422,93128.0
2026-07-21 14:21:00,206.08999633789065,206.1000061035156,205.94000244140625,205.9499969482422,106280.0
2026-07-21 14:22:00,205.9499969482422,206.2100067138672,205.94720458984372,206.1699981689453,132053.0
2026-07-21 14:23:00,206.16009521484372,206.19500732421875,206.09500122070312,206.19000244140625,79676.0
2026-07-21 14:24:00,206.19000244140625,206.44000244140625,206.13009643554688,206.32000732421875,203829.0
2026-07-21 14:25:00,206.32009887695312,206.3600006103516,206.2400054931641,206.31219482421875,89110.0
2026-07-21 14:26:00,206.31500244140625,206.3600006103516,206.1999969482422,206.22000122070312,123356.0
2026-07-21 14:27:00,206.22000122070312,206.25999450683597,206.16000366210935,206.19000244140625,82497.0
2026-07-21 14:28:00,206.1800994873047,206.2698974609375,206.1800994873047,206.22000122070312,64899.0
2026-07-21 14:29:00,206.22000122070312,206.3000030517578,206.2100067138672,206.25,81948.0
2026-07-21 14:30:00,206.24989318847656,206.389892578125,206.23800659179688,206.3300018310547,116962.0
2026-07-21 14:31:00,206.3300018310547,206.44000244140625,206.27999877929688,206.3249969482422,125645.0
2026-07-21 14:32:00,206.3249969482422,206.3300018310547,206.22999572753903,206.2749938964844,101154.0
2026-07-21 14:33:00,206.2749938964844,206.32000732421875,206.22000122070312,206.2250061035156,124363.0
2026-07-21 14:34:00,206.22999572753903,206.4600067138672,206.22999572753903,206.3699951171875,116491.0
2026-07-21 14:35:00,206.33999633789065,206.5590057373047,206.33999633789065,206.52999877929688,128362.0
2026-07-21 14:36:00,206.5399932861328,206.5498962402344,206.44000244140625,206.52999877929688,105391.0
2026-07-21 14:37:00,206.5399932861328,206.77999877929688,206.5200958251953,206.76499938964844,181404.0
2026-07-21 14:38:00,206.7700042724609,206.8800048828125,206.76199340820312,206.7899932861328,151478.0
2026-07-21 14:39:00,206.77999877929688,206.8600006103516,206.72999572753903,206.8280029296875,113306.0
2026-07-21 14:40:00,206.8249969482422,206.84500122070312,206.75999450683597,206.8249969482422,89061.0
2026-07-21 14:41:00,206.8300018310547,206.9199981689453,206.7899932861328,206.90499877929688,155269.0
2026-07-21 14:42:00,206.90499877929688,206.9900054931641,206.88999938964844,206.94900512695312,197567.0
2026-07-21 14:43:00,206.94000244140625,206.9499969482422,206.88999938964844,206.9199981689453,110536.0
2026-07-21 14:44:00,206.92990112304688,207.0697021484375,206.92990112304688,207.0,332607.0
2026-07-21 14:45:00,207.0,207.17990112304688,206.91000366210935,207.1499938964844,222415.0
2026-07-21 14:46:00,207.14010620117188,207.27999877929688,207.1100006103516,207.26499938964844,263889.0
2026-07-21 14:47:00,207.2700042724609,207.2700042724609,207.1800994873047,207.2700042724609,176431.0
2026-07-21 14:48:00,207.25999450683597,207.2899932861328,207.1100006103516,207.1100006103516,190983.0
2026-07-21 14:49:00,207.1100006103516,207.1100006103516,206.9499969482422,206.9499969482422,149760.0
2026-07-21 14:50:00,206.9550018310547,207.0272979736328,206.92930603027344,207.0200042724609,87627.0
2026-07-21 14:51:00,207.0200042724609,207.0800018310547,206.9900054931641,207.0749969482422,115309.0
2026-07-21 14:52:00,207.0800018310547,207.32000732421875,207.0800018310547,207.3000030517578,182734.0
2026-07-21 14:53:00,207.3000030517578,207.34500122070312,207.1100006103516,207.17010498046875,172024.0
2026-07-21 14:54:00,207.17999267578125,207.25999450683597,207.0200042724609,207.02999877929688,135882.0
2026-07-21 14:55:00,207.0399932861328,207.19000244140625,207.0200042724609,207.1649932861328,129379.0
2026-07-21 14:56:00,207.1699981689453,207.3000030517578,207.1300048828125,207.1649932861328,159532.0
2026-07-21 14:57:00,207.1649932861328,207.22000122070312,207.0800018310547,207.1000061035156,133634.0
2026-07-21 14:58:00,207.08999633789065,207.10499572753903,207.0200042724609,207.0249938964844,76524.0
2026-07-21 14:59:00,207.0249938964844,207.1999969482422,207.0249938964844,207.1699981689453,101596.0
2026-07-21 15:00:00,207.18499755859372,207.3000030517578,207.1450042724609,207.22999572753903,161275.0
2026-07-21 15:01:00,207.2400054931641,207.2400054931641,206.92999267578125,206.9573974609375,170497.0
2026-07-21 15:02:00,206.94200134277344,207.0,206.8600006103516,206.91000366210935,126941.0
2026-07-21 15:03:00,206.88999938964844,206.92999267578125,206.77999877929688,206.79010009765625,141465.0
2026-07-21 15:04:00,206.7998046875,206.9199981689453,206.77999877929688,206.77999877929688,119269.0
2026-07-21 15:05:00,206.7700042724609,206.91000366210935,206.7100067138672,206.8397979736328,154530.0
2026-07-21 15:06:00,206.8350067138672,206.8350067138672,206.72000122070312,206.7700042724609,118616.0
2026-07-21 15:07:00,206.75999450683597,206.8500061035156,206.72000122070312,206.806396484375,127031.0
2026-07-21 15:08:00,206.82000732421875,206.8300018310547,206.6000061035156,206.6300048828125,186810.0
2026-07-21 15:09:00,206.625,206.6999969482422,206.5,206.5399932861328,1641334.0
2026-07-21 15:10:00,206.5500030517578,206.69000244140625,206.5,206.55999755859372,155991.0
2026-07-21 15:11:00,206.55999755859372,206.6499938964844,206.5399932861328,206.6499938964844,103089.0
2026-07-21 15:12:00,206.6699981689453,206.7250061035156,206.6300048828125,206.6750030517578,126989.0
2026-07-21 15:13:00,206.66000366210935,206.8000030517578,206.63999938964844,206.78500366210935,126560.0
2026-07-21 15:14:00,206.78500366210935,206.7949981689453,206.6909027099609,206.72999572753903,168120.0
2026-07-21 15:15:00,206.72000122070312,206.75,206.610107421875,206.69000244140625,127066.0
2026-07-21 15:16:00,206.66000366210935,206.83999633789065,206.6100006103516,206.82730102539065,150556.0
2026-07-21 15:17:00,206.82009887695312,207.0399932861328,206.80499267578125,206.83999633789065,217117.0
2026-07-21 15:18:00,206.85499572753903,207.0,206.8500061035156,206.9499969482422,193796.0
2026-07-21 15:19:00,206.9499969482422,207.0200042724609,206.94000244140625,206.9600067138672,103448.0
2026-07-21 15:20:00,206.9499969482422,207.1100006103516,206.8999938964844,207.1000061035156,151837.0
2026-07-21 15:21:00,207.08999633789065,207.106201171875,207.0,207.0572967529297,125736.0
2026-07-21 15:22:00,207.0500030517578,207.0500030517578,206.92999267578125,207.0399932861328,113888.0
2026-07-21 15:23:00,207.04229736328125,207.0800018310547,206.9600067138672,207.05999755859372,101665.0
2026-07-21 15:24:00,207.0601043701172,207.19000244140625,207.05999755859372,207.1000061035156,203625.0
2026-07-21 15:25:00,207.0800018310547,207.13999938964844,206.9499969482422,206.9600067138672,154623.0
2026-07-21 15:26:00,206.97000122070312,207.05499267578125,206.8800048828125,207.02999877929688,147722.0
2026-07-21 15:27:00,207.02999877929688,207.08999633789065,206.9499969482422,206.96499633789065,129959.0
2026-07-21 15:28:00,206.97999572753903,206.97999572753903,206.8300018310547,206.84500122070312,118214.0
2026-07-21 15:29:00,206.83999633789065,206.8500061035156,206.71499633789065,206.7700042724609,214279.0
2026-07-21 15:30:00,206.7899932861328,206.9499969482422,206.6100006103516,206.7400054931641,194111.0
2026-07-21 15:31:00,206.7700042724609,206.97000122070312,206.76499938964844,206.94000244140625,145314.0
2026-07-21 15:32:00,206.94500732421875,207.0,206.8500061035156,206.96499633789065,167991.0
2026-07-21 15:33:00,206.96499633789065,207.05569458007807,206.92999267578125,206.9550018310547,187574.0
2026-07-21 15:34:00,206.9501037597656,206.9949951171875,206.9129943847656,206.9199981689453,101376.0
2026-07-21 15:35:00,206.92999267578125,207.02999877929688,206.88499450683597,207.0,116361.0
2026-07-21 15:36:00,207.0,207.1199951171875,206.96499633789065,207.1199951171875,136608.0
2026-07-21 15:37:00,207.110107421875,207.16900634765625,207.00999450683597,207.07000732421875,193939.0
2026-07-21 15:38:00,207.0749969482422,207.13999938964844,206.97000122070312,207.0399932861328,171794.0
2026-07-21 15:39:00,207.0500030517578,207.05999755859372,206.9600067138672,207.00999450683597,113199.0
2026-07-21 15:40:00,207.02999877929688,207.13999938964844,206.9900054931641,207.1199951171875,154950.0
2026-07-21 15:41:00,207.1100006103516,207.2100067138672,207.02099609375,207.16000366210935,234340.0
2026-07-21 15:42:00,207.15499877929688,207.1999969482422,207.1000061035156,207.1199951171875,190245.0
2026-07-21 15:43:00,207.1199951171875,207.1300048828125,206.97999572753903,207.05999755859372,160682.0
2026-07-21 15:44:00,207.05999755859372,207.0635986328125,206.9199981689453,206.92999267578125,116850.0
2026-07-21 15:45:00,206.92999267578125,207.0200042724609,206.8820037841797,206.94500732421875,191641.0
2026-07-21 15:46:00,206.94639587402344,206.9600067138672,206.7899932861328,206.81739807128903,105969.0
2026-07-21 15:47:00,206.82000732421875,206.8500061035156,206.6499938964844,206.80999755859372,149135.0
2026-07-21 15:48:00,206.8000030517578,206.91200256347656,206.7707061767578,206.82000732421875,188296.0
2026-07-21 15:49:00,206.8300018310547,206.8699951171875,206.8000030517578,206.8209991455078,132512.0
2026-07-21 15:50:00,206.82000732421875,207.0,206.5,206.8600006103516,404658.0
2026-07-21 15:51:00,206.85499572753903,206.92999267578125,206.72999572753903,206.82000732421875,291484.0
2026-07-21 15:52:00,206.82000732421875,206.92999267578125,206.75999450683597,206.7899932861328,259794.0
2026-07-21 15:53:00,206.7700042724609,207.05999755859372,206.7700042724609,206.96499633789065,403827.0
2026-07-21 15:54:00,206.9600067138672,207.3000030517578,206.95599365234372,207.2400054931641,469040.0
2026-07-21 15:55:00,207.2400054931641,207.5800018310547,207.2400054931641,207.3999938964844,794095.0
2026-07-21 15:56:00,207.4002990722656,207.47000122070312,207.32000732421875,207.4199981689453,538969.0
2026-07-21 15:57:00,207.4149932861328,207.82009887695312,207.4149932861328,207.67999267578125,958778.0
2026-07-21 15:58:00,207.6699981689453,207.7100067138672,207.5301971435547,207.5399932861328,908099.0
2026-07-21 15:59:00,207.53500366210935,207.55499267578125,207.1199951171875,207.17999267578125,2257552.0
2026-07-22 09:30:00,205.80499267578125,206.2400054931641,204.9499969482422,205.6999053955078,3760180.0
2026-07-22 09:31:00,205.6699981689453,206.05999755859372,205.22999572753903,205.52999877929688,4078512.0
2026-07-22 09:32:00,205.55999755859372,205.9846954345703,205.2100067138672,205.9499969482422,313350.0
2026-07-22 09:33:00,205.97999572753903,206.51499938964844,205.8800048828125,206.41000366210935,347636.0
2026-07-22 09:34:00,206.3999938964844,206.8300018310547,206.33999633789065,206.66000366210935,330652.0
2026-07-22 09:35:00,206.63999938964844,207.05999755859372,206.57000732421875,206.8500061035156,498683.0
2026-07-22 09:36:00,206.8592071533203,207.0399932861328,206.5,206.57000732421875,399840.0
2026-07-22 09:37:00,206.54010009765625,206.8650054931641,206.54010009765625,206.78500366210935,215705.0
2026-07-22 09:38:00,206.77999877929688,206.7899932861328,206.2899932861328,206.30999755859372,236829.0
2026-07-22 09:39:00,206.3000030517578,206.8699951171875,206.16000366210935,206.7899932861328,329892.0
2026-07-22 09:40:00,206.8074951171875,206.8999938964844,206.4889068603516,206.69320678710935,342193.0
2026-07-22 09:41:00,206.69000244140625,207.27999877929688,206.6300048828125,207.2700042724609,535073.0
2026-07-22 09:42:00,207.28990173339844,207.38999938964844,207.1300048828125,207.2700042724609,420086.0
2026-07-22 09:43:00,207.2790985107422,207.3800048828125,207.01499938964844,207.27999877929688,381114.0
2026-07-22 09:44:00,207.25999450683597,207.42999267578125,207.0800018310547,207.26510620117188,296335.0
2026-07-22 09:45:00,207.2700042724609,207.5399932861328,207.01010131835935,207.1499938964844,517433.0
2026-07-22 09:46:00,207.18499755859372,207.2400054931641,206.76499938964844,207.0688018798828,363832.0
2026-07-22 09:47:00,207.1000061035156,207.1100006103516,206.77999877929688,206.8950042724609,180840.0
2026-07-22 09:48:00,206.8999938964844,207.13499450683597,206.8000030517578,207.1150054931641,203268.0
2026-07-22 09:49:00,207.1150054931641,207.3199005126953,207.0200042724609,207.13009643554688,219703.0
2026-07-22 09:50:00,207.13999938964844,207.3500061035156,207.07000732421875,207.2241973876953,177451.0
2026-07-22 09:51:00,207.22509765625,207.72999572753903,207.1699981689453,207.5500030517578,401381.0
2026-07-22 09:52:00,207.5200042724609,207.9900054931641,207.47999572753903,207.77999877929688,500110.0
2026-07-22 09:53:00,207.78500366210935,208.06239318847656,207.7749938964844,208.0500030517578,434002.0
2026-07-22 09:54:00,208.05499267578125,208.22999572753903,207.97000122070312,207.9700927734375,345006.0
2026-07-22 09:55:00,207.9785003662109,208.0200042724609,207.7100067138672,207.81820678710935,314385.0
2026-07-22 09:56:00,207.7899932861328,208.1199951171875,207.7449951171875,207.96499633789065,284567.0
2026-07-22 09:57:00,207.97999572753903,208.00999450683597,207.3999938964844,207.6699981689453,419714.0
2026-07-22 09:58:00,207.6800994873047,207.7165069580078,207.4300994873047,207.5449981689453,386242.0
2026-07-22 09:59:00,207.5449981689453,207.77999877929688,207.51010131835935,207.75,268602.0
2026-07-22 10:00:00,207.72999572753903,207.7700042724609,207.46499633789065,207.5552978515625,310136.0
2026-07-22 10:01:00,207.57000732421875,207.6000061035156,207.4199981689453,207.5,245922.0
2026-07-22 10:02:00,207.47999572753903,207.6000061035156,207.19000244140625,207.6000061035156,257600.0
2026-07-22 10:03:00,207.58999633789065,207.58999633789065,207.2400054931641,207.3697967529297,230530.0
2026-07-22 10:04:00,207.3600006103516,207.5399932861328,207.2899932861328,207.41000366210935,216623.0
2026-07-22 10:05:00,207.42999267578125,207.72999572753903,207.375,207.63999938964844,275555.0
2026-07-22 10:06:00,207.6499938964844,207.65499877929688,207.2700042724609,207.2899932861328,202073.0
2026-07-22 10:07:00,207.3000030517578,207.32899475097656,207.1199951171875,207.1499938964844,215828.0
2026-07-22 10:08:00,207.21499633789065,207.42999267578125,207.1652984619141,207.2899932861328,201992.0
2026-07-22 10:09:00,207.27999877929688,207.3600006103516,206.82000732421875,206.83999633789065,258093.0
2026-07-22 10:10:00,206.82000732421875,206.8498992919922,206.52540588378903,206.73989868164065,311236.0
2026-07-22 10:11:00,206.7250061035156,207.1031951904297,206.72000122070312,207.1000061035156,267300.0
2026-07-22 10:12:00,207.08009338378903,207.38999938964844,207.0749969482422,207.2250061035156,258181.0
2026-07-22 10:13:00,207.2250061035156,207.3300018310547,206.9700927734375,207.00999450683597,242589.0
2026-07-22 10:14:00,207.00999450683597,207.1699981689453,206.9620056152344,207.0500030517578,158836.0
2026-07-22 10:15:00,207.05999755859372,207.13999938964844,206.55999755859372,206.6300048828125,272870.0
2026-07-22 10:16:00,206.6100006103516,206.8500061035156,206.58999633789065,206.8000030517578,199493.0
2026-07-22 10:17:00,206.7801055908203,206.85330200195312,206.6000061035156,206.7949981689453,126522.0
2026-07-22 10:18:00,206.79510498046875,206.8600006103516,206.58999633789065,206.6649932861328,147307.0
2026-07-22 10:19:00,206.66000366210935,207.18499755859372,206.6100006103516,207.18499755859372,202475.0
2026-07-22 10:20:00,207.1999969482422,207.54949951171875,207.1199951171875,207.51510620117188,252144.0
2026-07-22 10:21:00,207.5186004638672,207.5850067138672,207.25010681152344,207.2765045166016,211747.0
2026-07-22 10:22:00,207.2700042724609,207.32000732421875,207.0500030517578,207.0500030517578,182322.0
2026-07-22 10:23:00,207.07000732421875,207.07009887695312,206.6199951171875,206.63999938964844,312115.0
2026-07-22 10:24:00,206.6219940185547,206.8600006103516,206.5,206.8600006103516,304834.0
2026-07-22 10:25:00,206.8600006103516,206.9900054931641,206.75999450683597,206.82000732421875,165354.0
2026-07-22 10:26:00,206.83990478515625,206.94000244140625,206.50010681152344,206.5220947265625,182880.0
2026-07-22 10:27:00,206.5249938964844,206.67999267578125,206.46490478515625,206.6150054931641,236158.0
2026-07-22 10:28:00,206.6150054931641,206.66000366210935,206.5200042724609,206.6300048828125,137886.0
2026-07-22 10:29:00,206.6300048828125,206.80999755859372,206.58999633789065,206.79949951171875,216463.0
2026-07-22 10:30:00,206.8000030517578,206.9799041748047,206.5601043701172,206.6150054931641,698767.0
2026-07-22 10:31:00,206.6100006103516,206.6699066162109,206.4499969482422,206.6300048828125,246096.0
2026-07-22 10:32:00,206.6392974853516,207.2017059326172,206.6392974853516,207.15499877929688,347762.0
2026-07-22 10:33:00,207.15069580078125,207.25,207.0500030517578,207.0850067138672,223667.0
2026-07-22 10:34:00,207.08999633789065,207.1100006103516,206.88999938964844,206.90989685058597,160424.0
2026-07-22 10:35:00,206.8999938964844,207.13999938964844,206.8699951171875,207.125,153502.0
2026-07-22 10:36:00,207.125,207.6000061035156,207.125,207.57000732421875,297050.0
2026-07-22 10:37:00,207.58999633789065,207.6999969482422,207.38999938964844,207.38999938964844,244878.0
2026-07-22 10:38:00,207.40040588378903,207.6100006103516,207.3000946044922,207.58999633789065,194217.0
2026-07-22 10:39:00,207.5850067138672,207.73989868164065,207.4900054931641,207.7239990234375,170735.0
2026-07-22 10:40:00,207.72369384765625,208.17999267578125,207.63999938964844,207.9295959472656,413304.0
2026-07-22 10:41:00,207.94500732421875,208.0,207.60499572753903,207.60499572753903,236778.0
2026-07-22 10:42:00,207.60499572753903,207.6300048828125,207.3500061035156,207.3656005859375,267183.0
2026-07-22 10:43:00,207.3999938964844,207.4320068359375,207.1199951171875,207.3249969482422,212612.0
2026-07-22 10:44:00,207.30999755859372,207.4199981689453,207.2306060791016,207.28990173339844,155238.0
2026-07-22 10:45:00,207.2949981689453,207.4203948974609,207.17999267578125,207.35470581054688,184025.0
2026-07-22 10:46:00,207.375,207.7599029541016,207.3699951171875,207.6199951171875,230955.0
2026-07-22 10:47:00,207.5850067138672,207.6199951171875,207.4129943847656,207.55999755859372,162348.0
2026-07-22 10:48:00,207.55999755859372,207.97000122070312,207.47999572753903,207.91000366210935,237516.0
2026-07-22 10:49:00,207.9199981689453,208.0198974609375,207.6000061035156,207.84500122070312,180626.0
2026-07-22 10:50:00,207.8500061035156,207.9199981689453,207.63999938964844,207.8000030517578,149707.0
2026-07-22 10:51:00,207.79010009765625,207.97999572753903,207.67999267578125,207.9573974609375,178002.0
2026-07-22 10:52:00,207.97000122070312,208.1779937744141,207.8300018310547,207.875,387198.0
2026-07-22 10:53:00,207.8699951171875,208.25999450683597,207.8600006103516,207.91050720214844,273842.0
2026-07-22 10:54:00,207.92999267578125,208.1985015869141,207.92999267578125,208.125,198209.0
2026-07-22 10:55:00,208.08999633789065,208.4900054931641,207.9499969482422,208.4691925048828,289469.0
2026-07-22 10:56:00,208.468505859375,208.6450042724609,208.4600982666016,208.59500122070312,323860.0
2026-07-22 10:57:00,208.58999633789065,209.3000030517578,208.5850067138672,209.21429443359372,747357.0
2026-07-22 10:58:00,209.1999969482422,209.5,209.1699981689453,209.47000122070312,542181.0
2026-07-22 10:59:00,209.47000122070312,209.4900054931641,209.13999938964844,209.22999572753903,349702.0
2026-07-22 11:00:00,209.17999267578125,209.42999267578125,209.1000061035156,209.29969787597656,479620.0
2026-07-22 11:01:00,209.3000030517578,209.5,209.3000030517578,209.38999938964844,278423.0
2026-07-22 11:02:00,209.38999938964844,209.55999755859372,209.3600006103516,209.47000122070312,306850.0
2026-07-22 11:03:00,209.46859741210935,209.73989868164065,209.4550018310547,209.72000122070312,274669.0
2026-07-22 11:04:00,209.7400054931641,209.8950042724609,209.69000244140625,209.7899932861328,386094.0
2026-07-22 11:05:00,209.7899932861328,210.2100067138672,209.77999877929688,210.1602020263672,860404.0
2026-07-22 11:06:00,210.1699981689453,210.8000030517578,210.1407928466797,210.53500366210935,788121.0
2026-07-22 11:07:00,210.5301971435547,211.08999633789065,210.3699951171875,210.9745941162109,879170.0
2026-07-22 11:08:00,210.9750061035156,211.5850067138672,210.92999267578125,211.56500244140625,634261.0
2026-07-22 11:09:00,211.56500244140625,211.80499267578125,211.3699951171875,211.6499938964844,675212.0
2026-07-22 11:10:00,211.63999938964844,212.33999633789065,211.6199951171875,212.1699981689453,1026983.0
2026-07-22 11:11:00,212.16009521484372,212.38999938964844,211.88119506835935,212.01499938964844,753762.0
2026-07-22 11:12:00,212.0200042724609,212.8791961669922,211.82000732421875,212.8650054931641,909816.0
2026-07-22 11:13:00,212.8699951171875,213.1100006103516,212.4900054931641,212.6300048828125,1047125.0
2026-07-22 11:14:00,212.63999938964844,213.02999877929688,212.4499969482422,212.99639892578125,609297.0
2026-07-22 11:15:00,213.0200042724609,213.2400054931641,212.8600006103516,213.05999755859372,869577.0
2026-07-22 11:16:00,213.05999755859372,213.4499969482422,212.8800048828125,213.4499969482422,714629.0
2026-07-22 11:17:00,213.44200134277344,213.5458984375,213.1699981689453,213.1699981689453,915631.0
2026-07-22 11:18:00,213.21499633789065,213.22999572753903,212.6000061035156,212.6199951171875,761072.0
2026-07-22 11:19:00,212.6100006103516,212.81900024414065,212.50999450683597,212.71560668945312,976948.0
2026-07-22 11:20:00,212.71380615234372,212.8361053466797,212.6000061035156,212.72000122070312,580399.0
2026-07-22 11:21:00,212.7250061035156,212.72999572753903,212.27999877929688,212.3300018310547,531392.0
2026-07-22 11:22:00,212.3300018310547,212.41000366210935,212.1199951171875,212.3498992919922,546073.0
2026-07-22 11:23:00,212.3300018310547,212.6699981689453,212.22000122070312,212.5,467573.0
2026-07-22 11:24:00,212.4900054931641,212.7554931640625,212.3300018310547,212.41000366210935,406983.0
2026-07-22 11:25:00,212.3800048828125,212.5500030517578,212.22000122070312,212.5399932861328,342621.0
2026-07-22 11:26:00,212.53500366210935,212.5800018310547,212.3600006103516,212.42999267578125,381954.0
2026-07-22 11:27:00,212.4199981689453,212.5399932861328,212.3300018310547,212.47720336914065,308785.0
2026-07-22 11:28:00,212.47999572753903,212.70989990234372,212.44000244140625,212.5050048828125,313348.0
2026-07-22 11:29:00,212.5050048828125,212.5449981689453,212.1199951171875,212.1999969482422,302011.0
2026-07-22 11:30:00,212.2250061035156,212.65499877929688,212.1999969482422,212.55999755859372,366973.0
2026-07-22 11:31:00,212.568603515625,212.6699981689453,212.4300994873047,212.4501037597656,257161.0
2026-07-22 11:32:00,212.4499969482422,212.5800018310547,212.24009704589844,212.4499969482422,243256.0
2026-07-22 11:33:00,212.42999267578125,212.57000732421875,212.25,212.2700042724609,202978.0
2026-07-22 11:34:00,212.28500366210935,212.4900054931641,212.0800018310547,212.38999938964844,488375.0
2026-07-22 11:35:00,212.38999938964844,212.52999877929688,212.3800048828125,212.50999450683597,350948.0
2026-07-22 11:36:00,212.5200042724609,212.55999755859372,212.377197265625,212.4550018310547,214430.0
2026-07-22 11:37:00,212.4550018310547,212.50999450683597,212.08999633789065,212.13999938964844,288047.0
2026-07-22 11:38:00,212.1699981689453,212.2700042724609,212.00999450683597,212.05999755859372,314016.0
2026-07-22 11:39:00,212.05999755859372,212.05999755859372,211.83999633789065,211.9322052001953,306779.0
2026-07-22 11:40:00,211.9454040527344,212.3300018310547,211.8999938964844,212.2200927734375,305803.0
2026-07-22 11:41:00,212.22999572753903,212.3650054931641,212.08009338378903,212.1750030517578,262030.0
2026-07-22 11:42:00,212.18179321289065,212.1894989013672,211.9700927734375,212.0449981689453,199130.0
2026-07-22 11:43:00,212.05999755859372,212.13999938964844,211.97999572753903,212.0749969482422,166497.0
2026-07-22 11:44:00,212.0749969482422,212.2100067138672,211.94000244140625,211.9850006103516,306680.0
2026-07-22 11:45:00,211.9850006103516,212.1499938964844,211.8800048828125,211.9199981689453,196995.0
2026-07-22 11:46:00,211.91009521484372,212.1699981689453,211.91009521484372,212.04640197753903,225971.0
2026-07-22 11:47:00,212.04949951171875,212.1898956298828,211.97999572753903,212.08999633789065,188461.0
2026-07-22 11:48:00,212.0968017578125,212.2700042724609,211.97000122070312,212.11219787597656,268978.0
2026-07-22 11:49:00,212.13999938964844,212.42999267578125,212.0399932861328,212.42999267578125,240679.0
2026-07-22 11:50:00,212.41009521484372,212.4799041748047,212.32000732421875,212.3699951171875,204305.0
2026-07-22 11:51:00,212.3793029785156,212.7400054931641,212.3793029785156,212.72999572753903,415765.0
2026-07-22 11:52:00,212.7350006103516,213.6100006103516,212.72999572753903,213.48460388183597,1063516.0
2026-07-22 11:53:00,213.4900054931641,213.53990173339844,213.0200042724609,213.03109741210935,425769.0
2026-07-22 11:54:00,213.02999877929688,213.1300048828125,212.80999755859372,212.875,460879.0
2026-07-22 11:55:00,212.8650054931641,212.9199981689453,212.66000366210935,212.91000366210935,249362.0
2026-07-22 11:56:00,212.92970275878903,213.05999755859372,212.8600006103516,212.9398956298828,237065.0
2026-07-22 11:57:00,212.94000244140625,212.97000122070312,212.67999267578125,212.75,198378.0
2026-07-22 11:58:00,212.75,213.1499938964844,212.7400054931641,213.1450042724609,261244.0
2026-07-22 11:59:00,213.13999938964844,213.4499969482422,213.1199951171875,213.2301025390625,435792.0
2026-07-22 12:00:00,213.2100067138672,213.42990112304688,213.19000244140625,213.38999938964844,251406.0
2026-07-22 12:01:00,213.38999938964844,213.5500030517578,213.31500244140625,213.48019409179688,544938.0
2026-07-22 12:02:00,213.47999572753903,213.6999969482422,213.38999938964844,213.6300048828125,392662.0
2026-07-22 12:03:00,213.6150054931641,213.6300048828125,213.3300018310547,213.34500122070312,313695.0
2026-07-22 12:04:00,213.34500122070312,213.55909729003903,213.2100067138672,213.55499267578125,427072.0
2026-07-22 12:05:00,213.55999755859372,213.69000244140625,213.5399932861328,213.6499938964844,320258.0
2026-07-22 12:06:00,213.64010620117188,213.6649932861328,213.47000122070312,213.53399658203125,257315.0
2026-07-22 12:07:00,213.5200042724609,213.57000732421875,213.3701019287109,213.3905029296875,264521.0
2026-07-22 12:08:00,213.40499877929688,213.5500030517578,213.2899932861328,213.4900054931641,305277.0
2026-07-22 12:09:00,213.4949951171875,213.4949951171875,213.16200256347656,213.17999267578125,222173.0
2026-07-22 12:10:00,213.17999267578125,213.2400054931641,212.9944000244141,213.0699005126953,295875.0
2026-07-22 12:11:00,213.06939697265625,213.22000122070312,212.9149932861328,212.9456024169922,377110.0
2026-07-22 12:12:00,212.93649291992188,213.1768035888672,212.93649291992188,213.1360015869141,305364.0
2026-07-22 12:13:00,213.139892578125,213.3000030517578,213.1199951171875,213.22999572753903,201935.0
2026-07-22 12:14:00,213.2400054931641,213.5196075439453,213.23699951171875,213.4700927734375,679280.0
2026-07-22 12:15:00,213.47000122070312,213.97999572753903,213.44000244140625,213.72000122070312,667008.0
2026-07-22 12:16:00,213.72900390625,213.83999633789065,213.5200042724609,213.6300048828125,312982.0
2026-07-22 12:17:00,213.63999938964844,214.1699981689453,213.6300048828125,214.16000366210935,808121.0
2026-07-22 12:18:00,214.1501007080078,214.25,214.1000061035156,214.1999969482422,456747.0
2026-07-22 12:19:00,214.20989990234372,214.25999450683597,213.9199981689453,213.9499969482422,426653.0
2026-07-22 12:20:00,213.9600067138672,214.19000244140625,213.7700042724609,214.11070251464844,439462.0
2026-07-22 12:21:00,214.10499572753903,214.25,213.97000122070312,213.9900054931641,310376.0
2026-07-22 12:22:00,213.9900054931641,214.02999877929688,213.77999877929688,213.77999877929688,271197.0
2026-07-22 12:23:00,213.760498046875,214.0,213.75999450683597,213.80499267578125,310323.0
2026-07-22 12:24:00,213.80999755859372,214.02999877929688,213.7700042724609,213.97999572753903,278472.0
2026-07-22 12:25:00,213.9700927734375,214.0399932861328,213.83999633789065,214.0200042724609,174713.0
2026-07-22 12:26:00,214.0,214.00999450683597,213.7790069580078,213.8800048828125,158557.0
2026-07-22 12:27:00,213.88999938964844,213.92999267578125,213.7700042724609,213.7899932861328,190020.0
2026-07-22 12:28:00,213.77999877929688,213.77999877929688,213.41000366210935,213.5399932861328,383889.0
2026-07-22 12:29:00,213.5399932861328,213.6199951171875,213.4900054931641,213.5,157842.0
2026-07-22 12:30:00,213.4900054931641,213.7400054931641,213.3800048828125,213.6999969482422,301475.0
2026-07-22 12:31:00,213.69500732421875,213.91000366210935,213.6100006103516,213.6100006103516,271697.0
2026-07-22 12:32:00,213.6100006103516,213.91000366210935,213.5500030517578,213.88999938964844,187400.0
2026-07-22 12:33:00,213.89990234375,214.27999877929688,213.88999938964844,214.2449951171875,437303.0
2026-07-22 12:34:00,214.24009704589844,214.32000732421875,213.9600067138672,214.0050048828125,386825.0
2026-07-22 12:35:00,214.0,214.01499938964844,213.7100067138672,213.80650329589844,258917.0
2026-07-22 12:36:00,213.8000030517578,213.92999267578125,213.7400054931641,213.8699951171875,200645.0
2026-07-22 12:37:00,213.8802032470703,213.8836975097656,213.6699066162109,213.7194976806641,170461.0
2026-07-22 12:38:00,213.72999572753903,213.9600067138672,213.66000366210935,213.9499969482422,166137.0
2026-07-22 12:39:00,213.94009399414065,213.97000122070312,213.7301025390625,213.78500366210935,151723.0
2026-07-22 12:40:00,213.78990173339844,213.8000030517578,213.66000366210935,213.68499755859372,153393.0
2026-07-22 12:41:00,213.69500732421875,213.8300018310547,213.6699981689453,213.81500244140625,267068.0
2026-07-22 12:42:00,213.8000030517578,213.82000732421875,213.69000244140625,213.71499633789065,127952.0
2026-07-22 12:43:00,213.71499633789065,213.83999633789065,213.5500030517578,213.5749969482422,166336.0
2026-07-22 12:44:00,213.58059692382807,213.72999572753903,213.57000732421875,213.5901031494141,118214.0
2026-07-22 12:45:00,213.6199951171875,213.7700042724609,213.5399932861328,213.55990600585935,127779.0
2026-07-22 12:46:00,213.5200042724609,213.66000366210935,213.4600067138672,213.47000122070312,206941.0
2026-07-22 12:47:00,213.47999572753903,213.5200042724609,213.3500061035156,213.5099029541016,264126.0
2026-07-22 12:48:00,213.5,213.56500244140625,213.32000732421875,213.3957061767578,1220604.0
2026-07-22 12:49:00,213.3719940185547,213.4499053955078,213.3401031494141,213.375,125791.0
2026-07-22 12:50:00,213.38999938964844,213.52999877929688,213.32000732421875,213.51499938964844,186983.0
2026-07-22 12:51:00,213.52999877929688,213.7050018310547,213.52999877929688,213.65499877929688,208395.0
2026-07-22 12:52:00,213.6501007080078,213.91000366210935,213.58999633789065,213.7449951171875,199151.0
2026-07-22 12:53:00,213.75,213.88499450683597,213.6999969482422,213.82989501953125,197534.0
2026-07-22 12:54:00,213.8000030517578,213.8300018310547,213.66000366210935,213.7100067138672,149367.0
2026-07-22 12:55:00,213.6999969482422,214.06500244140625,213.6999969482422,214.05499267578125,279994.0
2026-07-22 12:56:00,214.05050659179688,214.08999633789065,213.9510040283203,214.0249938964844,194172.0
2026-07-22 12:57:00,214.0249938964844,214.1699981689453,214.0249938964844,214.125,194306.0
2026-07-22 12:58:00,214.11199951171875,214.1499938964844,213.9501037597656,214.04010009765625,162902.0
2026-07-22 12:59:00,214.02999877929688,214.08999633789065,213.92999267578125,214.00999450683597,222729.0
2026-07-22 13:00:00,214.02999877929688,214.1999969482422,213.97999572753903,214.1840057373047,195410.0
2026-07-22 13:01:00,214.19960021972656,214.33999633789065,214.1199951171875,214.29400634765625,442621.0
2026-07-22 13:02:00,214.27999877929688,214.38999938964844,214.1300048828125,214.1499938964844,75916.0
2026-07-22 13:03:00,214.1499938964844,214.24920654296875,214.05999755859372,214.19000244140625,165489.0
2026-07-22 13:04:00,214.19500732421875,214.19500732421875,214.00999450683597,214.13499450683597,155429.0
2026-07-22 13:05:00,214.13499450683597,214.25999450683597,214.0800018310547,214.19000244140625,168669.0
2026-07-22 13:06:00,214.19000244140625,214.25,214.0500030517578,214.1000061035156,238315.0
2026-07-22 13:07:00,214.1000061035156,214.2700042724609,214.05999755859372,214.2400054931641,208540.0
2026-07-22 13:08:00,214.25,214.25,213.97000122070312,214.0500030517578,152442.0
2026-07-22 13:09:00,214.0500030517578,214.05999755859372,213.8800048828125,214.0200042724609,196100.0
2026-07-22 13:10:00,214.0249938964844,214.0500030517578,213.7400054931641,213.8699951171875,239066.0
2026-07-22 13:11:00,213.8600006103516,213.94000244140625,213.83999633789065,213.8950042724609,178209.0
2026-07-22 13:12:00,213.8950042724609,213.94000244140625,213.77999877929688,213.8600006103516,150897.0
2026-07-22 13:13:00,213.86019897460935,213.86019897460935,213.65499877929688,213.67990112304688,163136.0
2026-07-22 13:14:00,213.67149353027344,213.6999053955078,213.4600067138672,213.4900054931641,218520.0
2026-07-22 13:15:00,213.4900054931641,213.5200042724609,213.25999450683597,213.3202972412109,272399.0
2026-07-22 13:16:00,213.3350067138672,213.45460510253903,213.2700042724609,213.33599853515625,223288.0
2026-07-22 13:17:00,213.3300018310547,213.52999877929688,213.32000732421875,213.5,205962.0
2026-07-22 13:18:00,213.5050048828125,213.50999450683597,213.3600006103516,213.41000366210935,163016.0
2026-07-22 13:19:00,213.41000366210935,213.4199981689453,213.2749938964844,213.3000030517578,180774.0
2026-07-22 13:20:00,213.31919860839844,213.42999267578125,213.2700958251953,213.42999267578125,158960.0
2026-07-22 13:21:00,213.42999267578125,213.4750061035156,213.25,213.3699951171875,194228.0
2026-07-22 13:22:00,213.3730010986328,213.41000366210935,213.1999969482422,213.2899932861328,194785.0
2026-07-22 13:23:00,213.2899932861328,213.72999572753903,213.2899932861328,213.6735992431641,422471.0
2026-07-22 13:24:00,213.6699981689453,213.7700042724609,213.66000366210935,213.72000122070312,167406.0
2026-07-22 13:25:00,213.72999572753903,213.75,213.5601043701172,213.6300048828125,193073.0
2026-07-22 13:26:00,213.63949584960935,213.67999267578125,213.55999755859372,213.6699981689453,114193.0
2026-07-22 13:27:00,213.66000366210935,213.75,213.65499877929688,213.74009704589844,125496.0
2026-07-22 13:28:00,213.74009704589844,213.83999633789065,213.72000122070312,213.7700042724609,171965.0
2026-07-22 13:29:00,213.7593994140625,213.8300018310547,213.7350006103516,213.75999450683597,106574.0
2026-07-22 13:30:00,213.7700042724609,214.17999267578125,213.75,214.1300048828125,295726.0
2026-07-22 13:31:00,214.13999938964844,214.37989807128903,214.1300048828125,214.27999877929688,365057.0
2026-07-22 13:32:00,214.2899932861328,214.30999755859372,213.9199981689453,213.97999572753903,258864.0
2026-07-22 13:33:00,213.9801025390625,214.0050048828125,213.82000732421875,213.94000244140625,185487.0
2026-07-22 13:34:00,213.9499969482422,213.9900054931641,213.6999969482422,213.8199005126953,184685.0
2026-07-22 13:35:00,213.82000732421875,214.05499267578125,213.7400054931641,213.9499053955078,215729.0
2026-07-22 13:36:00,213.97000122070312,214.07550048828125,213.8800048828125,214.0500030517578,146871.0
2026-07-22 13:37:00,214.0500030517578,214.1300048828125,213.9739990234375,213.9850006103516,165731.0
2026-07-22 13:38:00,213.97720336914065,214.0200042724609,213.8800048828125,213.9949951171875,192599.0
2026-07-22 13:39:00,213.9900054931641,214.33999633789065,213.9900054931641,214.28500366210935,293796.0
2026-07-22 13:40:00,214.28500366210935,214.3498992919922,214.16000366210935,214.22000122070312,230419.0
2026-07-22 13:41:00,214.21429443359372,214.21429443359372,213.97999572753903,214.0249938964844,171372.0
2026-07-22 13:42:00,214.0,214.0500030517578,213.8800048828125,213.8950042724609,174556.0
2026-07-22 13:43:00,213.8950042724609,213.9199981689453,213.7700042724609,213.7749938964844,183975.0
2026-07-22 13:44:00,213.78599548339844,213.9055938720703,213.7700042724609,213.8500061035156,146861.0
2026-07-22 13:45:00,213.8500061035156,214.0760040283203,213.82000732421875,214.03500366210935,153687.0
2026-07-22 13:46:00,214.03500366210935,214.15989685058597,213.9199981689453,214.0449981689453,206877.0
2026-07-22 13:47:00,214.02999877929688,214.0800018310547,213.9199981689453,213.9900054931641,124789.0
2026-07-22 13:48:00,213.9900054931641,214.0,213.9199981689453,213.9499969482422,116343.0
2026-07-22 13:49:00,213.9499969482422,214.05999755859372,213.93670654296875,213.9490966796875,166871.0
2026-07-22 13:50:00,213.9600067138672,213.97999572753903,213.8800048828125,213.97000122070312,123478.0
2026-07-22 13:51:00,213.96820068359372,214.0249938964844,213.92999267578125,214.0050048828125,107335.0
2026-07-22 13:52:00,214.0,214.0050048828125,213.8300018310547,213.8809967041016,152181.0
2026-07-22 13:53:00,213.8500061035156,213.8600006103516,213.7400054931641,213.77999877929688,171573.0
2026-07-22 13:54:00,213.77999877929688,213.7899932861328,213.56500244140625,213.5800018310547,179838.0
2026-07-22 13:55:00,213.5800018310547,213.67999267578125,213.4600982666016,213.58999633789065,180553.0
2026-07-22 13:56:00,213.6000061035156,213.7599029541016,213.5399932861328,213.66099548339844,197639.0
2026-07-22 13:57:00,213.66009521484372,213.72999572753903,213.47999572753903,213.5399932861328,153042.0
2026-07-22 13:58:00,213.53599548339844,213.6100006103516,213.4801025390625,213.52999877929688,156965.0
2026-07-22 13:59:00,213.52999877929688,213.610107421875,213.5,213.6000061035156,114638.0
2026-07-22 14:00:00,213.58999633789065,213.8600006103516,213.58999633789065,213.7902069091797,224976.0
2026-07-22 14:01:00,213.8000030517578,213.83999633789065,213.6522979736328,213.80999755859372,136817.0
2026-07-22 14:02:00,213.8300018310547,213.8650054931641,213.5800018310547,213.6862945556641,178539.0
2026-07-22 14:03:00,213.6927947998047,213.75,213.55999755859372,213.6699981689453,136296.0
2026-07-22 14:04:00,213.67999267578125,213.78500366210935,213.6100006103516,213.7599029541016,117053.0
2026-07-22 14:05:00,213.75,213.82000732421875,213.6699981689453,213.7350006103516,93161.0
2026-07-22 14:06:00,213.7301025390625,213.83999633789065,213.6999969482422,213.78500366210935,102571.0
2026-07-22 14:07:00,213.78500366210935,213.86990356445312,213.6699981689453,213.8600006103516,141799.0
2026-07-22 14:08:00,213.8600006103516,213.88999938964844,213.6699981689453,213.6999969482422,137623.0
2026-07-22 14:09:00,213.7100067138672,213.72000122070312,213.5800018310547,213.5850067138672,159325.0
2026-07-22 14:10:00,213.5800018310547,213.83999633789065,213.50999450683597,213.8354034423828,189072.0
2026-07-22 14:11:00,213.83999633789065,213.9499969482422,213.67999267578125,213.68499755859372,248083.0
2026-07-22 14:12:00,213.6898956298828,213.6898956298828,213.5800018310547,213.6300048828125,178856.0
2026-07-22 14:13:00,213.63999938964844,213.69000244140625,213.5200042724609,213.58009338378903,143906.0
2026-07-22 14:14:00,213.58999633789065,213.6999969482422,213.52999877929688,213.52999877929688,155795.0
2026-07-22 14:15:00,213.52999877929688,213.6499938964844,213.50999450683597,213.55999755859372,145024.0
2026-07-22 14:16:00,213.55450439453125,213.67999267578125,213.5399932861328,213.66009521484372,120280.0
2026-07-22 14:17:00,213.6699981689453,213.7400054931641,213.5200042724609,213.59500122070312,137376.0
2026-07-22 14:18:00,213.6000061035156,213.8000030517578,213.59820556640625,213.7935028076172,201737.0
2026-07-22 14:19:00,213.7899932861328,213.7899932861328,213.55999755859372,213.60499572753903,114144.0
2026-07-22 14:20:00,213.6000061035156,213.72000122070312,213.5200042724609,213.67010498046875,137427.0
2026-07-22 14:21:00,213.67999267578125,213.75,213.54910278320312,213.57000732421875,116552.0
2026-07-22 14:22:00,213.57000732421875,213.63999938964844,213.50999450683597,213.6300048828125,106913.0
2026-07-22 14:23:00,213.6199951171875,213.62989807128903,213.47999572753903,213.5749969482422,111387.0
2026-07-22 14:24:00,213.5749969482422,213.63999938964844,213.5500030517578,213.6100006103516,111725.0
2026-07-22 14:25:00,213.6199951171875,213.72000122070312,213.5800018310547,213.6499938964844,135897.0
2026-07-22 14:26:00,213.64010620117188,213.7100067138672,213.56500244140625,213.6199951171875,163623.0
2026-07-22 14:27:00,213.6199951171875,213.6999969482422,213.5800018310547,213.625,120796.0
2026-07-22 14:28:00,213.6199951171875,213.7899932861328,213.6199951171875,213.75999450683597,212173.0
2026-07-22 14:29:00,213.75010681152344,213.8300018310547,213.69500732421875,213.7400054931641,151578.0
2026-07-22 14:30:00,213.72999572753903,213.75,213.55999755859372,213.65499877929688,183865.0
2026-07-22 14:31:00,213.6699066162109,213.69000244140625,213.50999450683597,213.5449981689453,156171.0
2026-07-22 14:32:00,213.5399932861328,213.6199951171875,213.4600067138672,213.5198974609375,217676.0
2026-07-22 14:33:00,213.50999450683597,213.6000061035156,213.47999572753903,213.55990600585935,168563.0
2026-07-22 14:34:00,213.5500946044922,213.57000732421875,213.4600067138672,213.55499267578125,193421.0
2026-07-22 14:35:00,213.5399932861328,213.6999969482422,213.52999877929688,213.69729614257807,138328.0
2026-07-22 14:36:00,213.69500732421875,213.77999877929688,213.66000366210935,213.7200927734375,156325.0
2026-07-22 14:37:00,213.7250061035156,213.8000030517578,213.6300048828125,213.6750030517578,117419.0
2026-07-22 14:38:00,213.6750030517578,213.75999450683597,213.6100006103516,213.6499938964844,120533.0
2026-07-22 14:39:00,213.66000366210935,213.75,213.610107421875,213.72300720214844,110719.0
2026-07-22 14:40:00,213.72000122070312,213.7400054931641,213.58999633789065,213.6150054931641,186042.0
2026-07-22 14:41:00,213.6150054931641,213.63999938964844,213.52999877929688,213.58999633789065,108745.0
2026-07-22 14:42:00,213.59640502929688,213.6699981689453,213.5500030517578,213.58999633789065,111558.0
2026-07-22 14:43:00,213.5800018310547,213.75,213.5800018310547,213.7100067138672,336154.0
2026-07-22 14:44:00,213.69009399414065,213.72999572753903,213.6199951171875,213.6699981689453,107857.0
2026-07-22 14:45:00,213.66580200195312,213.8699951171875,213.6499938964844,213.84620666503903,171204.0
2026-07-22 14:46:00,213.8497009277344,213.8800048828125,213.7100067138672,213.77999877929688,133752.0
2026-07-22 14:47:00,213.7400054931641,213.7700042724609,213.6999969482422,213.75,82525.0
2026-07-22 14:48:00,213.7400054931641,213.8699951171875,213.7400054931641,213.8500061035156,128069.0
2026-07-22 14:49:00,213.8500061035156,213.8600006103516,213.69000244140625,213.72999572753903,165223.0
2026-07-22 14:50:00,213.7350006103516,213.7350006103516,213.57000732421875,213.65499877929688,171373.0
2026-07-22 14:51:00,213.66000366210935,213.75999450683597,213.5800018310547,213.60009765625,122427.0
2026-07-22 14:52:00,213.6004943847656,213.67999267578125,213.58999633789065,213.63499450683597,105994.0
2026-07-22 14:53:00,213.6300048828125,213.7400054931641,213.6000061035156,213.7250061035156,183842.0
2026-07-22 14:54:00,213.7250061035156,213.8699951171875,213.6699981689453,213.84500122070312,186279.0
2026-07-22 14:55:00,213.83999633789065,213.97999572753903,213.8000946044922,213.97000122070312,163127.0
2026-07-22 14:56:00,213.9700927734375,213.9900054931641,213.67999267578125,213.7299041748047,185414.0
2026-07-22 14:57:00,213.72000122070312,213.80999755859372,213.66000366210935,213.80999755859372,115409.0
2026-07-22 14:58:00,213.80999755859372,213.8950042724609,213.80999755859372,213.8600006103516,116368.0
2026-07-22 14:59:00,213.852294921875,213.9199066162109,213.75999450683597,213.7700042724609,164633.0
2026-07-22 15:00:00,213.7700042724609,213.82000732421875,213.75689697265625,213.80999755859372,100342.0
2026-07-22 15:01:00,213.81500244140625,213.9149932861328,213.7400054931641,213.9149932861328,165324.0
2026-07-22 15:02:00,213.9149932861328,213.9199981689453,213.7700042724609,213.80999755859372,135749.0
2026-07-22 15:03:00,213.80999755859372,213.97000122070312,213.8000030517578,213.96499633789065,136142.0
2026-07-22 15:04:00,213.96499633789065,214.2050018310547,213.92999267578125,213.9600067138672,533355.0
2026-07-22 15:05:00,213.9499969482422,214.07000732421875,213.9499969482422,214.0,174311.0
2026-07-22 15:06:00,214.0,214.0,213.72999572753903,213.83999633789065,284124.0
2026-07-22 15:07:00,213.8500061035156,213.8699951171875,213.6300048828125,213.7198944091797,190826.0
2026-07-22 15:08:00,213.7100067138672,213.7400054931641,213.6199951171875,213.67990112304688,160623.0
2026-07-22 15:09:00,213.67999267578125,213.76390075683597,213.6300048828125,213.67999267578125,123872.0
2026-07-22 15:10:00,213.6699981689453,213.72000122070312,213.6199951171875,213.625,101726.0
2026-07-22 15:11:00,213.6300048828125,213.66000366210935,213.5,213.57000732421875,250934.0
2026-07-22 15:12:00,213.5800018310547,213.58999633789065,213.47999572753903,213.5200042724609,198951.0
2026-07-22 15:13:00,213.50999450683597,213.57000732421875,213.44000244140625,213.4600982666016,211012.0
2026-07-22 15:14:00,213.46499633789065,213.47999572753903,213.30999755859372,213.32000732421875,260202.0
2026-07-22 15:15:00,213.32000732421875,213.32000732421875,213.00999450683597,213.16009521484372,477843.0
2026-07-22 15:16:00,213.16409301757807,213.3000030517578,213.09500122070312,213.2599029541016,424279.0
2026-07-22 15:17:00,213.2550048828125,213.52999877929688,213.2550048828125,213.4900054931641,375517.0
2026-07-22 15:18:00,213.5,213.5,213.1300048828125,213.33999633789065,251869.0
2026-07-22 15:19:00,213.3500061035156,213.4499969482422,213.25010681152344,213.3999938964844,247313.0
2026-07-22 15:20:00,213.39349365234372,213.42999267578125,213.2700042724609,213.32000732421875,164248.0
2026-07-22 15:21:00,213.32000732421875,213.375,213.25,213.32000732421875,140617.0
2026-07-22 15:22:00,213.32000732421875,213.40989685058597,213.2993927001953,213.3500061035156,148424.0
2026-07-22 15:23:00,213.34500122070312,213.4900054931641,213.32009887695312,213.43499755859372,231979.0
2026-07-22 15:24:00,213.42999267578125,213.58999633789065,213.3000030517578,213.3000030517578,312474.0
2026-07-22 15:25:00,213.30999755859372,213.3800048828125,213.25,213.31500244140625,213846.0
2026-07-22 15:26:00,213.3179931640625,213.3699951171875,212.91000366210935,212.97999572753903,284309.0
2026-07-22 15:27:00,212.97000122070312,213.1199951171875,212.97000122070312,213.1000061035156,210205.0
2026-07-22 15:28:00,213.08999633789065,213.4199981689453,213.05999755859372,213.41799926757807,191157.0
2026-07-22 15:29:00,213.41000366210935,213.4900054931641,213.32000732421875,213.3500061035156,298635.0
2026-07-22 15:30:00,213.3500061035156,213.3999938964844,213.07000732421875,213.0850067138672,372310.0
2026-07-22 15:31:00,213.0850067138672,213.18499755859372,213.0200042724609,213.1403961181641,233834.0
2026-07-22 15:32:00,213.1450042724609,213.1450042724609,212.84500122070312,212.9600067138672,235698.0
2026-07-22 15:33:00,212.94009399414065,212.9600067138672,212.72999572753903,212.75,229371.0
2026-07-22 15:34:00,212.75,212.8999938964844,212.7400054931641,212.7899932861328,285167.0
2026-07-22 15:35:00,212.8000030517578,212.8199005126953,212.57000732421875,212.57640075683597,251926.0
2026-07-22 15:36:00,212.5800018310547,212.7700042724609,212.42999267578125,212.75999450683597,381944.0
2026-07-22 15:37:00,212.7700042724609,212.7899932861328,212.6000061035156,212.6195068359375,346891.0
2026-07-22 15:38:00,212.6150054931641,212.6300048828125,212.3999938964844,212.4001007080078,351123.0
2026-07-22 15:39:00,212.40499877929688,212.60499572753903,212.3600006103516,212.5399932861328,304973.0
2026-07-22 15:40:00,212.5399932861328,212.7400054931641,212.5153961181641,212.6649932861328,293729.0
2026-07-22 15:41:00,212.6649932861328,212.72000122070312,212.6000061035156,212.71499633789065,726963.0
2026-07-22 15:42:00,212.71499633789065,212.75,212.60009765625,212.63999938964844,305631.0
2026-07-22 15:43:00,212.6385040283203,212.69000244140625,212.5399932861328,212.63999938964844,309255.0
2026-07-22 15:44:00,212.63009643554688,212.739501953125,212.3800048828125,212.47999572753903,239745.0
2026-07-22 15:45:00,212.4900054931641,212.80999755859372,212.4900054931641,212.6699981689453,403889.0
2026-07-22 15:46:00,212.6699981689453,212.7286071777344,212.51300048828125,212.51300048828125,173349.0
2026-07-22 15:47:00,212.51519775390625,212.5399932861328,212.38999938964844,212.47999572753903,244579.0
2026-07-22 15:48:00,212.4700927734375,212.58099365234372,212.4503936767578,212.4900054931641,411049.0
2026-07-22 15:49:00,212.48019409179688,212.55999755859372,212.4600067138672,212.50999450683597,205399.0
2026-07-22 15:50:00,212.5200042724609,212.80999755859372,212.27999877929688,212.52999877929688,648745.0
2026-07-22 15:51:00,212.51499938964844,212.6300048828125,212.4044952392578,212.46099853515625,319614.0
2026-07-22 15:52:00,212.4600067138672,212.6300048828125,212.4199981689453,212.5500030517578,278027.0
2026-07-22 15:53:00,212.5399932861328,212.59060668945312,212.44000244140625,212.5699005126953,286635.0
2026-07-22 15:54:00,212.56500244140625,212.56500244140625,212.16000366210935,212.3999938964844,506846.0
2026-07-22 15:55:00,212.40499877929688,212.40499877929688,211.7400054931641,211.76499938964844,763265.0
2026-07-22 15:56:00,211.7749938964844,211.9900054931641,211.72000122070312,211.91000366210935,587477.0
2026-07-22 15:57:00,211.8999938964844,212.25999450683597,211.8999938964844,212.25,970154.0
2026-07-22 15:58:00,212.2550048828125,212.44500732421875,212.22999572753903,212.24749755859372,811200.0
2026-07-22 15:59:00,212.2400054931641,212.4600067138672,211.9600067138672,212.05990600585935,1922973.0
2026-07-23 09:30:00,209.3950042724609,210.00900268554688,208.83999633789065,209.30999755859372,4603862.0
2026-07-23 09:31:00,209.2899932861328,209.41000366210935,208.5500030517578,208.7899932861328,667066.0
2026-07-23 09:32:00,208.7899932861328,209.05999755859372,208.5500030517578,208.8706970214844,459115.0
2026-07-23 09:33:00,208.8699951171875,209.1699981689453,208.4499969482422,208.82000732421875,451189.0
2026-07-23 09:34:00,208.8300018310547,209.5399932861328,208.7449951171875,209.09500122070312,438391.0
2026-07-23 09:35:00,209.0850067138672,209.8000030517578,209.0,209.53829956054688,445349.0
2026-07-23 09:36:00,209.4904022216797,210.7350006103516,209.39089965820312,210.6652069091797,638474.0
2026-07-23 09:37:00,210.66070556640625,210.8686981201172,210.0399932861328,210.07000732421875,609977.0
2026-07-23 09:38:00,210.07000732421875,210.3199005126953,209.1605987548828,209.25,424953.0
2026-07-23 09:39:00,209.25,209.3199005126953,208.60020446777344,208.77999877929688,624583.0
2026-07-23 09:40:00,208.772705078125,209.3699951171875,208.7700042724609,209.1450042724609,466399.0
2026-07-23 09:41:00,209.1300048828125,209.3300018310547,208.88999938964844,209.1100006103516,392311.0
2026-07-23 09:42:00,209.1000061035156,209.6300048828125,209.01499938964844,209.5850067138672,421824.0
2026-07-23 09:43:00,209.60299682617188,209.9499969482422,209.5200958251953,209.8300018310547,417455.0
2026-07-23 09:44:00,209.8000030517578,209.8600006103516,209.5200042724609,209.6999969482422,319374.0
2026-07-23 09:45:00,209.67010498046875,209.77999877929688,209.13119506835935,209.5299072265625,368708.0
2026-07-23 09:46:00,209.5,209.6100006103516,209.16000366210935,209.5200042724609,289674.0
2026-07-23 09:47:00,209.5200042724609,209.83999633789065,209.42999267578125,209.5800018310547,325449.0
2026-07-23 09:48:00,209.55999755859372,209.62550354003903,209.1999969482422,209.30499267578125,392070.0
2026-07-23 09:49:00,209.30499267578125,209.4600067138672,208.8500061035156,208.9900054931641,485270.0
2026-07-23 09:50:00,208.97999572753903,209.57000732421875,208.9499969482422,209.5,298915.0
2026-07-23 09:51:00,209.50999450683597,209.50999450683597,209.1199951171875,209.2400054931641,169609.0
2026-07-23 09:52:00,209.2100067138672,209.5200042724609,209.08999633789065,209.3863983154297,218388.0
2026-07-23 09:53:00,209.3600006103516,209.88999938964844,209.30999755859372,209.6649932861328,364989.0
2026-07-23 09:54:00,209.67999267578125,210.25,209.6000061035156,210.1499938964844,382352.0
2026-07-23 09:55:00,210.16000366210935,210.3553009033203,209.8999938964844,210.21499633789065,379603.0
2026-07-23 09:56:00,210.2100067138672,210.2700042724609,209.64059448242188,209.6699981689453,343980.0
2026-07-23 09:57:00,209.63999938964844,209.72650146484372,209.1000061035156,209.1502990722656,294777.0
2026-07-23 09:58:00,209.1300048828125,209.17999267578125,208.72999572753903,208.94000244140625,378721.0
2026-07-23 09:59:00,208.9499969482422,209.0800018310547,208.8000030517578,208.92999267578125,241950.0
2026-07-23 10:00:00,208.9499969482422,209.6499938964844,208.8999938964844,209.3551025390625,388045.0
2026-07-23 10:01:00,209.3600006103516,209.3600006103516,208.69000244140625,208.7700042724609,299331.0
2026-07-23 10:02:00,208.75999450683597,208.9199066162109,208.7350006103516,208.8300018310547,229168.0
2026-07-23 10:03:00,208.84500122070312,208.9600067138672,208.75100708007807,208.875,244785.0
2026-07-23 10:04:00,208.87249755859372,209.10989379882807,208.7899932861328,208.9949951171875,216154.0
2026-07-23 10:05:00,208.9900054931641,209.17999267578125,208.80999755859372,209.1699981689453,286945.0
2026-07-23 10:06:00,209.1699981689453,209.6100006103516,209.1000061035156,209.51499938964844,388461.0
2026-07-23 10:07:00,209.5399932861328,209.7794952392578,209.43499755859372,209.7449951171875,317228.0
2026-07-23 10:08:00,209.74009704589844,209.9600067138672,208.8600006103516,208.91000366210935,330878.0
2026-07-23 10:09:00,208.94000244140625,209.0,208.47000122070312,208.9459991455078,407754.0
2026-07-23 10:10:00,208.9900054931641,209.32989501953125,208.693603515625,208.80999755859372,301625.0
2026-07-23 10:11:00,208.82000732421875,208.9398956298828,208.63999938964844,208.8500061035156,297852.0
2026-07-23 10:12:00,208.84500122070312,209.2100067138672,208.72000122070312,208.9199981689453,212418.0
2026-07-23 10:13:00,208.9199981689453,209.08990478515625,208.75010681152344,209.0399932861328,216489.0
2026-07-23 10:14:00,209.0399932861328,209.1499938964844,208.5399932861328,208.6300048828125,279046.0
2026-07-23 10:15:00,208.64990234375,208.8800048828125,208.52999877929688,208.58999633789065,194729.0
2026-07-23 10:16:00,208.5800018310547,208.63999938964844,208.3699951171875,208.6300048828125,227661.0
2026-07-23 10:17:00,208.6499938964844,208.8699951171875,208.47000122070312,208.83999633789065,199690.0
2026-07-23 10:18:00,208.8249969482422,208.9199981689453,208.5009002685547,208.5106964111328,201481.0
2026-07-23 10:19:00,208.5200042724609,208.57000732421875,208.25,208.3000030517578,244243.0
2026-07-23 10:20:00,208.2899932861328,208.44000244140625,208.13999938964844,208.13999938964844,265459.0
2026-07-23 10:21:00,208.15499877929688,208.6100006103516,208.0500030517578,208.5749969482422,298648.0
2026-07-23 10:22:00,208.5850067138672,209.1999969482422,208.50999450683597,209.15499877929688,357038.0
2026-07-23 10:23:00,209.1479949951172,209.22000122070312,208.82200622558597,208.94500732421875,312981.0
2026-07-23 10:24:00,208.9600067138672,208.97999572753903,208.38009643554688,208.55499267578125,214354.0
2026-07-23 10:25:00,208.5399932861328,208.7799072265625,208.4600067138672,208.7458953857422,155121.0
2026-07-23 10:26:00,208.72999572753903,208.7400054931641,208.1499938964844,208.30999755859372,288882.0
2026-07-23 10:27:00,208.32000732421875,208.53500366210935,208.25999450683597,208.4499969482422,210733.0
2026-07-23 10:28:00,208.45559692382807,208.72000122070312,208.3500061035156,208.3500061035156,193701.0
2026-07-23 10:29:00,208.34500122070312,208.66000366210935,208.33999633789065,208.5760040283203,141666.0
2026-07-23 10:30:00,208.5399932861328,208.8000030517578,208.5200042724609,208.5749969482422,233604.0
2026-07-23 10:31:00,208.5200042724609,208.69309997558597,208.3600006103516,208.3950042724609,211842.0
2026-07-23 10:32:00,208.38999938964844,208.44000244140625,208.0200042724609,208.10499572753903,268083.0
2026-07-23 10:33:00,208.1100006103516,208.1898956298828,207.3800048828125,207.44500732421875,577209.0
2026-07-23 10:34:00,207.4550018310547,207.8999938964844,207.33999633789065,207.72999572753903,346290.0
2026-07-23 10:35:00,207.726806640625,207.8300018310547,207.5301055908203,207.6649932861328,229682.0
2026-07-23 10:36:00,207.67999267578125,208.0399932861328,207.6499938964844,208.02349853515625,219608.0
2026-07-23 10:37:00,208.0200042724609,208.8000030517578,208.00999450683597,208.78990173339844,343789.0
2026-07-23 10:38:00,208.77040100097656,208.80999755859372,208.42999267578125,208.47999572753903,200352.0
2026-07-23 10:39:00,208.47999572753903,209.0500030517578,208.47999572753903,208.97000122070312,377125.0
2026-07-23 10:40:00,208.9499969482422,209.12989807128903,208.67999267578125,208.68499755859372,207889.0
2026-07-23 10:41:00,208.67999267578125,208.72000122070312,208.38999938964844,208.4499969482422,183566.0
2026-07-23 10:42:00,208.4550018310547,208.63999938964844,208.3300018310547,208.4550018310547,186369.0
2026-07-23 10:43:00,208.44000244140625,208.4750061035156,208.02999877929688,208.2400054931641,219196.0
2026-07-23 10:44:00,208.24989318847656,208.33680725097656,208.0500946044922,208.2100067138672,147130.0
2026-07-23 10:45:00,208.2400054931641,208.4501037597656,208.0800018310547,208.25,182494.0
2026-07-23 10:46:00,208.2700042724609,208.7100067138672,208.22000122070312,208.53500366210935,232259.0
2026-07-23 10:47:00,208.5200042724609,208.6000061035156,208.32000732421875,208.4499969482422,192528.0
2026-07-23 10:48:00,208.4553985595703,208.4600067138672,208.24009704589844,208.27999877929688,172402.0
2026-07-23 10:49:00,208.2801971435547,208.43499755859372,208.1999969482422,208.33999633789065,203215.0
2026-07-23 10:50:00,208.33999633789065,208.52999877929688,208.0500030517578,208.14010620117188,283236.0
2026-07-23 10:51:00,208.1499938964844,208.1699981689453,207.5500030517578,207.6201019287109,281410.0
2026-07-23 10:52:00,207.62869262695312,207.83680725097656,207.5500030517578,207.77999877929688,245773.0
2026-07-23 10:53:00,207.7700042724609,207.7700042724609,207.38999938964844,207.4698028564453,216489.0
2026-07-23 10:54:00,207.47000122070312,207.51010131835935,207.3000030517578,207.34500122070312,179499.0
2026-07-23 10:55:00,207.33999633789065,207.52999877929688,207.1999969482422,207.2283935546875,229011.0
2026-07-23 10:56:00,207.2449951171875,207.6179962158203,207.2400054931641,207.6179962158203,177276.0
2026-07-23 10:57:00,207.59500122070312,207.69000244140625,207.4600067138672,207.5,178720.0
2026-07-23 10:58:00,207.4949951171875,207.50999450683597,207.2400054931641,207.3650054931641,197796.0
2026-07-23 10:59:00,207.3699951171875,207.5200042724609,207.28819274902344,207.30499267578125,210053.0
2026-07-23 11:00:00,207.3300018310547,207.33999633789065,207.05990600585935,207.2400054931641,285702.0
2026-07-23 11:01:00,207.17999267578125,207.1999969482422,206.8650054931641,206.97000122070312,517100.0
2026-07-23 11:02:00,206.97000122070312,207.1699981689453,206.88999938964844,207.00999450683597,236224.0
2026-07-23 11:03:00,207.01499938964844,207.1499938964844,206.9600067138672,206.9900054931641,199816.0
2026-07-23 11:04:00,206.9900054931641,207.0800018310547,206.8500061035156,206.97000122070312,283484.0
2026-07-23 11:05:00,206.9600067138672,207.0,206.8000030517578,206.90499877929688,278324.0
2026-07-23 11:06:00,206.88009643554688,207.05999755859372,206.8000030517578,206.96499633789065,259468.0
2026-07-23 11:07:00,206.9600067138672,207.08999633789065,206.83999633789065,207.0200042724609,180955.0
2026-07-23 11:08:00,207.00999450683597,207.0500030517578,206.8000030517578,206.8500061035156,254948.0
2026-07-23 11:09:00,206.8300018310547,207.02999877929688,206.67999267578125,206.7899932861328,465794.0
2026-07-23 11:10:00,206.8000030517578,207.0800018310547,206.75149536132807,206.97999572753903,236036.0
2026-07-23 11:11:00,206.9987945556641,206.9987945556641,206.8000030517578,206.82000732421875,300046.0
2026-07-23 11:12:00,206.82000732421875,206.9199981689453,206.7100067138672,206.8699951171875,372248.0
2026-07-23 11:13:00,206.8600006103516,206.8721923828125,206.75999450683597,206.77999877929688,246440.0
2026-07-23 11:14:00,206.7899932861328,206.7899932861328,206.52999877929688,206.63999938964844,292802.0
2026-07-23 11:15:00,206.6300048828125,206.8699951171875,206.5800018310547,206.7350006103516,241366.0
2026-07-23 11:16:00,206.74989318847656,206.7700042724609,206.4900054931641,206.6499938964844,258772.0
2026-07-23 11:17:00,206.6499938964844,207.0,206.6199951171875,206.8999938964844,235839.0
2026-07-23 11:18:00,206.8999938964844,207.07000732421875,206.8500061035156,207.0,273252.0
2026-07-23 11:19:00,207.0050048828125,207.3999938964844,206.9600067138672,207.3350067138672,280724.0
2026-07-23 11:20:00,207.34500122070312,207.77960205078125,207.3401031494141,207.47999572753903,318236.0
2026-07-23 11:21:00,207.47000122070312,207.50999450683597,207.0,207.01499938964844,269590.0
2026-07-23 11:22:00,207.0050048828125,207.0200042724609,206.2400054931641,206.5449981689453,445685.0
2026-07-23 11:23:00,206.5500030517578,206.7998962402344,206.52999877929688,206.58999633789065,235756.0
2026-07-23 11:24:00,206.6100006103516,206.8999938964844,206.58999633789065,206.8197021484375,147942.0
2026-07-23 11:25:00,206.7899932861328,206.875,206.5500030517578,206.6499938964844,220236.0
2026-07-23 11:26:00,206.63999938964844,206.63999938964844,206.3401031494141,206.3999938964844,256163.0
2026-07-23 11:27:00,206.38999938964844,206.4600067138672,206.1999969482422,206.22000122070312,247360.0
2026-07-23 11:28:00,206.22999572753903,206.3699951171875,206.0800018310547,206.08009338378903,246381.0
2026-07-23 11:29:00,206.10499572753903,206.39990234375,206.04010009765625,206.3800048828125,182614.0
2026-07-23 11:30:00,206.34500122070312,206.41000366210935,206.1000061035156,206.1499938964844,171009.0
2026-07-23 11:31:00,206.16000366210935,206.27999877929688,205.9600067138672,206.18499755859372,345618.0
2026-07-23 11:32:00,206.19000244140625,206.49989318847656,206.19000244140625,206.49989318847656,211308.0
2026-07-23 11:33:00,206.49989318847656,206.7400054931641,206.42999267578125,206.63499450683597,232526.0
2026-07-23 11:34:00,206.6100006103516,206.75,206.57000732421875,206.6499938964844,218674.0
2026-07-23 11:35:00,206.65499877929688,206.94000244140625,206.65499877929688,206.84500122070312,250207.0
2026-07-23 11:36:00,206.8600006103516,207.2599029541016,206.80999755859372,207.25,299040.0
2026-07-23 11:37:00,207.2700042724609,207.4499969482422,207.0959930419922,207.2539978027344,254559.0
2026-07-23 11:38:00,207.2700042724609,207.47999572753903,207.25,207.468505859375,168898.0
2026-07-23 11:39:00,207.47000122070312,207.47000122070312,207.17999267578125,207.2801055908203,179180.0
2026-07-23 11:40:00,207.27999877929688,207.4900054931641,207.27999877929688,207.38999938964844,183573.0
2026-07-23 11:41:00,207.3800048828125,207.3999938964844,207.13999938964844,207.35499572753903,181030.0
2026-07-23 11:42:00,207.35499572753903,207.47999572753903,207.08999633789065,207.1499938964844,348492.0
2026-07-23 11:43:00,207.1499938964844,207.3350067138672,207.1100006103516,207.2400054931641,141959.0
2026-07-23 11:44:00,207.2698974609375,207.33999633789065,207.1699981689453,207.22999572753903,126719.0
2026-07-23 11:45:00,207.22999572753903,207.3999938964844,207.1000061035156,207.30999755859372,170212.0
2026-07-23 11:46:00,207.30999755859372,207.37989807128903,207.15499877929688,207.23809814453125,121146.0
2026-07-23 11:47:00,207.2449951171875,207.5800018310547,207.2400054931641,207.3999938964844,206414.0
2026-07-23 11:48:00,207.4149932861328,207.55999755859372,207.3500061035156,207.52999877929688,143390.0
2026-07-23 11:49:00,207.5200042724609,207.69000244140625,207.42999267578125,207.6201019287109,217678.0
2026-07-23 11:50:00,207.6199951171875,207.91000366210935,207.5,207.8999938964844,238854.0
2026-07-23 11:51:00,207.8950042724609,207.94000244140625,207.6450042724609,207.67999267578125,252844.0
2026-07-23 11:52:00,207.6699981689453,207.9499969482422,207.63999938964844,207.88999938964844,201075.0
2026-07-23 11:53:00,207.8950042724609,208.0500030517578,207.8600006103516,207.9600067138672,201438.0
2026-07-23 11:54:00,207.9600067138672,208.13999938964844,207.9199981689453,208.1100006103516,204563.0
2026-07-23 11:55:00,208.1150054931641,208.14990234375,208.05999755859372,208.1150054931641,116398.0
2026-07-23 11:56:00,208.1100006103516,208.22000122070312,207.8000030517578,207.9600067138672,208408.0
2026-07-23 11:57:00,207.9550018310547,207.96499633789065,207.75469970703125,207.92999267578125,154165.0
2026-07-23 11:58:00,207.9499969482422,208.19000244140625,207.88999938964844,208.19000244140625,148424.0
2026-07-23 11:59:00,208.17999267578125,208.25,208.1699981689453,208.1800994873047,179957.0
2026-07-23 12:00:00,208.19000244140625,208.2400054931641,208.0399932861328,208.22999572753903,165413.0
2026-07-23 12:01:00,208.2400054931641,208.2700042724609,208.0829925537109,208.26119995117188,161028.0
2026-07-23 12:02:00,208.25999450683597,208.63999938964844,208.2100067138672,208.625,243199.0
2026-07-23 12:03:00,208.6199951171875,208.9600067138672,208.6000061035156,208.92010498046875,267167.0
2026-07-23 12:04:00,208.9499969482422,209.35499572753903,208.8701019287109,209.3500061035156,376561.0
2026-07-23 12:05:00,209.34950256347656,209.42999267578125,208.8950042724609,208.92999267578125,364473.0
2026-07-23 12:06:00,208.88999938964844,208.9900054931641,208.72000122070312,208.7400054931641,199614.0
2026-07-23 12:07:00,208.7449951171875,208.8600006103516,208.7350006103516,208.7991943359375,150802.0
2026-07-23 12:08:00,208.7899932861328,208.92999267578125,208.7899932861328,208.8791961669922,169349.0
2026-07-23 12:09:00,208.88999938964844,208.94500732421875,208.7100067138672,208.7700042724609,261938.0
2026-07-23 12:10:00,208.7700042724609,208.8350067138672,208.67999267578125,208.82000732421875,120553.0
2026-07-23 12:11:00,208.80999755859372,208.8500061035156,208.6699981689453,208.76499938964844,99761.0
2026-07-23 12:12:00,208.7550048828125,208.97000122070312,208.6999969482422,208.8800048828125,169961.0
2026-07-23 12:13:00,208.8800048828125,208.9900054931641,208.77999877929688,208.86990356445312,103664.0
2026-07-23 12:14:00,208.8600006103516,208.97000122070312,208.8600006103516,208.8800048828125,62044.0
2026-07-23 12:15:00,208.8699951171875,209.09500122070312,208.8699951171875,209.08799743652344,152218.0
2026-07-23 12:16:00,209.0749969482422,209.10699462890625,208.8800048828125,208.8905029296875,143144.0
2026-07-23 12:17:00,208.89089965820312,209.0200042724609,208.83999633789065,209.0,117648.0
2026-07-23 12:18:00,208.97999572753903,209.00999450683597,208.8101043701172,208.9499969482422,94912.0
2026-07-23 12:19:00,208.9550018310547,208.9550018310547,208.72000122070312,208.94509887695312,149479.0
2026-07-23 12:20:00,208.94000244140625,209.2400054931641,208.9199981689453,209.23989868164065,225507.0
2026-07-23 12:21:00,209.2400054931641,209.3300018310547,209.17999267578125,209.25,167612.0
2026-07-23 12:22:00,209.25,209.3999938964844,209.0800018310547,209.3999938964844,153430.0
2026-07-23 12:23:00,209.38999938964844,209.67010498046875,209.30999755859372,209.6199951171875,280248.0
2026-07-23 12:24:00,209.6000061035156,209.81500244140625,209.58999633789065,209.7400054931641,257415.0
2026-07-23 12:25:00,209.72000122070312,209.7700042724609,209.47999572753903,209.50999450683597,198475.0
2026-07-23 12:26:00,209.5200042724609,209.52999877929688,209.3699951171875,209.3999938964844,157197.0
2026-07-23 12:27:00,209.40919494628903,209.73599243164065,209.35009765625,209.6392059326172,198454.0
2026-07-23 12:28:00,209.63999938964844,209.67990112304688,209.55349731445312,209.63499450683597,110469.0
2026-07-23 12:29:00,209.63499450683597,209.75,209.57000732421875,209.6300048828125,181034.0
2026-07-23 12:30:00,209.63999938964844,209.63999938964844,209.2400054931641,209.4199981689453,216337.0
2026-07-23 12:31:00,209.4199981689453,209.6499938964844,209.4199981689453,209.625,163706.0
2026-07-23 12:32:00,209.6100006103516,209.6750030517578,209.5,209.60499572753903,147929.0
2026-07-23 12:33:00,209.60499572753903,209.7899932861328,209.57000732421875,209.70660400390625,169264.0
2026-07-23 12:34:00,209.7100067138672,209.8300018310547,209.6499938964844,209.6925048828125,175376.0
2026-07-23 12:35:00,209.72999572753903,209.8600006103516,209.57000732421875,209.8249969482422,169768.0
2026-07-23 12:36:00,209.8350067138672,209.83999633789065,209.67999267578125,209.8108062744141,117152.0
2026-07-23 12:37:00,209.8000030517578,209.9600067138672,209.76010131835935,209.9499969482422,161286.0
2026-07-23 12:38:00,209.9499969482422,210.2400054931641,209.75,210.1499938964844,424576.0
2026-07-23 12:39:00,210.1499938964844,210.38999938964844,210.1499938964844,210.2200927734375,390099.0
2026-07-23 12:40:00,210.22999572753903,210.31500244140625,210.0800018310547,210.16000366210935,195880.0
2026-07-23 12:41:00,210.13999938964844,210.1699981689453,209.9499969482422,210.00999450683597,172629.0
2026-07-23 12:42:00,210.0,210.0749969482422,209.88009643554688,210.00999450683597,297114.0
2026-07-23 12:43:00,210.0449981689453,210.1300048828125,210.00999450683597,210.06500244140625,126283.0
2026-07-23 12:44:00,210.052001953125,210.1000061035156,209.9506072998047,209.9750061035156,116915.0
2026-07-23 12:45:00,209.9600067138672,209.9600067138672,209.51010131835935,209.52999877929688,249616.0
2026-07-23 12:46:00,209.5500030517578,209.60499572753903,209.4499969482422,209.56500244140625,130586.0
2026-07-23 12:47:00,209.5800018310547,209.8300018310547,209.5800018310547,209.80990600585935,174884.0
2026-07-23 12:48:00,209.8500061035156,209.9199981689453,209.697998046875,209.7700042724609,145700.0
2026-07-23 12:49:00,209.7872009277344,209.97000122070312,209.71499633789065,209.71499633789065,122037.0
2026-07-23 12:50:00,209.72000122070312,209.77999877929688,209.52999877929688,209.65530395507807,144036.0
2026-07-23 12:51:00,209.67999267578125,209.68980407714844,209.42999267578125,209.47999572753903,166844.0
2026-07-23 12:52:00,209.4900054931641,209.82000732421875,209.4900054931641,209.69000244140625,139082.0
2026-07-23 12:53:00,209.68499755859372,209.68499755859372,209.4199981689453,209.5500030517578,107046.0
2026-07-23 12:54:00,209.52999877929688,209.6199951171875,209.5200042724609,209.6199951171875,82057.0
2026-07-23 12:55:00,209.6199951171875,209.79249572753903,209.60009765625,209.70159912109372,126911.0
2026-07-23 12:56:00,209.70989990234372,209.8000030517578,209.5500030517578,209.72999572753903,97185.0
2026-07-23 12:57:00,209.75210571289065,209.83999633789065,209.6100006103516,209.6499938964844,128113.0
2026-07-23 12:58:00,209.6699981689453,209.8300018310547,209.6100006103516,209.82000732421875,87160.0
2026-07-23 12:59:00,209.8249969482422,209.9600067138672,209.7899932861328,209.8800048828125,232903.0
2026-07-23 13:00:00,209.88999938964844,210.24400329589844,209.7100067138672,210.22000122070312,233691.0
2026-07-23 13:01:00,210.19000244140625,210.2400054931641,210.0301055908203,210.125,140197.0
2026-07-23 13:02:00,210.1199951171875,210.1699981689453,209.92999267578125,210.09500122070312,126679.0
2026-07-23 13:03:00,210.10499572753903,210.16000366210935,209.9971923828125,210.0800018310547,94221.0
2026-07-23 13:04:00,210.1000061035156,210.1199951171875,209.66000366210935,209.6732940673828,137290.0
2026-07-23 13:05:00,209.67999267578125,209.67999267578125,209.17999267578125,209.33999633789065,285045.0
2026-07-23 13:06:00,209.3500061035156,209.5399932861328,209.24200439453125,209.29339599609372,146686.0
2026-07-23 13:07:00,209.2700042724609,209.53219604492188,209.2696990966797,209.3999938964844,98343.0
2026-07-23 13:08:00,209.4199981689453,209.639892578125,209.29010009765625,209.4897003173828,106253.0
2026-07-23 13:09:00,209.5,209.6699981689453,209.3802947998047,209.6000061035156,144804.0
2026-07-23 13:10:00,209.6000061035156,209.83999633789065,209.58999633789065,209.7796936035156,140095.0
2026-07-23 13:11:00,209.75,209.92999267578125,209.6999969482422,209.92999267578125,139013.0
2026-07-23 13:12:00,209.91000366210935,210.32000732421875,209.91000366210935,210.27999877929688,258492.0
2026-07-23 13:13:00,210.28500366210935,210.42999267578125,210.1100006103516,210.125,233772.0
2026-07-23 13:14:00,210.1004943847656,210.16000366210935,209.84500122070312,210.0901031494141,130960.0
2026-07-23 13:15:00,210.05999755859372,210.0865936279297,209.8903045654297,210.0500030517578,104172.0
2026-07-23 13:16:00,210.0449981689453,210.17999267578125,209.970703125,210.125,91416.0
2026-07-23 13:17:00,210.13499450683597,210.25,209.92999267578125,209.94000244140625,180570.0
2026-07-23 13:18:00,209.9300994873047,210.05499267578125,209.80999755859372,210.0,107716.0
2026-07-23 13:19:00,210.0050048828125,210.07009887695312,209.8699951171875,210.02999877929688,76189.0
2026-07-23 13:20:00,210.0364990234375,210.42999267578125,210.0364990234375,210.1999969482422,163575.0
2026-07-23 13:21:00,210.19500732421875,210.22000122070312,209.94000244140625,209.9499969482422,134417.0
2026-07-23 13:22:00,209.94500732421875,210.0335998535156,209.82000732421875,209.9351959228516,93747.0
2026-07-23 13:23:00,209.94000244140625,210.27999877929688,209.91000366210935,210.27999877929688,105191.0
2026-07-23 13:24:00,210.28500366210935,210.3300018310547,210.15049743652344,210.27999877929688,136947.0
2026-07-23 13:25:00,210.27999877929688,210.3300018310547,210.14010620117188,210.2550048828125,106804.0
2026-07-23 13:26:00,210.2700042724609,210.3300018310547,210.1501007080078,210.27999877929688,103598.0
2026-07-23 13:27:00,210.2550048828125,210.2899932861328,210.16000366210935,210.2044982910156,62581.0
2026-07-23 13:28:00,210.2100067138672,210.3000030517578,210.17999267578125,210.2100067138672,66276.0
2026-07-23 13:29:00,210.22000122070312,210.227294921875,210.1000061035156,210.1300048828125,90440.0
2026-07-23 13:30:00,210.13499450683597,210.1999969482422,209.9600067138672,210.101806640625,94549.0
2026-07-23 13:31:00,210.11920166015625,210.11920166015625,209.6199951171875,209.66000366210935,159791.0
2026-07-23 13:32:00,209.67930603027344,209.67990112304688,209.3999938964844,209.55499267578125,169510.0
2026-07-23 13:33:00,209.5749969482422,209.71499633789065,209.52999877929688,209.63999938964844,85082.0
2026-07-23 13:34:00,209.65499877929688,209.72999572753903,209.5904998779297,209.69000244140625,82019.0
2026-07-23 13:35:00,209.6999969482422,209.73989868164065,209.39089965820312,209.40499877929688,175771.0
2026-07-23 13:36:00,209.38999938964844,209.44000244140625,209.22999572753903,209.23460388183597,122515.0
2026-07-23 13:37:00,209.25,209.2899932861328,209.1499938964844,209.22000122070312,125775.0
2026-07-23 13:38:00,209.2400054931641,209.32000732421875,209.17999267578125,209.25999450683597,112155.0
2026-07-23 13:39:00,209.2449951171875,209.42999267578125,209.2449951171875,209.25999450683597,107822.0
2026-07-23 13:40:00,209.2749938964844,209.3800048828125,209.25,209.2700042724609,85886.0
2026-07-23 13:41:00,209.2700042724609,209.3999938964844,209.25010681152344,209.38999938964844,83476.0
2026-07-23 13:42:00,209.3999938964844,209.42999267578125,209.3000030517578,209.3892974853516,106137.0
2026-07-23 13:43:00,209.389892578125,209.5,209.3350067138672,209.4579925537109,79882.0
2026-07-23 13:44:00,209.47999572753903,209.50999450683597,209.3500061035156,209.44000244140625,80097.0
2026-07-23 13:45:00,209.3504943847656,209.8000030517578,209.32000732421875,209.75,131158.0
2026-07-23 13:46:00,209.74009704589844,209.77999877929688,209.58050537109372,209.67999267578125,105130.0
2026-07-23 13:47:00,209.67999267578125,209.8300018310547,209.6499938964844,209.7400054931641,81897.0
2026-07-23 13:48:00,209.7250061035156,209.7700042724609,209.58999633789065,209.7100067138672,61781.0
2026-07-23 13:49:00,209.72999572753903,209.75,209.66000366210935,209.6999969482422,58980.0
2026-07-23 13:50:00,209.72000122070312,209.7400054931641,209.58009338378903,209.7100067138672,65608.0
2026-07-23 13:51:00,209.72000122070312,209.7949981689453,209.56500244140625,209.58999633789065,73697.0
2026-07-23 13:52:00,209.6100006103516,209.7700042724609,209.5800018310547,209.71499633789065,71324.0
2026-07-23 13:53:00,209.7050018310547,209.7100067138672,209.4600067138672,209.47000122070312,105970.0
2026-07-23 13:54:00,209.4600982666016,209.47000122070312,209.3000030517578,209.30999755859372,83487.0
2026-07-23 13:55:00,209.3000030517578,209.30999755859372,209.1499938964844,209.2449951171875,99903.0
2026-07-23 13:56:00,209.2400054931641,209.25,209.00999450683597,209.0800018310547,129774.0
2026-07-23 13:57:00,209.07000732421875,209.2700042724609,209.0,209.1999969482422,154468.0
2026-07-23 13:58:00,209.1750030517578,209.2429962158203,209.1450042724609,209.2100067138672,106031.0
2026-07-23 13:59:00,209.21499633789065,209.22000122070312,209.0500030517578,209.07000732421875,137290.0
2026-07-23 14:00:00,209.08999633789065,209.10989379882807,208.92999267578125,208.94000244140625,164686.0
2026-07-23 14:01:00,208.9375,208.9375,208.6499938964844,208.83999633789065,176516.0
2026-07-23 14:02:00,208.83999633789065,208.93960571289065,208.78469848632807,208.8699951171875,107636.0
2026-07-23 14:03:00,208.8699951171875,209.0,208.83999633789065,208.8500061035156,125228.0
2026-07-23 14:04:00,208.8500061035156,208.8999938964844,208.72000122070312,208.8300018310547,148145.0
2026-07-23 14:05:00,208.82989501953125,208.82989501953125,208.7100982666016,208.7550048828125,95885.0
2026-07-23 14:06:00,208.72999572753903,208.7899932861328,208.6499938964844,208.69009399414065,131938.0
2026-07-23 14:07:00,208.68499755859372,208.6997985839844,208.3000946044922,208.3300018310547,219931.0
2026-07-23 14:08:00,208.33999633789065,208.40310668945312,208.25999450683597,208.2700042724609,124242.0
2026-07-23 14:09:00,208.27740478515625,208.3800048828125,208.2700042724609,208.360107421875,203704.0
2026-07-23 14:10:00,208.3350067138672,208.6499938964844,208.3000030517578,208.6199951171875,204718.0
2026-07-23 14:11:00,208.6199951171875,208.6699981689453,208.5200042724609,208.6499938964844,119259.0
2026-07-23 14:12:00,208.63999938964844,208.88999938964844,208.6199951171875,208.8699951171875,169725.0
2026-07-23 14:13:00,208.8500061035156,208.8699951171875,208.7001037597656,208.7899932861328,154701.0
2026-07-23 14:14:00,208.7700042724609,208.77999877929688,208.44000244140625,208.4550018310547,134150.0
2026-07-23 14:15:00,208.4600067138672,208.4900054931641,208.3699951171875,208.4199981689453,146705.0
2026-07-23 14:16:00,208.4080047607422,208.5200042724609,208.33009338378903,208.43499755859372,144323.0
2026-07-23 14:17:00,208.4499053955078,208.5200042724609,208.3000030517578,208.3500061035156,124914.0
2026-07-23 14:18:00,208.31539916992188,208.41000366210935,208.2700042724609,208.2899932861328,114459.0
2026-07-23 14:19:00,208.2899932861328,208.3000030517578,208.19000244140625,208.28500366210935,138203.0
2026-07-23 14:20:00,208.3000030517578,208.47999572753903,208.28500366210935,208.3950042724609,126768.0
2026-07-23 14:21:00,208.3650054931641,208.44000244140625,208.2700042724609,208.4149932861328,118108.0
2026-07-23 14:22:00,208.42999267578125,208.5,208.33999633789065,208.44000244140625,125010.0
2026-07-23 14:23:00,208.3999938964844,208.5,208.3000030517578,208.49929809570312,97949.0
2026-07-23 14:24:00,208.5,208.71499633789065,208.4949951171875,208.69000244140625,126619.0
2026-07-23 14:25:00,208.6999969482422,208.72889709472656,208.38999938964844,208.589599609375,190449.0
2026-07-23 14:26:00,208.59500122070312,208.6999969482422,208.5500030517578,208.5500030517578,112222.0
2026-07-23 14:27:00,208.5500030517578,208.6699981689453,208.47000122070312,208.47000122070312,124101.0
2026-07-23 14:28:00,208.47000122070312,208.66000366210935,208.47000122070312,208.58999633789065,98315.0
2026-07-23 14:29:00,208.58999633789065,208.67999267578125,208.52999877929688,208.57000732421875,89611.0
2026-07-23 14:30:00,208.57980346679688,208.6999969482422,208.5399932861328,208.6199951171875,456151.0
2026-07-23 14:31:00,208.63999938964844,208.72999572753903,208.625,208.69000244140625,81885.0
2026-07-23 14:32:00,208.69000244140625,208.77999877929688,208.6499938964844,208.69000244140625,141172.0
2026-07-23 14:33:00,208.67999267578125,208.7100067138672,208.55999755859372,208.6199951171875,113022.0
2026-07-23 14:34:00,208.6450042724609,208.8000030517578,208.6450042724609,208.7899932861328,94626.0
2026-07-23 14:35:00,208.77999877929688,208.8249969482422,208.4850006103516,208.5,135614.0
2026-07-23 14:36:00,208.4900054931641,208.5699005126953,208.3500061035156,208.3600006103516,111132.0
2026-07-23 14:37:00,208.3600006103516,208.3699951171875,208.1000061035156,208.19000244140625,138188.0
2026-07-23 14:38:00,208.22000122070312,208.22000122070312,208.0399932861328,208.1199951171875,135638.0
2026-07-23 14:39:00,208.1150054931641,208.2100067138672,208.08999633789065,208.19000244140625,116082.0
2026-07-23 14:40:00,208.19000244140625,208.2100067138672,208.07000732421875,208.20989990234372,123124.0
2026-07-23 14:41:00,208.1999969482422,208.1999969482422,207.9600067138672,207.9900054931641,170971.0
2026-07-23 14:42:00,207.9900054931641,207.99989318847656,207.75999450683597,207.8500061035156,212755.0
2026-07-23 14:43:00,207.8600006103516,207.8800048828125,207.72999572753903,207.7400054931641,118522.0
2026-07-23 14:44:00,207.7449951171875,207.77999877929688,207.5800018310547,207.6793975830078,178604.0
2026-07-23 14:45:00,207.6499938964844,207.8000030517578,207.6499938964844,207.7700042724609,215544.0
2026-07-23 14:46:00,207.7799072265625,207.80999755859372,207.7100067138672,207.7902069091797,174216.0
2026-07-23 14:47:00,207.8000030517578,208.0198974609375,207.7899932861328,207.8699951171875,177937.0
2026-07-23 14:48:00,207.8800048828125,207.9499969482422,207.72999572753903,207.8950042724609,206097.0
2026-07-23 14:49:00,207.90499877929688,207.9228057861328,207.6499938964844,207.6999053955078,110744.0
2026-07-23 14:50:00,207.69500732421875,207.8999938964844,207.6750030517578,207.8600006103516,131973.0
2026-07-23 14:51:00,207.8699951171875,207.9698944091797,207.7899932861328,207.82000732421875,90696.0
2026-07-23 14:52:00,207.82000732421875,207.9040069580078,207.7700042724609,207.80999755859372,106453.0
2026-07-23 14:53:00,207.7899932861328,207.8000030517578,207.6699981689453,207.72999572753903,103485.0
2026-07-23 14:54:00,207.7100067138672,207.73150634765625,207.4501953125,207.5,150755.0
2026-07-23 14:55:00,207.5,207.55999755859372,207.44000244140625,207.50999450683597,124998.0
2026-07-23 14:56:00,207.5249938964844,207.5399932861328,207.3999938964844,207.50999450683597,153110.0
2026-07-23 14:57:00,207.50999450683597,207.5249938964844,207.4499969482422,207.4499969482422,92538.0
2026-07-23 14:58:00,207.44000244140625,207.4801025390625,207.3300018310547,207.4499969482422,126014.0
2026-07-23 14:59:00,207.4499969482422,207.69000244140625,207.44000244140625,207.6750030517578,137888.0
2026-07-23 15:00:00,207.6741943359375,207.82000732421875,207.66000366210935,207.75999450683597,163310.0
2026-07-23 15:01:00,207.7449951171875,207.7449951171875,207.55999755859372,207.6300048828125,122014.0
2026-07-23 15:02:00,207.62469482421875,207.7700042724609,207.60499572753903,207.72000122070312,98823.0
2026-07-23 15:03:00,207.7050018310547,207.72000122070312,207.30999755859372,207.3500061035156,125249.0
2026-07-23 15:04:00,207.3600006103516,207.375,207.22999572753903,207.235107421875,140692.0
2026-07-23 15:05:00,207.25,207.46299743652344,207.22000122070312,207.44000244140625,107634.0
2026-07-23 15:06:00,207.43499755859372,207.51510620117188,207.3504943847656,207.43499755859372,93032.0
2026-07-23 15:07:00,207.4600067138672,207.4600067138672,207.1199951171875,207.1499938964844,170334.0
2026-07-23 15:08:00,207.13999938964844,207.2899932861328,207.1199951171875,207.2700042724609,118297.0
2026-07-23 15:09:00,207.2700042724609,207.3600006103516,207.2350006103516,207.30999755859372,229833.0
2026-07-23 15:10:00,207.2978973388672,207.38999938964844,207.27999877929688,207.33999633789065,134978.0
2026-07-23 15:11:00,207.34500122070312,207.5500030517578,207.34500122070312,207.5,149489.0
2026-07-23 15:12:00,207.4900054931641,207.5800018310547,207.42010498046875,207.42010498046875,135463.0
2026-07-23 15:13:00,207.42999267578125,207.4600067138672,207.30999755859372,207.331298828125,155183.0
2026-07-23 15:14:00,207.32000732421875,207.5,207.30999755859372,207.38999938964844,130111.0
2026-07-23 15:15:00,207.3800048828125,207.58999633789065,207.3600006103516,207.5800018310547,243719.0
2026-07-23 15:16:00,207.58999633789065,207.8300018310547,207.5375061035156,207.72999572753903,202467.0
2026-07-23 15:17:00,207.7100067138672,207.77999877929688,207.6300048828125,207.6699981689453,149236.0
2026-07-23 15:18:00,207.6649932861328,207.7100067138672,207.6293029785156,207.7100067138672,108788.0
2026-07-23 15:19:00,207.7050018310547,207.72999572753903,207.5200042724609,207.66000366210935,246684.0
2026-07-23 15:20:00,207.6499938964844,207.8500061035156,207.63999938964844,207.7949981689453,165298.0
2026-07-23 15:21:00,207.7949981689453,207.9199981689453,207.77999877929688,207.8500061035156,213587.0
2026-07-23 15:22:00,207.86990356445312,207.95509338378903,207.75,207.76499938964844,187430.0
2026-07-23 15:23:00,207.7700042724609,207.9600067138672,207.7700042724609,207.95899963378903,132365.0
2026-07-23 15:24:00,207.9550018310547,208.04049682617188,207.9199981689453,208.01499938964844,165571.0
2026-07-23 15:25:00,208.01499938964844,208.14990234375,208.01499938964844,208.1199951171875,181532.0
2026-07-23 15:26:00,208.1300048828125,208.1649932861328,208.02999877929688,208.05999755859372,185409.0
2026-07-23 15:27:00,208.05999755859372,208.05999755859372,207.80999755859372,207.8249969482422,280872.0
2026-07-23 15:28:00,207.8199005126953,207.86990356445312,207.57000732421875,207.58999633789065,180639.0
2026-07-23 15:29:00,207.58999633789065,207.8556060791016,207.57000732421875,207.84500122070312,165088.0
2026-07-23 15:30:00,207.8500061035156,207.88999938964844,207.63999938964844,207.8600006103516,181644.0
2026-07-23 15:31:00,207.8300018310547,207.85499572753903,207.5,207.5,198018.0
2026-07-23 15:32:00,207.50999450683597,207.54510498046875,207.3699951171875,207.3699951171875,173697.0
2026-07-23 15:33:00,207.375,207.3800048828125,207.1490020751953,207.3000030517578,209739.0
2026-07-23 15:34:00,207.30999755859372,207.55999755859372,207.27999877929688,207.4900054931641,266097.0
2026-07-23 15:35:00,207.5050048828125,207.67999267578125,207.3500061035156,207.55999755859372,206729.0
2026-07-23 15:36:00,207.55999755859372,207.6000061035156,207.3999938964844,207.58999633789065,182824.0
2026-07-23 15:37:00,207.58999633789065,207.77999877929688,207.5500030517578,207.7100067138672,149233.0
2026-07-23 15:38:00,207.69000244140625,207.7400054931641,207.5901031494141,207.6150054931641,145162.0
2026-07-23 15:39:00,207.6199951171875,207.68499755859372,207.5030059814453,207.5030059814453,172509.0
2026-07-23 15:40:00,207.50999450683597,207.5500030517578,207.33999633789065,207.41000366210935,256247.0
2026-07-23 15:41:00,207.3999938964844,207.41000366210935,207.2700042724609,207.3699951171875,199370.0
2026-07-23 15:42:00,207.3699951171875,207.3699951171875,207.0904998779297,207.0904998779297,197494.0
2026-07-23 15:43:00,207.08999633789065,207.1499938964844,207.0500030517578,207.0800018310547,212020.0
2026-07-23 15:44:00,207.05999755859372,207.07000732421875,206.88999938964844,206.9700927734375,337496.0
2026-07-23 15:45:00,206.97999572753903,207.12989807128903,206.97999572753903,207.0249938964844,235316.0
2026-07-23 15:46:00,207.02999877929688,207.08999633789065,206.91000366210935,207.02999877929688,180379.0
2026-07-23 15:47:00,207.0200958251953,207.3600006103516,206.91000366210935,207.3500061035156,253942.0
2026-07-23 15:48:00,207.3500061035156,207.38999938964844,207.25,207.2899932861328,181720.0
2026-07-23 15:49:00,207.3000030517578,207.3999938964844,207.1199951171875,207.3999938964844,215752.0
2026-07-23 15:50:00,207.41000366210935,207.9900054931641,207.41000366210935,207.83999633789065,656289.0
2026-07-23 15:51:00,207.8300018310547,207.8350067138672,207.4900054931641,207.66000366210935,308256.0
2026-07-23 15:52:00,207.66000366210935,207.7299041748047,207.22999572753903,207.4600067138672,308846.0
2026-07-23 15:53:00,207.47999572753903,207.6100006103516,207.3800048828125,207.59500122070312,375614.0
2026-07-23 15:54:00,207.58999633789065,207.8600006103516,207.44000244140625,207.80499267578125,560842.0
2026-07-23 15:55:00,207.8800048828125,208.4199981689453,207.8500061035156,208.3800048828125,571065.0
2026-07-23 15:56:00,208.3699951171875,208.44000244140625,208.09500122070312,208.0998992919922,577534.0
2026-07-23 15:57:00,208.1000061035156,208.5449981689453,208.1000061035156,208.47000122070312,515810.0
2026-07-23 15:58:00,208.47000122070312,208.82989501953125,208.47000122070312,208.75,725960.0
2026-07-23 15:59:00,208.7700042724609,208.97999572753903,208.64059448242188,208.6999969482422,1950173.0
2026-07-24 09:30:00,207.55999755859372,207.66000366210935,206.72999572753903,207.4250030517578,2514450.0
2026-07-24 09:31:00,207.44000244140625,207.94000244140625,207.13999938964844,207.67999267578125,409935.0
2026-07-24 09:32:00,207.75999450683597,207.92999267578125,207.25999450683597,207.6999969482422,279839.0
2026-07-24 09:33:00,207.69000244140625,207.85499572753903,207.4199981689453,207.8500061035156,280841.0
2026-07-24 09:34:00,207.8325042724609,208.25,207.7100067138672,208.1300048828125,354558.0
2026-07-24 09:35:00,208.0850067138672,208.6000061035156,207.8999938964844,208.21499633789065,426206.0
2026-07-24 09:36:00,208.21499633789065,208.21499633789065,207.50999450683597,207.5200042724609,282316.0
2026-07-24 09:37:00,207.53500366210935,207.7250061035156,207.1999969482422,207.4199981689453,279121.0
2026-07-24 09:38:00,207.40499877929688,207.75,207.04690551757807,207.22000122070312,271867.0
2026-07-24 09:39:00,207.17999267578125,207.5,207.0200042724609,207.4550018310547,247430.0
2026-07-24 09:40:00,207.48959350585935,207.5800018310547,207.1999969482422,207.30999755859372,253662.0
2026-07-24 09:41:00,207.3498992919922,207.42999267578125,207.0200042724609,207.1300048828125,205446.0
2026-07-24 09:42:00,207.1300048828125,207.28500366210935,206.97900390625,207.1999969482422,342676.0
2026-07-24 09:43:00,207.1947021484375,207.57000732421875,207.12350463867188,207.4949951171875,240612.0
2026-07-24 09:44:00,207.5,207.9385986328125,207.47000122070312,207.8036956787109,286607.0
2026-07-24 09:45:00,207.7700042724609,208.02999877929688,207.59039306640625,207.6999969482422,305432.0
2026-07-24 09:46:00,207.73989868164065,207.97000122070312,207.53610229492188,207.9250030517578,273795.0
2026-07-24 09:47:00,207.92010498046875,207.9696044921875,207.42999267578125,207.57000732421875,274803.0
2026-07-24 09:48:00,207.57000732421875,207.75,207.3831024169922,207.69000244140625,251824.0
2026-07-24 09:49:00,207.69949340820312,208.4900054931641,207.6699981689453,208.38999938964844,464035.0
2026-07-24 09:50:00,208.38499450683597,208.3950042724609,207.1537933349609,207.5200958251953,447600.0
2026-07-24 09:51:00,207.57000732421875,207.57000732421875,207.0200042724609,207.2250061035156,242056.0
2026-07-24 09:52:00,207.21339416503903,207.32000732421875,206.72999572753903,206.7899932861328,309477.0
2026-07-24 09:53:00,206.77999877929688,206.81419372558597,205.9900054931641,206.0200042724609,561493.0
2026-07-24 09:54:00,206.0200042724609,206.25,205.75999450683597,206.0399932861328,1112322.0
2026-07-24 09:55:00,206.0388946533203,206.1150054931641,205.6699981689453,205.9499969482422,340791.0
2026-07-24 09:56:00,205.9414978027344,206.3300018310547,205.7250061035156,205.7982940673828,328032.0
2026-07-24 09:57:00,205.75,206.02999877929688,205.75,205.9149932861328,225161.0
2026-07-24 09:58:00,205.9149932861328,206.47000122070312,205.9149932861328,206.139892578125,290087.0
2026-07-24 09:59:00,206.10499572753903,206.47000122070312,206.1000061035156,206.28390502929688,185699.0
2026-07-24 10:00:00,206.2899932861328,206.9750061035156,206.2301025390625,206.93089294433597,351367.0
2026-07-24 10:01:00,206.9600067138672,207.05999755859372,206.75999450683597,206.96499633789065,371831.0
2026-07-24 10:02:00,206.97999572753903,207.4499969482422,206.97999572753903,207.22000122070312,331576.0
2026-07-24 10:03:00,207.2250061035156,207.4600067138672,207.0,207.42999267578125,283273.0
2026-07-24 10:04:00,207.4398956298828,207.55990600585935,206.97000122070312,207.13999938964844,275077.0
2026-07-24 10:05:00,207.1999053955078,207.3999938964844,207.13009643554688,207.22000122070312,181432.0
2026-07-24 10:06:00,207.20050048828125,207.30999755859372,207.0200958251953,207.14300537109372,200218.0
2026-07-24 10:07:00,207.1614990234375,207.6199951171875,206.8999938964844,207.50999450683597,317009.0
2026-07-24 10:08:00,207.55990600585935,208.00999450683597,207.4199981689453,207.8699951171875,447058.0
2026-07-24 10:09:00,207.860107421875,208.17999267578125,207.67999267578125,208.1000061035156,321516.0
2026-07-24 10:10:00,208.0850067138672,208.0850067138672,207.6999969482422,207.80999755859372,241684.0
2026-07-24 10:11:00,207.80499267578125,208.0749969482422,207.7350006103516,207.94000244140625,302752.0
2026-07-24 10:12:00,207.92010498046875,208.26499938964844,207.860107421875,207.91000366210935,231829.0
2026-07-24 10:13:00,207.91000366210935,207.9850006103516,207.67010498046875,207.8999938964844,206057.0
2026-07-24 10:14:00,207.91000366210935,208.3000030517578,207.7949981689453,207.91000366210935,274226.0
2026-07-24 10:15:00,207.92999267578125,208.02999877929688,207.6100006103516,207.6300048828125,226435.0
2026-07-24 10:16:00,207.63499450683597,207.79849243164065,207.42999267578125,207.65989685058597,277877.0
2026-07-24 10:17:00,207.66000366210935,207.67999267578125,207.1000061035156,207.3500061035156,301609.0
2026-07-24 10:18:00,207.3500061035156,207.5200042724609,206.7503967285156,206.75100708007807,297386.0
2026-07-24 10:19:00,206.7501983642578,207.1199951171875,206.47000122070312,207.0800018310547,267845.0
2026-07-24 10:20:00,207.1000061035156,207.1499938964844,206.66000366210935,207.09860229492188,222519.0
2026-07-24 10:22:00,207.8999938964844,207.95849609375,207.58999633789065,207.6999053955078,442881.0
2026-07-24 10:23:00,207.67999267578125,208.3500061035156,207.67999267578125,208.2899932861328,328653.0
2026-07-24 10:24:00,208.2899932861328,208.3300018310547,207.8999938964844,207.91000366210935,211638.0
2026-07-24 10:25:00,207.94000244140625,208.0800018310547,207.66000366210935,207.8197021484375,210678.0
2026-07-24 10:26:00,207.8249969482422,207.9750061035156,207.6999969482422,207.9250030517578,157796.0
2026-07-24 10:27:00,207.9199981689453,208.2100067138672,207.79449462890625,207.9149932861328,363298.0
2026-07-24 10:28:00,207.94500732421875,208.0467071533203,207.7700042724609,208.0,157667.0
2026-07-24 10:29:00,207.9900054931641,208.22999572753903,207.860107421875,208.1100006103516,214579.0
2026-07-24 10:30:00,208.1100006103516,208.1100006103516,207.53500366210935,207.7008056640625,289731.0
2026-07-24 10:31:00,207.7698974609375,208.0299072265625,207.75,207.96499633789065,249798.0
2026-07-24 10:32:00,207.96499633789065,207.9998016357422,207.5399932861328,207.6649932861328,184061.0
2026-07-24 10:33:00,207.6649932861328,207.9900054931641,207.6125030517578,207.66000366210935,213048.0
2026-07-24 10:34:00,207.67999267578125,207.94000244140625,207.6300048828125,207.73980712890625,183243.0
2026-07-24 10:35:00,207.7449951171875,208.0399932861328,207.69200134277344,208.0200042724609,215590.0
2026-07-24 10:36:00,208.00010681152344,208.2599029541016,208.0,208.13499450683597,265733.0
2026-07-24 10:37:00,208.13999938964844,208.17999267578125,207.8800048828125,207.97999572753903,228207.0
2026-07-24 10:38:00,208.00999450683597,208.08999633789065,207.7899932861328,207.8000030517578,163264.0
2026-07-24 10:39:00,207.82989501953125,207.96800231933597,207.44000244140625,207.52999877929688,243835.0
2026-07-24 10:40:00,207.5200958251953,207.6150054931641,207.2610015869141,207.38499450683597,323521.0
2026-07-24 10:41:00,207.3950042724609,207.57000732421875,207.14010620117188,207.2749938964844,216408.0
2026-07-24 10:42:00,207.26499938964844,207.47999572753903,207.11099243164065,207.1699981689453,230484.0
2026-07-24 10:43:00,207.1750030517578,207.4600067138672,207.16000366210935,207.3600006103516,195869.0
2026-07-24 10:44:00,207.3600006103516,207.69000244140625,207.3600006103516,207.4700927734375,282603.0
2026-07-24 10:45:00,207.47999572753903,207.5,207.1499938964844,207.22999572753903,183357.0
2026-07-24 10:46:00,207.22999572753903,207.82000732421875,207.1000061035156,207.82000732421875,815683.0
2026-07-24 10:47:00,207.8000030517578,207.97000122070312,207.44000244140625,207.5099029541016,258636.0
2026-07-24 10:48:00,207.47999572753903,207.77999877929688,207.47999572753903,207.7050018310547,129540.0
2026-07-24 10:49:00,207.6997985839844,208.1499938964844,207.69009399414065,208.05999755859372,296484.0
2026-07-24 10:50:00,208.0747985839844,208.3000030517578,208.0249938964844,208.13999938964844,267055.0
2026-07-24 10:51:00,208.13720703125,208.25999450683597,207.8800048828125,207.8999938964844,176928.0
2026-07-24 10:52:00,207.9199981689453,208.0800018310547,207.75,207.7700042724609,180300.0
2026-07-24 10:53:00,207.7700042724609,208.15499877929688,207.67999267578125,208.03500366210935,149194.0
2026-07-24 10:54:00,208.01010131835935,208.1150054931641,207.6199951171875,207.9550018310547,118002.0
2026-07-24 10:55:00,207.97999572753903,208.42999267578125,207.97950744628903,208.3300018310547,224816.0
2026-07-24 10:56:00,208.30999755859372,208.50999450683597,208.25999450683597,208.44009399414065,309185.0
2026-07-24 10:57:00,208.4501037597656,209.0200042724609,208.4501037597656,208.97000122070312,511365.0
2026-07-24 10:58:00,208.9900054931641,209.2899932861328,208.8600006103516,209.2749938964844,319596.0
2026-07-24 10:59:00,209.2749938964844,209.5800018310547,209.2700042724609,209.4949951171875,321328.0
2026-07-24 11:00:00,209.5200042724609,209.8500061035156,209.25999450683597,209.8350067138672,408141.0
2026-07-24 11:01:00,209.83999633789065,210.0498962402344,209.52999877929688,209.5399932861328,519224.0
2026-07-24 11:02:00,209.5,209.7700042724609,209.2700042724609,209.6000061035156,342861.0
2026-07-24 11:03:00,209.5800018310547,209.7100067138672,209.2400054931641,209.35159301757807,230661.0
2026-07-24 11:04:00,209.3600006103516,209.5200042724609,209.00999450683597,209.00999450683597,189119.0
2026-07-24 11:05:00,209.01499938964844,209.22000122070312,208.9600067138672,209.1300048828125,354921.0
2026-07-24 11:06:00,209.13499450683597,209.3999938964844,209.1000061035156,209.1699981689453,236699.0
2026-07-24 11:07:00,209.1699981689453,209.31350708007807,208.9600067138672,209.25999450683597,192395.0
2026-07-24 11:08:00,209.3699951171875,209.47000122070312,209.0500030517578,209.13999938964844,181543.0
2026-07-24 11:09:00,209.1499938964844,209.32000732421875,208.66000366210935,208.7001037597656,233009.0
2026-07-24 11:10:00,208.7100067138672,209.44000244140625,208.58999633789065,209.3300018310547,223243.0
2026-07-24 11:11:00,209.3000030517578,209.83999633789065,209.1199951171875,209.27999877929688,350926.0
2026-07-24 11:12:00,209.28500366210935,209.5200042724609,209.08999633789065,209.1699981689453,146131.0
2026-07-24 11:13:00,209.1750030517578,209.3500061035156,209.02999877929688,209.1000061035156,146833.0
2026-07-24 11:14:00,209.09500122070312,209.8800048828125,209.08999633789065,209.72999572753903,236681.0
2026-07-24 11:15:00,209.71499633789065,210.30999755859372,209.6100006103516,210.1925048828125,537065.0
2026-07-24 11:16:00,210.15499877929688,210.3600006103516,209.97000122070312,209.97999572753903,253083.0
2026-07-24 11:17:00,210.0,210.0800018310547,209.5644989013672,209.6000061035156,190334.0
2026-07-24 11:18:00,209.58999633789065,209.83999633789065,209.3600006103516,209.55999755859372,193528.0
2026-07-24 11:19:00,209.5500030517578,209.6999969482422,209.3101043701172,209.3999938964844,156013.0
2026-07-24 11:20:00,209.41000366210935,209.82000732421875,209.360107421875,209.6699981689453,211627.0
2026-07-24 11:21:00,209.67999267578125,209.83590698242188,209.58999633789065,209.6143951416016,172287.0
2026-07-24 11:22:00,209.635498046875,209.6999969482422,209.4499969482422,209.47000122070312,134691.0
2026-07-24 11:23:00,209.4600067138672,209.7700042724609,209.4600067138672,209.65499877929688,176104.0
2026-07-24 11:24:00,209.65499877929688,209.75,209.3800048828125,209.5800018310547,177366.0
2026-07-24 11:25:00,209.5500030517578,209.7899932861328,209.5500030517578,209.76499938964844,114751.0
2026-07-24 11:26:00,209.8000030517578,209.8780059814453,209.32000732421875,209.3300018310547,185284.0
2026-07-24 11:27:00,209.33999633789065,209.5800018310547,209.32009887695312,209.50999450683597,152087.0
2026-07-24 11:28:00,209.5,209.6999969482422,209.3500061035156,209.3950042724609,139355.0
2026-07-24 11:29:00,209.4149932861328,209.45460510253903,209.1000061035156,209.2100067138672,553604.0
2026-07-24 11:30:00,209.2100067138672,209.3999938964844,209.1000061035156,209.38999938964844,222937.0
2026-07-24 11:31:00,209.3999938964844,209.67999267578125,209.3999938964844,209.66319274902344,181616.0
2026-07-24 11:32:00,209.6499938964844,209.75999450683597,209.3184051513672,209.3800048828125,476415.0
2026-07-24 11:33:00,209.3800048828125,209.47999572753903,209.22999572753903,209.2749938964844,114523.0
2026-07-24 11:34:00,209.26499938964844,209.42990112304688,209.0955047607422,209.1499938964844,139171.0
2026-07-24 11:35:00,209.1300048828125,209.42999267578125,209.1100006103516,209.4250030517578,113612.0
2026-07-24 11:36:00,209.41099548339844,209.47000122070312,209.22000122070312,209.32000732421875,143214.0
2026-07-24 11:37:00,209.30499267578125,209.4750061035156,208.97999572753903,209.4750061035156,187404.0
2026-07-24 11:38:00,209.4550018310547,209.6499938964844,209.32009887695312,209.63009643554688,181759.0
2026-07-24 11:39:00,209.6289978027344,209.6450042724609,209.51589965820312,209.54910278320312,128056.0
2026-07-24 11:40:00,209.52999877929688,209.85499572753903,209.50840759277344,209.6199951171875,149233.0
2026-07-24 11:41:00,209.6199951171875,209.69000244140625,209.3500061035156,209.4102020263672,176808.0
2026-07-24 11:42:00,209.4199981689453,209.5500030517578,209.27999877929688,209.3701019287109,133239.0
2026-07-24 11:43:00,209.3699951171875,209.4199981689453,209.05999755859372,209.15499877929688,184278.0
2026-07-24 11:44:00,209.15499877929688,209.3699951171875,209.15499877929688,209.22999572753903,241796.0
2026-07-24 11:45:00,209.2400054931641,209.5800018310547,209.2301025390625,209.42999267578125,216247.0
2026-07-24 11:46:00,209.43499755859372,209.58909606933597,209.3950042724609,209.4501037597656,98398.0
2026-07-24 11:47:00,209.3999938964844,209.4900054931641,209.2700042724609,209.33999633789065,86367.0
2026-07-24 11:48:00,209.3300018310547,209.47999572753903,209.25999450683597,209.42539978027344,122388.0
2026-07-24 11:49:00,209.41000366210935,209.4199981689453,209.15499877929688,209.1699981689453,116310.0
2026-07-24 11:50:00,209.19000244140625,209.5200042724609,209.18499755859372,209.5200042724609,161947.0
2026-07-24 11:51:00,209.50999450683597,209.7050018310547,209.4900054931641,209.6199951171875,131203.0
2026-07-24 11:52:00,209.6100006103516,209.80999755859372,209.6100006103516,209.6499938964844,158341.0
2026-07-24 11:53:00,209.6499938964844,209.90989685058597,209.5500030517578,209.8300018310547,155315.0
2026-07-24 11:54:00,209.81399536132807,209.9398956298828,209.72000122070312,209.80999755859372,136400.0
2026-07-24 11:55:00,209.8000030517578,210.07000732421875,209.69000244140625,209.97999572753903,274326.0
2026-07-24 11:56:00,210.00999450683597,210.0800018310547,209.8999938964844,209.9949951171875,155395.0
2026-07-24 11:57:00,209.9900054931641,210.00999450683597,209.8600006103516,209.8800048828125,101532.0
2026-07-24 11:58:00,209.88999938964844,210.1652069091797,209.82000732421875,210.13999938964844,160971.0
2026-07-24 11:59:00,210.1300048828125,210.30999755859372,210.12179565429688,210.18099975585935,396160.0
2026-07-24 12:00:00,210.18499755859372,210.22000122070312,210.00999450683597,210.05499267578125,186342.0
2026-07-24 12:01:00,210.0500030517578,210.3000030517578,210.0399932861328,210.2949981689453,189285.0
2026-07-24 12:02:00,210.3300018310547,210.38999938964844,210.1999969482422,210.2794952392578,2145327.0
2026-07-24 12:03:00,210.2606964111328,210.6300048828125,210.2606964111328,210.56500244140625,259112.0
2026-07-24 12:04:00,210.56500244140625,210.92990112304688,210.5,210.889404296875,376759.0
2026-07-24 12:05:00,210.86990356445312,211.17999267578125,210.80999755859372,211.15499877929688,410182.0
2026-07-24 12:06:00,211.1649932861328,211.33990478515625,211.00999450683597,211.00999450683597,257901.0
2026-07-24 12:07:00,211.014892578125,211.34759521484372,210.9600067138672,211.32000732421875,350484.0
2026-07-24 12:08:00,211.30999755859372,211.3800048828125,211.08999633789065,211.2749938964844,250630.0
2026-07-24 12:09:00,211.27999877929688,211.5500030517578,211.27999877929688,211.4626007080078,311403.0
2026-07-24 12:10:00,211.44000244140625,211.90989685058597,211.41940307617188,211.7400054931641,297576.0
2026-07-24 12:11:00,211.7350006103516,211.7494964599609,211.33999633789065,211.3999938964844,280070.0
2026-07-24 12:12:00,211.40499877929688,211.5794982910156,211.19000244140625,211.3000030517578,194959.0
2026-07-24 12:13:00,211.3000030517578,211.3999938964844,211.1501007080078,211.1501007080078,137342.0
2026-07-24 12:14:00,211.15499877929688,211.22540283203125,210.86459350585935,210.8699951171875,222590.0
2026-07-24 12:15:00,210.8500061035156,211.00999450683597,210.69000244140625,210.93499755859372,190079.0
2026-07-24 12:16:00,210.939697265625,210.9600067138672,210.76010131835935,210.875,162510.0
2026-07-24 12:17:00,210.8699951171875,210.9199981689453,210.7801055908203,210.8350067138672,185840.0
2026-07-24 12:18:00,210.84019470214844,210.9499969482422,210.72000122070312,210.7400054931641,198500.0
2026-07-24 12:19:00,210.75999450683597,210.87989807128903,210.72950744628903,210.78500366210935,158996.0
2026-07-24 12:20:00,210.7899932861328,210.9499969482422,210.6699981689453,210.9199981689453,152162.0
2026-07-24 12:21:00,210.92999267578125,210.97000122070312,210.7100067138672,210.8350067138672,172763.0
2026-07-24 12:22:00,210.8350067138672,210.9900054931641,210.77999877929688,210.91000366210935,164254.0
2026-07-24 12:23:00,210.91000366210935,210.9199981689453,210.7899932861328,210.80999755859372,207884.0
2026-07-24 12:24:00,210.81170654296875,210.8699951171875,210.6699981689453,210.7400054931641,1152111.0
2026-07-24 12:25:00,210.75999450683597,211.0449981689453,210.7400054931641,211.0449981689453,170011.0
2026-07-24 12:26:00,211.0493927001953,211.1000061035156,210.88999938964844,211.06500244140625,191662.0
2026-07-24 12:27:00,211.07000732421875,211.1000061035156,210.8500061035156,210.85499572753903,104982.0
2026-07-24 12:28:00,210.83999633789065,211.0200042724609,210.8029937744141,211.0050048828125,117208.0
2026-07-24 12:29:00,211.0200042724609,211.05499267578125,210.75999450683597,210.7700042724609,113358.0
2026-07-24 12:30:00,210.7749938964844,210.8096923828125,210.3500061035156,210.52999877929688,297856.0
2026-07-24 12:31:00,210.52999877929688,210.6199951171875,210.33999633789065,210.4550018310547,151555.0
2026-07-24 12:32:00,210.4550018310547,210.5749969482422,210.2949981689453,210.44009399414065,156737.0
2026-07-24 12:33:00,210.4499969482422,210.52999877929688,210.35499572753903,210.3950042724609,110828.0
2026-07-24 12:34:00,210.3800048828125,210.66000366210935,210.3571929931641,210.610107421875,167803.0
2026-07-24 12:35:00,210.6199951171875,210.8000030517578,210.55099487304688,210.7550048828125,113256.0
2026-07-24 12:36:00,210.7449951171875,210.8800048828125,210.55999755859372,210.6239013671875,179404.0
2026-07-24 12:37:00,210.6100006103516,210.6499938964844,210.44000244140625,210.53550720214844,104154.0
2026-07-24 12:38:00,210.5299072265625,210.63999938964844,210.3650054931641,210.37989807128903,118903.0
2026-07-24 12:39:00,210.3800048828125,210.50999450683597,210.3699951171875,210.5,108435.0
2026-07-24 12:40:00,210.4850006103516,210.5998992919922,210.3999938964844,210.3999938964844,154337.0
2026-07-24 12:41:00,210.3999938964844,210.4398956298828,210.1000061035156,210.3300018310547,214227.0
2026-07-24 12:42:00,210.3300018310547,210.33999633789065,210.14010620117188,210.22999572753903,123772.0
2026-07-24 12:43:00,210.2250061035156,210.32989501953125,209.97999572753903,210.2599029541016,190418.0
2026-07-24 12:44:00,210.2301025390625,210.30999755859372,210.13999938964844,210.17999267578125,128641.0
2026-07-24 12:45:00,210.1699981689453,210.2449951171875,210.05999755859372,210.22000122070312,108846.0
2026-07-24 12:46:00,210.2100067138672,210.2700042724609,210.13999938964844,210.13999938964844,134303.0
2026-07-24 12:47:00,210.1300048828125,210.25,210.04200744628903,210.13999938964844,107529.0
2026-07-24 12:48:00,210.13999938964844,210.17999267578125,209.9499969482422,209.9900054931641,459269.0
2026-07-24 12:49:00,210.0,210.1499938964844,209.91009521484372,210.0800018310547,131871.0
2026-07-24 12:50:00,210.0800018310547,210.16000366210935,209.9250030517578,210.00999450683597,140738.0
2026-07-24 12:51:00,210.0399932861328,210.0800018310547,209.8500061035156,209.9040069580078,128132.0
2026-07-24 12:52:00,209.8999938964844,209.9600067138672,209.78500366210935,209.8350067138672,117385.0
2026-07-24 12:53:00,209.8300018310547,209.9499969482422,209.75999450683597,209.8999938964844,160100.0
2026-07-24 12:54:00,209.8999938964844,210.1000061035156,209.88999938964844,209.9600067138672,158770.0
2026-07-24 12:55:00,209.9600067138672,210.19000244140625,209.8699951171875,210.08999633789065,174360.0
2026-07-24 12:56:00,210.0498046875,210.139892578125,209.8950042724609,210.0,137127.0
2026-07-24 12:57:00,210.0050048828125,210.30999755859372,209.99009704589844,210.2899932861328,193446.0
2026-07-24 12:58:00,210.30499267578125,210.42999267578125,210.27999877929688,210.31500244140625,159098.0
2026-07-24 12:59:00,210.30999755859372,210.42999267578125,210.19009399414065,210.22000122070312,128542.0
2026-07-24 13:00:00,210.2400054931641,210.33059692382807,210.15020751953125,210.19000244140625,110316.0
2026-07-24 13:01:00,210.19000244140625,210.19000244140625,210.0,210.1000061035156,157269.0
2026-07-24 13:02:00,210.1000061035156,210.1150054931641,209.9600982666016,210.0200042724609,114104.0
2026-07-24 13:03:00,210.0200042724609,210.1201019287109,209.91000366210935,209.9850006103516,86949.0
2026-07-24 13:04:00,210.0,210.1154937744141,209.9199981689453,210.07000732421875,96040.0
2026-07-24 13:05:00,210.05999755859372,210.1199951171875,209.9600982666016,210.0800018310547,154315.0
2026-07-24 13:06:00,210.08999633789065,210.1999969482422,209.8300018310547,209.951904296875,319953.0
2026-07-24 13:07:00,209.97000122070312,209.9900054931641,209.67999267578125,209.72000122070312,97472.0
2026-07-24 13:08:00,209.71499633789065,209.8280029296875,209.6060028076172,209.7599029541016,118487.0
2026-07-24 13:09:00,209.75,209.9199981689453,209.63009643554688,209.6750030517578,111716.0
2026-07-24 13:10:00,209.66000366210935,209.79249572753903,209.5200042724609,209.7250061035156,139536.0
2026-07-24 13:11:00,209.72000122070312,209.88999938964844,209.6699981689453,209.77999877929688,136549.0
2026-07-24 13:12:00,209.77999877929688,209.9600067138672,209.75,209.75,97868.0
2026-07-24 13:13:00,209.75010681152344,209.8699951171875,209.6699981689453,209.77999877929688,90645.0
2026-07-24 13:14:00,209.78500366210935,209.92579650878903,209.75999450683597,209.7899932861328,603106.0
2026-07-24 13:15:00,209.7801055908203,209.9039001464844,209.72999572753903,209.75,104557.0
2026-07-24 13:16:00,209.7700042724609,209.7700042724609,209.6100006103516,209.6750030517578,99948.0
2026-07-24 13:17:00,209.68499755859372,209.9600067138672,209.6699981689453,209.94000244140625,128151.0
2026-07-24 13:18:00,209.94000244140625,210.1300048828125,209.82000732421875,210.08999633789065,169637.0
2026-07-24 13:19:00,210.1000061035156,210.3000030517578,210.08999633789065,210.19009399414065,166206.0
2026-07-24 13:20:00,210.1999969482422,210.33999633789065,210.0399932861328,210.07000732421875,168293.0
2026-07-24 13:21:00,210.06500244140625,210.16000366210935,209.97000122070312,210.0,99805.0
2026-07-24 13:22:00,210.0,210.08999633789065,209.8600006103516,209.91000366210935,103113.0
2026-07-24 13:23:00,209.91000366210935,209.9199981689453,209.80999755859372,209.8500061035156,79811.0
2026-07-24 13:24:00,209.84500122070312,210.08920288085935,209.80999755859372,210.05999755859372,115989.0
2026-07-24 13:25:00,210.0605010986328,210.1000061035156,209.8500061035156,209.9600067138672,110472.0
2026-07-24 13:26:00,209.97999572753903,210.2100067138672,209.9600982666016,210.1999969482422,79837.0
2026-07-24 13:27:00,210.19009399414065,210.3000946044922,210.1499938964844,210.2949981689453,110796.0
2026-07-24 13:28:00,210.2899932861328,210.35499572753903,210.2100067138672,210.25999450683597,159403.0
2026-07-24 13:29:00,210.2579040527344,210.3000030517578,210.1710968017578,210.25,148227.0
2026-07-24 13:30:00,210.2700042724609,210.31500244140625,210.1300048828125,210.19000244140625,133613.0
2026-07-24 13:31:00,210.1999969482422,210.3999938964844,210.17999267578125,210.375,157397.0
2026-07-24 13:32:00,210.38999938964844,210.4199981689453,210.2700042724609,210.2949981689453,90408.0
2026-07-24 13:33:00,210.2899932861328,210.4499969482422,210.1999969482422,210.42999267578125,124562.0
2026-07-24 13:34:00,210.4199981689453,210.52999877929688,210.3988037109375,210.5122985839844,146206.0
2026-07-24 13:35:00,210.5050048828125,210.5200042724609,210.3699951171875,210.4900054931641,116273.0
2026-07-24 13:36:00,210.47000122070312,210.51910400390625,210.35009765625,210.35009765625,101019.0
2026-07-24 13:37:00,210.3600006103516,210.41000366210935,210.27999877929688,210.30499267578125,94098.0
2026-07-24 13:38:00,210.3000030517578,210.4900054931641,210.2700042724609,210.42990112304688,109857.0
2026-07-24 13:39:00,210.41000366210935,210.47999572753903,210.2700958251953,210.3191070556641,100485.0
2026-07-24 13:40:00,210.3000030517578,210.3000030517578,210.1100006103516,210.13999938964844,187087.0
2026-07-24 13:41:00,210.13999938964844,210.1499938964844,209.9600067138672,209.9850006103516,107054.0
2026-07-24 13:42:00,210.0,210.0,209.80999755859372,209.86920166015625,104463.0
2026-07-24 13:43:00,209.8999938964844,210.0,209.88999938964844,209.9199981689453,67239.0
2026-07-24 13:44:00,209.9600067138672,210.0800018310547,209.8500061035156,209.8500061035156,99335.0
2026-07-24 13:45:00,209.8500061035156,209.8699951171875,209.72000122070312,209.80999755859372,98905.0
2026-07-24 13:46:00,209.80999755859372,210.11959838867188,209.7949981689453,210.07000732421875,96261.0
2026-07-24 13:47:00,210.0850067138672,210.1499938964844,209.96080017089844,209.9949951171875,87033.0
2026-07-24 13:48:00,210.0,210.0449981689453,209.92999267578125,209.97999572753903,66992.0
2026-07-24 13:49:00,209.97999572753903,210.1699981689453,209.9499969482422,210.1499938964844,124631.0
2026-07-24 13:50:00,210.16000366210935,210.2100067138672,210.07000732421875,210.1999969482422,97629.0
2026-07-24 13:51:00,210.22999572753903,210.2998962402344,210.0200042724609,210.0399932861328,127658.0
2026-07-24 13:52:00,210.0301055908203,210.0850067138672,209.94000244140625,210.0,85448.0
2026-07-24 13:53:00,209.9850006103516,210.1000061035156,209.9754943847656,210.0200042724609,65402.0
2026-07-24 13:54:00,209.97999572753903,210.1100006103516,209.97999572753903,210.0500030517578,53528.0
2026-07-24 13:55:00,210.0500030517578,210.1649932861328,209.97000122070312,209.97999572753903,65933.0
2026-07-24 13:56:00,209.9850006103516,210.05999755859372,209.9199981689453,209.97999572753903,113295.0
2026-07-24 13:57:00,209.9600067138672,209.9750061035156,209.80999755859372,209.8300018310547,97808.0
2026-07-24 13:58:00,209.82000732421875,209.8500061035156,209.6844940185547,209.7599029541016,120389.0
2026-07-24 13:59:00,209.72999572753903,209.80999755859372,209.6699981689453,209.6999969482422,134465.0
2026-07-24 14:00:00,209.6999969482422,209.87989807128903,209.63999938964844,209.83999633789065,125391.0
2026-07-24 14:01:00,209.8350067138672,209.91000366210935,209.67999267578125,209.67999267578125,86854.0
2026-07-24 14:02:00,209.69009399414065,209.86659240722656,209.6100006103516,209.85499572753903,92243.0
2026-07-24 14:03:00,209.8350067138672,209.85989379882807,209.625,209.65939331054688,97174.0
2026-07-24 14:04:00,209.63510131835935,209.7400054931641,209.6100006103516,209.69000244140625,60160.0
2026-07-24 14:05:00,209.67999267578125,209.7100067138672,209.6000061035156,209.6300048828125,88313.0
2026-07-24 14:06:00,209.6199951171875,209.7050018310547,209.38999938964844,209.4750061035156,222892.0
2026-07-24 14:07:00,209.47000122070312,209.67999267578125,209.3999938964844,209.65640258789065,147148.0
2026-07-24 14:08:00,209.66000366210935,209.7324066162109,209.610107421875,209.63999938964844,80599.0
2026-07-24 14:09:00,209.6898956298828,209.7400054931641,209.4949951171875,209.53500366210935,97434.0
2026-07-24 14:10:00,209.5500030517578,209.5800018310547,209.3999938964844,209.47000122070312,111380.0
2026-07-24 14:11:00,209.47999572753903,209.47999572753903,209.22000122070312,209.2449951171875,135870.0
2026-07-24 14:12:00,209.25,209.25999450683597,209.01010131835935,209.1699981689453,188347.0
2026-07-24 14:13:00,209.15989685058597,209.2350006103516,209.1499938964844,209.1999969482422,171451.0
2026-07-24 14:14:00,209.16000366210935,209.33990478515625,209.13999938964844,209.28500366210935,100156.0
2026-07-24 14:15:00,209.2700042724609,209.2899932861328,209.17999267578125,209.25999450683597,101729.0
2026-07-24 14:16:00,209.25,209.32000732421875,209.1199951171875,209.18499755859372,108080.0
2026-07-24 14:17:00,209.16009521484372,209.33999633789065,209.16009521484372,209.19000244140625,130731.0
2026-07-24 14:18:00,209.1999969482422,209.2700042724609,209.08999633789065,209.19000244140625,126983.0
2026-07-24 14:19:00,209.1999969482422,209.2350006103516,208.9900054931641,209.02999877929688,225527.0
2026-07-24 14:20:00,209.02999877929688,209.0399932861328,208.8000030517578,208.82000732421875,259721.0
2026-07-24 14:21:00,208.8300018310547,208.8600006103516,208.6699981689453,208.67999267578125,228138.0
2026-07-24 14:22:00,208.69000244140625,208.7400054931641,208.5200042724609,208.55999755859372,234456.0
2026-07-24 14:23:00,208.5601043701172,208.6699981689453,208.4770050048828,208.6100006103516,191667.0
2026-07-24 14:24:00,208.6100006103516,208.63999938964844,208.38499450683597,208.4199981689453,186385.0
2026-07-24 14:25:00,208.4199981689453,208.4900054931641,208.1499938964844,208.22999572753903,209308.0
2026-07-24 14:26:00,208.2494964599609,208.24989318847656,208.07000732421875,208.1699981689453,212038.0
2026-07-24 14:27:00,208.1869964599609,208.25,208.1199951171875,208.1300048828125,157498.0
2026-07-24 14:28:00,208.1300048828125,208.1300048828125,207.8699951171875,207.9295959472656,279535.0
2026-07-24 14:29:00,207.9199981689453,208.03990173339844,207.72999572753903,207.8249969482422,207141.0
2026-07-24 14:30:00,207.8300018310547,207.88580322265625,207.75,207.8300018310547,212011.0
2026-07-24 14:31:00,207.82000732421875,207.8300018310547,207.3999938964844,207.48989868164065,365189.0
2026-07-24 14:32:00,207.47999572753903,207.6100006103516,207.41000366210935,207.57000732421875,242586.0
2026-07-24 14:33:00,207.55999755859372,207.6280975341797,207.30999755859372,207.38999938964844,246905.0
2026-07-24 14:34:00,207.375,207.47999572753903,207.13999938964844,207.13999938964844,245477.0
2026-07-24 14:35:00,207.1450042724609,207.1450042724609,206.8300018310547,206.8800048828125,468887.0
2026-07-24 14:36:00,206.90499877929688,207.33999633789065,206.89010620117188,207.10020446777344,336728.0
2026-07-24 14:37:00,207.1100006103516,207.1699981689453,206.8999938964844,206.9149932861328,187013.0
2026-07-24 14:38:00,206.92999267578125,207.0699005126953,206.80999755859372,207.0699005126953,230066.0
2026-07-24 14:39:00,207.05499267578125,207.05499267578125,206.71299743652344,206.8999938964844,269410.0
2026-07-24 14:40:00,206.88999938964844,206.88999938964844,206.5500030517578,206.55999755859372,188524.0
2026-07-24 14:41:00,206.56500244140625,206.6999969482422,206.5,206.52999877929688,380752.0
2026-07-24 14:42:00,206.5200042724609,206.5500030517578,206.30999755859372,206.4499969482422,239501.0
2026-07-24 14:43:00,206.45989990234372,206.5399932861328,206.3699951171875,206.41900634765625,199138.0
2026-07-24 14:44:00,206.40499877929688,206.5,206.1300048828125,206.22000122070312,241531.0
2026-07-24 14:45:00,206.22000122070312,206.7899932861328,206.1499938964844,206.7899932861328,312924.0
2026-07-24 14:46:00,206.7899932861328,207.05999755859372,206.78500366210935,206.90359497070312,350752.0
2026-07-24 14:47:00,206.9149932861328,207.00909423828125,206.860107421875,206.97000122070312,141690.0
2026-07-24 14:48:00,206.9499969482422,206.98899841308597,206.66000366210935,206.8000030517578,184857.0
2026-07-24 14:49:00,206.7801055908203,206.8267974853516,206.5399932861328,206.5399932861328,142327.0
2026-07-24 14:50:00,206.5399932861328,206.65989685058597,206.22999572753903,206.2700042724609,282318.0
2026-07-24 14:51:00,206.22999572753903,206.6199951171875,206.22000122070312,206.38999938964844,247631.0
2026-07-24 14:52:00,206.38999938964844,206.58999633789065,206.3500061035156,206.44000244140625,217406.0
2026-07-24 14:53:00,206.4300994873047,206.47999572753903,206.22999572753903,206.3802032470703,192943.0
2026-07-24 14:54:00,206.34500122070312,206.3800048828125,206.0200042724609,206.22999572753903,257997.0
2026-07-24 14:55:00,206.2400054931641,206.4199981689453,206.1699981689453,206.38499450683597,159806.0
2026-07-24 14:56:00,206.38999938964844,206.6100006103516,206.30999755859372,206.47999572753903,188120.0
2026-07-24 14:57:00,206.4801025390625,206.5800018310547,206.41000366210935,206.43499755859372,174790.0
2026-07-24 14:58:00,206.41000366210935,206.4799041748047,206.2203063964844,206.2599029541016,185745.0
2026-07-24 14:59:00,206.25999450683597,206.3800048828125,206.2449951171875,206.27999877929688,1656079.0
2026-07-24 15:00:00,206.2700042724609,206.47999572753903,206.25010681152344,206.42999267578125,185016.0
2026-07-24 15:01:00,206.43499755859372,206.7100067138672,206.0675048828125,206.07989501953125,341183.0
2026-07-24 15:02:00,206.07000732421875,206.11990356445312,205.83999633789065,206.0200042724609,537059.0
2026-07-24 15:03:00,206.0050048828125,206.1293029785156,205.90499877929688,206.0500030517578,180796.0
2026-07-24 15:04:00,206.0500030517578,206.0800018310547,205.7899932861328,205.8500061035156,208512.0
2026-07-24 15:05:00,205.8350067138672,206.1499938964844,205.67999267578125,206.13499450683597,284364.0
2026-07-24 15:06:00,206.13009643554688,206.25,205.77999877929688,205.82000732421875,244244.0
2026-07-24 15:07:00,205.8300018310547,205.8300018310547,205.3000030517578,205.34500122070312,463189.0
2026-07-24 15:08:00,205.3401031494141,205.58999633789065,205.2449951171875,205.47999572753903,368640.0
2026-07-24 15:09:00,205.4199981689453,205.47000122070312,205.00999450683597,205.1000061035156,387097.0
2026-07-24 15:10:00,205.1100006103516,205.25,204.94000244140625,205.0,561048.0
2026-07-24 15:11:00,205.01499938964844,205.1699981689453,204.97000122070312,205.07000732421875,225068.0
2026-07-24 15:12:00,205.07000732421875,205.42999267578125,205.07000732421875,205.13999938964844,311433.0
2026-07-24 15:13:00,205.1499938964844,205.22000122070312,205.0399932861328,205.1699981689453,188806.0
2026-07-24 15:14:00,205.16000366210935,205.1699981689453,205.01950073242188,205.1000061035156,189138.0
2026-07-24 15:15:00,205.08999633789065,205.16000366210935,204.97999572753903,205.0500030517578,344057.0
2026-07-24 15:16:00,205.0500030517578,205.1699981689453,204.9199981689453,205.15499877929688,261678.0
2026-07-24 15:17:00,205.16000366210935,205.38980102539065,205.1199951171875,205.25999450683597,212074.0
2026-07-24 15:18:00,205.25010681152344,205.27999877929688,205.04299926757807,205.1150054931641,276773.0
2026-07-24 15:19:00,205.11129760742188,205.1999969482422,205.00999450683597,205.1100006103516,321875.0
2026-07-24 15:20:00,205.1000061035156,205.1699981689453,204.80999755859372,205.08999633789065,422387.0
2026-07-24 15:21:00,205.0800018310547,205.4093017578125,205.0,205.2749938964844,339463.0
2026-07-24 15:22:00,205.25,205.5,205.22000122070312,205.46499633789065,260004.0
2026-07-24 15:23:00,205.46499633789065,205.4900054931641,205.3401031494141,205.3999938964844,218022.0
2026-07-24 15:24:00,205.39599609375,205.41000366210935,205.1000061035156,205.1699981689453,196860.0
2026-07-24 15:25:00,205.1649932861328,205.22000122070312,205.00999450683597,205.08999633789065,829192.0
2026-07-24 15:26:00,205.110107421875,205.2700042724609,205.0601043701172,205.19000244140625,163904.0
2026-07-24 15:27:00,205.19000244140625,205.5,205.19000244140625,205.3800048828125,199511.0
2026-07-24 15:28:00,205.3500061035156,205.5850067138672,205.32009887695312,205.58360290527344,196847.0
2026-07-24 15:29:00,205.58999633789065,205.83799743652344,205.4499969482422,205.60659790039065,325730.0
2026-07-24 15:30:00,205.6000061035156,205.78500366210935,205.56500244140625,205.6501007080078,249054.0
2026-07-24 15:31:00,205.66000366210935,205.92999267578125,205.6000061035156,205.77999877929688,333881.0
2026-07-24 15:32:00,205.7749938964844,205.97000122070312,205.72000122070312,205.91000366210935,245265.0
2026-07-24 15:33:00,205.91000366210935,206.00999450683597,205.8500061035156,205.9996032714844,240033.0
2026-07-24 15:34:00,205.97999572753903,206.1199951171875,205.8000030517578,205.8000946044922,296773.0
2026-07-24 15:35:00,205.802001953125,205.9900054931641,205.6699981689453,205.88999938964844,351908.0
2026-07-24 15:36:00,205.8300018310547,205.9750061035156,205.7700042724609,205.77999877929688,281070.0
2026-07-24 15:37:00,205.77999877929688,206.1199951171875,205.75999450683597,205.94000244140625,232842.0
2026-07-24 15:38:00,205.9499053955078,205.9900054931641,205.8000030517578,205.9600982666016,181732.0
2026-07-24 15:39:00,205.97999572753903,206.02999877929688,205.65359497070312,205.75,227021.0
2026-07-24 15:40:00,205.7350006103516,205.8699951171875,205.6499938964844,205.80999755859372,209107.0
2026-07-24 15:41:00,205.80999755859372,205.80999755859372,205.5500030517578,205.6750030517578,233342.0
2026-07-24 15:42:00,205.6699981689453,205.72999572753903,205.5399932861328,205.6499938964844,245634.0
2026-07-24 15:43:00,205.6699981689453,205.7100067138672,205.3699951171875,205.6199951171875,781954.0
2026-07-24 15:44:00,205.6100006103516,205.8300018310547,205.57000732421875,205.77999877929688,278700.0
2026-07-24 15:45:00,205.7749938964844,205.8350067138672,205.44000244140625,205.47000122070312,286499.0
2026-07-24 15:46:00,205.47000122070312,205.5500030517578,205.3600006103516,205.5200042724609,308567.0
2026-07-24 15:47:00,205.50010681152344,205.67999267578125,205.4600067138672,205.5500030517578,521851.0
2026-07-24 15:48:00,205.5399932861328,205.65289306640625,205.3699951171875,205.5,328931.0
2026-07-24 15:49:00,205.47999572753903,205.8999938964844,205.3708038330078,205.8699951171875,334551.0
2026-07-24 15:50:00,205.88999938964844,206.05999755859372,205.5200958251953,205.6100006103516,458203.0
2026-07-24 15:51:00,205.6100006103516,205.6499938964844,205.3999938964844,205.5500030517578,355285.0
2026-07-24 15:52:00,205.57000732421875,205.6199951171875,205.47000122070312,205.6000061035156,322083.0
2026-07-24 15:53:00,205.5500030517578,205.6300048828125,205.2899932861328,205.55999755859372,340688.0
2026-07-24 15:54:00,205.55999755859372,206.1000061035156,205.5200042724609,205.97610473632807,502538.0
2026-07-24 15:55:00,205.9900054931641,206.1699981689453,205.91000366210935,206.05039978027344,633874.0
2026-07-24 15:56:00,206.0500030517578,206.3300018310547,206.0399932861328,206.25999450683597,517856.0
2026-07-24 15:57:00,206.2550048828125,206.8999938964844,206.25,206.8000030517578,720628.0
2026-07-24 15:58:00,206.8000030517578,206.8500061035156,206.6499938964844,206.6649932861328,834547.0
2026-07-24 15:59:00,206.6699981689453,207.17999267578125,206.58999633789065,206.9600067138672,2393979.0
2026-07-27 09:30:00,208.1100006103516,208.75,206.8999938964844,207.0944061279297,3635114.0
2026-07-27 09:31:00,207.1199951171875,207.22999572753903,206.3300018310547,206.6999969482422,527693.0
2026-07-27 09:32:00,206.69500732421875,206.9499969482422,205.44000244140625,205.8300018310547,784461.0
2026-07-27 09:33:00,205.8350067138672,205.9199981689453,205.2400054931641,205.35150146484372,589018.0
2026-07-27 09:34:00,205.38999938964844,205.7700042724609,204.9499969482422,205.72999572753903,736295.0
2026-07-27 09:35:00,205.72000122070312,206.3300018310547,205.7100067138672,206.1403045654297,584073.0
2026-07-27 09:36:00,206.1199951171875,206.2449951171875,205.55499267578125,205.91000366210935,500667.0
2026-07-27 09:37:00,205.88999938964844,206.6199951171875,205.8800048828125,206.27999877929688,381117.0
2026-07-27 09:38:00,206.22999572753903,206.3600006103516,204.9199981689453,204.94509887695312,543299.0
2026-07-27 09:39:00,204.9499969482422,205.0200042724609,204.6000061035156,204.7100067138672,553828.0
2026-07-27 09:40:00,204.77999877929688,204.87989807128903,203.8600006103516,204.22000122070312,818963.0
2026-07-27 09:41:00,204.2449951171875,204.33999633789065,203.4499969482422,203.5050048828125,736193.0
2026-07-27 09:42:00,203.44000244140625,203.5200042724609,202.80999755859372,202.8300018310547,789652.0
2026-07-27 09:43:00,202.85989379882807,202.8650054931641,202.1300048828125,202.27999877929688,752937.0
2026-07-27 09:44:00,202.2700042724609,202.5,202.0493927001953,202.2749938964844,596479.0
2026-07-27 09:45:00,202.2749938964844,202.2749938964844,201.7899932861328,201.9550018310547,892963.0
2026-07-27 09:46:00,201.9550018310547,202.1000061035156,201.6999969482422,201.8701019287109,842768.0
2026-07-27 09:47:00,201.89990234375,202.01080322265625,201.28500366210935,201.32000732421875,793068.0
2026-07-27 09:48:00,201.33050537109372,202.25999450683597,201.1999969482422,202.2100067138672,639313.0
2026-07-27 09:49:00,202.2100067138672,202.83999633789065,202.110107421875,202.7749938964844,724160.0
2026-07-27 09:50:00,202.75999450683597,203.0399932861328,202.6999969482422,202.8950042724609,661294.0
2026-07-27 09:51:00,202.88999938964844,202.97000122070312,202.6199951171875,202.88999938964844,436129.0
2026-07-27 09:52:00,202.8800048828125,202.9900054931641,202.41000366210935,202.83999633789065,590377.0
2026-07-27 09:53:00,202.85989379882807,202.85989379882807,202.27999877929688,202.50999450683597,438487.0
2026-07-27 09:54:00,202.5200042724609,202.67999267578125,202.16000366210935,202.4199981689453,423623.0
2026-07-27 09:55:00,202.3800048828125,202.50999450683597,202.2400054931641,202.30099487304688,421174.0
2026-07-27 09:56:00,202.30999755859372,202.40550231933597,202.0800018310547,202.3500061035156,397291.0
2026-07-27 09:57:00,202.3600006103516,202.7700042724609,202.27999877929688,202.32000732421875,377500.0
2026-07-27 09:58:00,202.3251037597656,202.46690368652344,201.9499969482422,201.97999572753903,471247.0
2026-07-27 09:59:00,201.96499633789065,201.9799041748047,201.57000732421875,201.76499938964844,450709.0
2026-07-27 10:00:00,201.80999755859372,202.0,201.58999633789065,201.9900054931641,348117.0
2026-07-27 10:01:00,202.02999877929688,202.0800018310547,201.5500030517578,201.6000061035156,394789.0
2026-07-27 10:02:00,201.60499572753903,201.91000366210935,201.57000732421875,201.77999877929688,301312.0
2026-07-27 10:03:00,201.7899932861328,201.91000366210935,201.3600006103516,201.55999755859372,462879.0
2026-07-27 10:04:00,201.58999633789065,201.94000244140625,201.3300018310547,201.94000244140625,354492.0
2026-07-27 10:05:00,201.9499969482422,202.1100006103516,201.79510498046875,202.05990600585935,370945.0
2026-07-27 10:06:00,202.05999755859372,202.3587951660156,201.8000030517578,202.25,378909.0
2026-07-27 10:07:00,202.25999450683597,202.8999938964844,202.25369262695312,202.7899932861328,430763.0
2026-07-27 10:08:00,202.77859497070312,202.9290008544922,202.4900054931641,202.7613067626953,374269.0
2026-07-27 10:09:00,202.7700042724609,202.83999633789065,202.47000122070312,202.470703125,265198.0
2026-07-27 10:10:00,202.47999572753903,202.5,201.8600006103516,201.8999938964844,336956.0
2026-07-27 10:11:00,201.89010620117188,201.90499877929688,201.47999572753903,201.5,467896.0
2026-07-27 10:12:00,201.5,201.6300048828125,201.1100006103516,201.47950744628903,491494.0
2026-07-27 10:13:00,201.48019409179688,201.6529998779297,200.8500061035156,201.01010131835935,808477.0
2026-07-27 10:14:00,201.00999450683597,201.3300018310547,200.9900054931641,201.135498046875,348069.0
2026-07-27 10:15:00,201.1499938964844,201.58999633789065,201.0200042724609,201.18499755859372,372212.0
2026-07-27 10:16:00,201.19000244140625,201.24249267578125,200.80999755859372,200.88499450683597,525010.0
2026-07-27 10:17:00,200.88499450683597,201.0399932861328,200.75,200.8800048828125,591597.0
2026-07-27 10:18:00,200.88999938964844,201.07000732421875,200.77999877929688,200.97999572753903,546427.0
2026-07-27 10:19:00,200.97999572753903,201.3466033935547,200.97999572753903,201.0249938964844,378155.0
2026-07-27 10:20:00,201.0,201.02999877929688,200.47000122070312,200.47000122070312,494998.0
2026-07-27 10:21:00,200.47999572753903,200.5500030517578,200.0901031494141,200.4600067138672,561930.0
2026-07-27 10:22:00,200.4499969482422,200.4499969482422,200.05999755859372,200.22000122070312,445562.0
2026-07-27 10:23:00,200.22000122070312,200.5099029541016,199.8800048828125,199.9850006103516,839398.0
2026-07-27 10:24:00,200.0,200.13999938964844,199.8300018310547,200.08990478515625,425083.0
2026-07-27 10:25:00,200.08999633789065,200.1499938964844,199.8999938964844,200.09500122070312,322196.0
2026-07-27 10:26:00,200.09500122070312,200.1100006103516,199.8000030517578,199.8500061035156,460424.0
2026-07-27 10:27:00,199.8600006103516,199.88510131835935,199.46299743652344,199.6199951171875,511272.0
2026-07-27 10:28:00,199.63409423828125,199.7100067138672,199.1999969482422,199.3000030517578,520808.0
2026-07-27 10:29:00,199.2700042724609,199.32000732421875,198.8800048828125,198.94500732421875,573106.0
2026-07-27 10:30:00,198.9499969482422,199.1199951171875,198.72000122070312,198.8600006103516,532720.0
2026-07-27 10:31:00,198.85499572753903,199.0399932861328,198.67999267578125,198.7350006103516,547036.0
2026-07-27 10:32:00,198.75,198.8800048828125,198.52999877929688,198.6999969482422,517775.0
2026-07-27 10:33:00,198.7299041748047,198.8999938964844,198.57000732421875,198.6100006103516,563226.0
2026-07-27 10:34:00,198.6100006103516,198.9600067138672,198.4499969482422,198.7799072265625,561251.0
2026-07-27 10:35:00,198.76499938964844,198.9900054931641,198.5500030517578,198.9900054931641,436930.0
2026-07-27 10:36:00,198.989501953125,199.0,198.41050720214844,198.47999572753903,482477.0
2026-07-27 10:37:00,198.4750061035156,198.8600006103516,198.32000732421875,198.85499572753903,697266.0
2026-07-27 10:38:00,198.8600006103516,199.639892578125,198.8500061035156,199.4600067138672,688538.0
2026-07-27 10:39:00,199.4499969482422,199.60499572753903,198.97999572753903,199.1300048828125,443368.0
2026-07-27 10:40:00,199.13999938964844,199.30999755859372,198.69500732421875,198.8500061035156,372345.0
2026-07-27 10:41:00,198.8500061035156,199.0,198.1300048828125,198.49989318847656,707143.0
2026-07-27 10:42:00,198.5,198.55999755859372,198.19000244140625,198.25999450683597,453546.0
2026-07-27 10:43:00,198.2899932861328,198.3300018310547,197.77999877929688,198.0348052978516,1014751.0
2026-07-27 10:44:00,198.0592041015625,198.08999633789065,197.4199981689453,197.6699981689453,876142.0
2026-07-27 10:45:00,197.69000244140625,198.3500061035156,197.68280029296875,198.25,666057.0
2026-07-27 10:46:00,198.2400054931641,198.75979614257807,198.19000244140625,198.6100006103516,770246.0
2026-07-27 10:47:00,198.60499572753903,198.97999572753903,198.58999633789065,198.7550048828125,558650.0
2026-07-27 10:48:00,198.7700042724609,198.94000244140625,198.5500030517578,198.6699981689453,619002.0
2026-07-27 10:49:00,198.67999267578125,199.0,198.63999938964844,198.92999267578125,502139.0
2026-07-27 10:50:00,198.9250030517578,199.50999450683597,198.9199981689453,199.3800048828125,535921.0
2026-07-27 10:51:00,199.3999938964844,199.5200042724609,198.9600067138672,198.9900054931641,410738.0
2026-07-27 10:52:00,199.0,199.3480987548828,198.75999450683597,199.27999877929688,505169.0
2026-07-27 10:53:00,199.2799072265625,199.3800048828125,199.0,199.2350006103516,363194.0
2026-07-27 10:54:00,199.22999572753903,199.57989501953125,199.1300048828125,199.28599548339844,426831.0
2026-07-27 10:55:00,199.2698974609375,199.4850006103516,199.00999450683597,199.4850006103516,260058.0
2026-07-27 10:56:00,199.47999572753903,199.72000122070312,199.3999938964844,199.6499938964844,323286.0
2026-07-27 10:57:00,199.6649932861328,200.0,199.6649932861328,199.78500366210935,464628.0
2026-07-27 10:58:00,199.75010681152344,199.77999877929688,199.5500030517578,199.625,300673.0
2026-07-27 10:59:00,199.63999938964844,199.8600006103516,199.59500122070312,199.7749938964844,299934.0
2026-07-27 11:00:00,199.8000030517578,199.8999938964844,199.6300048828125,199.75880432128903,287178.0
2026-07-27 11:01:00,199.76499938964844,199.76499938964844,199.38999938964844,199.41000366210935,355551.0
2026-07-27 11:02:00,199.38650512695312,199.52999877929688,198.97000122070312,199.07000732421875,360300.0
2026-07-27 11:03:00,199.05999755859372,199.2899932861328,198.69000244140625,198.69500732421875,404622.0
2026-07-27 11:04:00,198.6869964599609,198.75,198.4510040283203,198.58999633789065,417716.0
2026-07-27 11:05:00,198.58999633789065,198.8999938964844,198.5449981689453,198.83160400390625,265043.0
2026-07-27 11:06:00,198.82000732421875,198.8999938964844,198.30999755859372,198.3249969482422,502682.0
2026-07-27 11:07:00,198.3300018310547,198.6000061035156,198.1999969482422,198.47000122070312,364582.0
2026-07-27 11:08:00,198.47999572753903,198.6000061035156,198.3699951171875,198.41140747070312,294118.0
2026-07-27 11:09:00,198.41000366210935,198.4199981689453,198.05999755859372,198.13999938964844,373783.0
2026-07-27 11:10:00,198.13900756835935,198.5,197.8999938964844,198.30999755859372,482315.0
2026-07-27 11:11:00,198.3000030517578,198.4199066162109,197.9499969482422,198.02999877929688,328500.0
2026-07-27 11:12:00,198.0249938964844,198.2599029541016,197.9900054931641,198.08999633789065,278015.0
2026-07-27 11:13:00,198.05999755859372,198.07980346679688,197.7100067138672,197.9501953125,341866.0
2026-07-27 11:14:00,197.97999572753903,198.17999267578125,197.88999938964844,197.91000366210935,261100.0
2026-07-27 11:15:00,197.91000366210935,197.985107421875,197.13999938964844,197.18499755859372,560269.0
2026-07-27 11:16:00,197.15499877929688,197.22000122070312,196.8800048828125,197.06500244140625,536504.0
2026-07-27 11:17:00,197.05499267578125,197.1100006103516,196.88999938964844,197.0198974609375,525089.0
2026-07-27 11:18:00,197.0200042724609,197.25999450683597,196.7899932861328,197.17999267578125,495882.0
2026-07-27 11:19:00,197.2100067138672,197.58999633789065,197.1699981689453,197.5684051513672,416222.0
2026-07-27 11:20:00,197.5762939453125,198.1150054931641,197.57000732421875,198.1150054931641,395662.0
2026-07-27 11:21:00,198.1199951171875,198.3800048828125,197.75999450683597,197.7700042724609,415970.0
2026-07-27 11:22:00,197.7700042724609,198.0200042724609,197.66000366210935,197.9062957763672,329513.0
2026-07-27 11:23:00,197.9199981689453,197.9199981689453,197.25,197.41000366210935,366375.0
2026-07-27 11:24:00,197.41000366210935,197.5200042724609,197.02999877929688,197.3350067138672,324468.0
2026-07-27 11:25:00,197.31500244140625,197.4199981689453,197.1100006103516,197.25999450683597,243552.0
2026-07-27 11:26:00,197.2400054931641,197.33999633789065,197.1000061035156,197.26499938964844,237644.0
2026-07-27 11:27:00,197.22999572753903,197.22999572753903,196.88999938964844,196.89610290527344,343820.0
2026-07-27 11:28:00,196.8979949951172,197.0800018310547,196.7700042724609,197.0050048828125,393623.0
2026-07-27 11:29:00,197.0,197.2415008544922,196.91000366210935,197.06500244140625,419124.0
2026-07-27 11:30:00,197.0749969482422,197.0749969482422,196.8000030517578,196.8800048828125,410178.0
2026-07-27 11:31:00,196.88180541992188,197.0399932861328,196.5200042724609,196.52999877929688,434322.0
2026-07-27 11:32:00,196.5249938964844,196.66439819335935,196.25,196.27999877929688,520341.0
2026-07-27 11:33:00,196.28500366210935,196.38499450683597,196.1999969482422,196.31500244140625,339716.0
2026-07-27 11:34:00,196.30999755859372,196.4499969482422,196.1699981689453,196.38999938964844,331129.0
2026-07-27 11:35:00,196.40899658203125,196.52999877929688,196.23069763183597,196.5,433972.0
2026-07-27 11:36:00,196.49989318847656,196.6999969482422,196.1999969482422,196.1999969482422,546955.0
2026-07-27 11:37:00,196.2100067138672,196.30999755859372,195.94000244140625,196.03500366210935,745901.0
2026-07-27 11:38:00,196.0399932861328,196.3800048828125,195.9199981689453,196.3300018310547,332306.0
2026-07-27 11:39:00,196.33999633789065,196.5399932861328,196.33999633789065,196.4499969482422,442056.0
2026-07-27 11:40:00,196.4499969482422,196.52999877929688,196.0800018310547,196.2250061035156,354125.0
2026-07-27 11:41:00,196.22000122070312,196.3999938964844,196.1100006103516,196.2899932861328,241520.0
2026-07-27 11:42:00,196.2949981689453,196.6060943603516,196.2400054931641,196.55999755859372,297987.0
2026-07-27 11:43:00,196.5410003662109,196.7700042724609,196.47000122070312,196.65499877929688,348134.0
2026-07-27 11:44:00,196.6336975097656,196.94000244140625,196.6000061035156,196.8300018310547,274539.0
2026-07-27 11:45:00,196.8300018310547,197.02999877929688,196.8000030517578,196.83009338378903,297057.0
2026-07-27 11:46:00,196.84500122070312,197.07989501953125,196.77999877929688,196.9250030517578,230266.0
2026-07-27 11:47:00,196.92999267578125,197.0,196.6100006103516,196.69000244140625,288394.0
2026-07-27 11:48:00,196.7001037597656,196.9199981689453,196.6199951171875,196.63999938964844,195803.0
2026-07-27 11:49:00,196.6199951171875,196.6699981689453,196.44000244140625,196.57000732421875,245548.0
2026-07-27 11:50:00,196.6100006103516,196.63999938964844,196.4199981689453,196.6103057861328,216222.0
2026-07-27 11:51:00,196.6201019287109,196.83999633789065,196.57000732421875,196.7400054931641,242053.0
2026-07-27 11:52:00,196.72000122070312,196.8699951171875,196.6300048828125,196.67999267578125,276164.0
2026-07-27 11:53:00,196.68499755859372,196.74989318847656,196.47000122070312,196.6699981689453,325378.0
2026-07-27 11:54:00,196.66000366210935,196.8300018310547,196.5608062744141,196.59469604492188,177641.0
2026-07-27 11:55:00,196.60499572753903,196.8999938964844,196.5601959228516,196.8500061035156,221671.0
2026-07-27 11:56:00,196.85989379882807,197.00999450683597,196.78500366210935,196.94500732421875,211689.0
2026-07-27 11:57:00,196.97000122070312,197.43499755859372,196.8699951171875,197.33999633789065,380406.0
2026-07-27 11:58:00,197.3300018310547,197.5,197.2700042724609,197.4900054931641,314697.0
2026-07-27 11:59:00,197.4900054931641,197.6300048828125,197.4844970703125,197.6000061035156,402307.0
2026-07-27 12:00:00,197.6000061035156,197.8000030517578,197.47000122070312,197.6000061035156,486647.0
2026-07-27 12:01:00,197.6150054931641,197.7899932861328,197.6100006103516,197.7700042724609,272100.0
2026-07-27 12:02:00,197.77999877929688,197.8000030517578,197.6100006103516,197.6999969482422,279365.0
2026-07-27 12:03:00,197.6800994873047,197.9900054931641,197.6800994873047,197.9250030517578,242368.0
2026-07-27 12:04:00,197.92999267578125,198.25999450683597,197.92999267578125,198.0800018310547,362369.0
2026-07-27 12:05:00,198.0601043701172,198.2299041748047,198.00999450683597,198.0850067138672,258414.0
2026-07-27 12:06:00,198.08999633789065,198.1199951171875,197.67999267578125,197.91000366210935,273288.0
2026-07-27 12:07:00,197.91000366210935,198.0800018310547,197.8650054931641,198.0249938964844,239532.0
2026-07-27 12:08:00,198.0200042724609,198.17999267578125,197.96499633789065,198.1300048828125,217096.0
2026-07-27 12:09:00,198.09500122070312,198.28990173339844,198.0050048828125,198.1699981689453,214192.0
2026-07-27 12:10:00,198.17999267578125,198.5399932861328,198.1699981689453,198.44749450683597,290546.0
2026-07-27 12:11:00,198.4300994873047,198.52999877929688,198.1699981689453,198.28500366210935,227864.0
2026-07-27 12:12:00,198.27999877929688,198.42999267578125,198.16000366210935,198.19000244140625,191947.0
2026-07-27 12:13:00,198.2100067138672,198.22999572753903,197.75,197.7899932861328,256374.0
2026-07-27 12:14:00,197.7749938964844,197.82000732421875,197.56919860839844,197.69000244140625,237346.0
2026-07-27 12:15:00,197.69000244140625,197.7333984375,197.5500946044922,197.66000366210935,345814.0
2026-07-27 12:16:00,197.64390563964844,197.65499877929688,197.1999969482422,197.2100067138672,272568.0
2026-07-27 12:17:00,197.21499633789065,197.3527984619141,197.07000732421875,197.1199951171875,240906.0
2026-07-27 12:18:00,197.110107421875,197.16000366210935,196.91000366210935,197.05999755859372,319854.0
2026-07-27 12:19:00,197.05999755859372,197.10989379882807,196.77099609375,196.97000122070312,322034.0
2026-07-27 12:20:00,197.0,197.0800018310547,196.8500061035156,197.0399932861328,206539.0
2026-07-27 12:21:00,197.0399932861328,197.3699951171875,197.03500366210935,197.2400054931641,281798.0
2026-07-27 12:22:00,197.24989318847656,197.30990600585935,197.0800018310547,197.1000061035156,195418.0
2026-07-27 12:23:00,197.1100006103516,197.25,196.9900054931641,197.2250061035156,196635.0
2026-07-27 12:24:00,197.25999450683597,197.57000732421875,197.2400054931641,197.42999267578125,271399.0
2026-07-27 12:25:00,197.42999267578125,198.25,197.4040069580078,198.2386016845703,612284.0
2026-07-27 12:26:00,198.2250061035156,198.3318023681641,197.92010498046875,197.97999572753903,199012.0
2026-07-27 12:27:00,197.9600067138672,198.231201171875,197.9499969482422,198.09500122070312,255594.0
2026-07-27 12:28:00,198.1000061035156,198.30999755859372,197.94000244140625,197.9900054931641,215362.0
2026-07-27 12:29:00,197.9801025390625,197.9801025390625,197.66000366210935,197.77999877929688,241601.0
2026-07-27 12:30:00,197.77999877929688,198.00999450683597,197.7400054931641,197.88999938964844,150097.0
2026-07-27 12:31:00,197.88999938964844,198.1499938964844,197.8600006103516,197.875,198390.0
2026-07-27 12:32:00,197.8500061035156,197.8500061035156,197.43499755859372,197.50999450683597,233304.0
2026-07-27 12:33:00,197.5249938964844,197.5467987060547,197.1100006103516,197.2100067138672,197882.0
2026-07-27 12:34:00,197.22000122070312,197.2494964599609,197.1100006103516,197.1699981689453,214473.0
2026-07-27 12:35:00,197.1699981689453,197.1999969482422,196.9300994873047,196.94000244140625,223991.0
2026-07-27 12:36:00,196.94009399414065,197.1499938964844,196.72999572753903,197.1499938964844,258418.0
2026-07-27 12:37:00,197.16000366210935,197.40939331054688,197.11099243164065,197.11099243164065,224830.0
2026-07-27 12:38:00,197.08999633789065,197.6499938964844,197.03500366210935,197.5500030517578,214658.0
2026-07-27 12:39:00,197.5500030517578,197.6000061035156,197.3999938964844,197.4600067138672,191320.0
2026-07-27 12:40:00,197.4550018310547,197.5498962402344,197.38499450683597,197.5399932861328,153508.0
2026-07-27 12:41:00,197.55999755859372,197.55999755859372,197.28599548339844,197.32000732421875,180013.0
2026-07-27 12:42:00,197.3300018310547,197.42999267578125,197.22999572753903,197.3249969482422,108880.0
2026-07-27 12:43:00,197.3249969482422,197.38999938964844,197.25,197.32000732421875,108889.0
2026-07-27 12:44:00,197.3300018310547,197.33999633789065,197.0800018310547,197.30999755859372,160362.0
2026-07-27 12:45:00,197.32000732421875,197.3800048828125,197.2400054931641,197.3300018310547,119254.0
2026-07-27 12:46:00,197.32000732421875,197.53500366210935,197.30499267578125,197.47999572753903,879402.0
2026-07-27 12:47:00,197.4900054931641,197.8251037597656,197.4900054931641,197.6100006103516,198808.0
2026-07-27 12:48:00,197.625,197.69000244140625,197.5200042724609,197.59500122070312,180536.0
2026-07-27 12:49:00,197.58360290527344,197.58360290527344,197.3699951171875,197.41000366210935,142553.0
2026-07-27 12:50:00,197.41000366210935,197.4199981689453,197.16000366210935,197.1699981689453,162941.0
2026-07-27 12:51:00,197.1699981689453,197.1699981689453,196.9501037597656,197.02999877929688,224020.0
2026-07-27 12:52:00,197.02999877929688,197.05999755859372,196.91000366210935,196.94000244140625,154818.0
2026-07-27 12:53:00,196.93499755859372,196.93499755859372,196.7700042724609,196.7899932861328,198284.0
2026-07-27 12:54:00,196.7899932861328,196.8800048828125,196.6000061035156,196.72000122070312,310998.0
2026-07-27 12:55:00,196.72999572753903,196.72999572753903,196.31500244140625,196.4250030517578,337437.0
2026-07-27 12:56:00,196.4199981689453,196.6000061035156,196.41000366210935,196.4499969482422,185983.0
2026-07-27 12:57:00,196.4499969482422,196.52999877929688,196.3300018310547,196.3509979248047,169724.0
2026-07-27 12:58:00,196.3699951171875,196.47000122070312,196.32000732421875,196.34500122070312,150387.0
2026-07-27 12:59:00,196.34500122070312,196.38999938964844,196.1804962158203,196.3251037597656,192095.0
2026-07-27 13:00:00,196.3300018310547,196.3999938964844,196.16000366210935,196.34500122070312,178620.0
2026-07-27 13:01:00,196.33999633789065,196.3699951171875,196.1199951171875,196.1649932861328,157329.0
2026-07-27 13:02:00,196.1699066162109,196.2400054931641,195.8999938964844,195.98989868164065,443253.0
2026-07-27 13:03:00,195.97000122070312,196.07980346679688,195.91000366210935,196.0498962402344,197464.0
2026-07-27 13:04:00,196.0399932861328,196.10989379882807,195.77999877929688,195.8101043701172,320176.0
2026-07-27 13:05:00,195.80999755859372,195.93960571289065,195.6199951171875,195.80999755859372,284175.0
2026-07-27 13:06:00,195.80999755859372,195.84500122070312,195.58009338378903,195.7550048828125,244852.0
2026-07-27 13:07:00,195.75999450683597,195.9499969482422,195.75999450683597,195.93499755859372,281134.0
2026-07-27 13:08:00,195.93499755859372,196.0099029541016,195.7700042724609,195.80999755859372,284316.0
2026-07-27 13:09:00,195.82989501953125,195.8800048828125,195.7400054931641,195.7899932861328,146377.0
2026-07-27 13:10:00,195.7449951171875,195.8500061035156,195.6499938964844,195.7899932861328,208210.0
2026-07-27 13:11:00,195.7899932861328,195.7993011474609,195.66259765625,195.6903076171875,159083.0
2026-07-27 13:12:00,195.7100067138672,196.02999877929688,195.63999938964844,195.9199981689453,199315.0
2026-07-27 13:13:00,195.92999267578125,196.00999450683597,195.8000030517578,195.8800048828125,224022.0
2026-07-27 13:14:00,195.9250030517578,196.07000732421875,195.89990234375,195.9949951171875,174501.0
2026-07-27 13:15:00,195.9949951171875,196.0198974609375,195.83999633789065,195.95989990234372,139504.0
2026-07-27 13:16:00,195.9550018310547,196.00999450683597,195.75999450683597,195.80999755859372,160779.0
2026-07-27 13:17:00,195.8000030517578,195.82000732421875,195.5,195.6100006103516,331079.0
2026-07-27 13:18:00,195.6100006103516,195.6100006103516,195.4600067138672,195.5,214095.0
2026-07-27 13:19:00,195.5,195.6199951171875,195.4499969482422,195.55999755859372,222520.0
2026-07-27 13:20:00,195.5500030517578,195.81930541992188,195.46499633789065,195.7749938964844,224485.0
2026-07-27 13:21:00,195.77980041503903,195.80999755859372,195.57000732421875,195.5800018310547,162347.0
2026-07-27 13:22:00,195.57009887695312,195.6699981689453,195.4499969482422,195.57000732421875,223342.0
2026-07-27 13:23:00,195.57000732421875,195.6999969482422,195.53500366210935,195.6100006103516,155329.0
2026-07-27 13:24:00,195.60020446777344,195.6300048828125,195.50999450683597,195.5399932861328,344690.0
2026-07-27 13:25:00,195.55499267578125,195.6000061035156,195.4600067138672,195.47999572753903,199586.0
2026-07-27 13:26:00,195.47999572753903,195.7100067138672,195.44000244140625,195.6999969482422,213395.0
2026-07-27 13:27:00,195.6999969482422,195.77999877929688,195.65879821777344,195.66000366210935,165366.0
2026-07-27 13:28:00,195.68499755859372,195.72999572753903,195.56500244140625,195.6300048828125,122456.0
2026-07-27 13:29:00,195.63999938964844,195.72999572753903,195.51010131835935,195.57000732421875,141677.0
2026-07-27 13:30:00,195.5800018310547,195.67999267578125,195.5,195.67999267578125,106820.0
2026-07-27 13:31:00,195.6499938964844,195.75,195.61990356445312,195.639892578125,140226.0
2026-07-27 13:32:00,195.6499938964844,195.91000366210935,195.55999755859372,195.91000366210935,202583.0
2026-07-27 13:33:00,195.91000366210935,196.0800018310547,195.88999938964844,196.0249938964844,163176.0
2026-07-27 13:34:00,196.0200042724609,196.1199951171875,195.97999572753903,196.0399932861328,164587.0
2026-07-27 13:35:00,196.03900146484372,196.13999938964844,196.0,196.0749969482422,173167.0
2026-07-27 13:36:00,196.07009887695312,196.16000366210935,195.9499969482422,195.9600067138672,155130.0
2026-07-27 13:37:00,195.9600067138672,196.0500030517578,195.8600006103516,195.8600006103516,127624.0
2026-07-27 13:38:00,195.8600006103516,196.1699981689453,195.8600006103516,196.1063995361328,153403.0
2026-07-27 13:39:00,196.1100006103516,196.1100006103516,195.9499969482422,195.9499969482422,188387.0
2026-07-27 13:40:00,195.9149932861328,195.97999572753903,195.84500122070312,195.8600006103516,162632.0
2026-07-27 13:41:00,195.8600006103516,196.0800018310547,195.75,196.00999450683597,195561.0
2026-07-27 13:42:00,196.0,196.1100006103516,195.83999633789065,195.9199066162109,180171.0
2026-07-27 13:43:00,195.90989685058597,195.97000122070312,195.82000732421875,195.9600067138672,97865.0
2026-07-27 13:44:00,195.94509887695312,195.97000122070312,195.8061981201172,195.8999938964844,115018.0
2026-07-27 13:45:00,195.91000366210935,195.92999267578125,195.75999450683597,195.80999755859372,123269.0
2026-07-27 13:46:00,195.82000732421875,196.2400054931641,195.8000946044922,196.19500732421875,707362.0
2026-07-27 13:47:00,196.19630432128903,196.38999938964844,196.13009643554688,196.19500732421875,244488.0
2026-07-27 13:48:00,196.17999267578125,196.33990478515625,196.13999938964844,196.1800994873047,157502.0
2026-07-27 13:49:00,196.18499755859372,196.22000122070312,196.1199951171875,196.13999938964844,111878.0
2026-07-27 13:50:00,196.1450042724609,196.3500061035156,196.1199951171875,196.3000030517578,142307.0
2026-07-27 13:51:00,196.30999755859372,196.3350067138672,196.1699981689453,196.28500366210935,112787.0
2026-07-27 13:52:00,196.3000030517578,196.4499969482422,196.25999450683597,196.44000244140625,132552.0
2026-07-27 13:53:00,196.44000244140625,196.4499969482422,196.22000122070312,196.3300018310547,207083.0
2026-07-27 13:54:00,196.3300018310547,196.5498962402344,196.30999755859372,196.5399932861328,184962.0
2026-07-27 13:55:00,196.5449981689453,196.6793975830078,196.47999572753903,196.57960510253903,216524.0
2026-07-27 13:56:00,196.55999755859372,196.69000244140625,196.52999877929688,196.6499938964844,182040.0
2026-07-27 13:57:00,196.6499938964844,196.68670654296875,196.4900054931641,196.52999877929688,143777.0
2026-07-27 13:58:00,196.5399932861328,196.67999267578125,196.53500366210935,196.63999938964844,198785.0
2026-07-27 13:59:00,196.63499450683597,196.8394012451172,196.625,196.7949981689453,226522.0
2026-07-27 14:00:00,196.8000030517578,196.9600067138672,196.8000030517578,196.80499267578125,207448.0
2026-07-27 14:01:00,196.80990600585935,197.0,196.7700042724609,196.8800048828125,197945.0
2026-07-27 14:02:00,196.875,197.0200042724609,196.75999450683597,196.9499969482422,218520.0
2026-07-27 14:03:00,196.94500732421875,197.02999877929688,196.8699951171875,197.02999877929688,173255.0
2026-07-27 14:04:00,197.0299072265625,197.0800018310547,196.8300018310547,196.8500061035156,175721.0
2026-07-27 14:05:00,196.85499572753903,196.8600006103516,196.6699981689453,196.6802978515625,232681.0
2026-07-27 14:06:00,196.69000244140625,196.72999572753903,196.3999938964844,196.41000366210935,259118.0
2026-07-27 14:07:00,196.41000366210935,196.5500030517578,196.4019927978516,196.4900054931641,154004.0
2026-07-27 14:08:00,196.4900054931641,196.50059509277344,196.3699951171875,196.4149932861328,137757.0
2026-07-27 14:09:00,196.4149932861328,196.5800018310547,196.41000366210935,196.51499938964844,162643.0
2026-07-27 14:10:00,196.50999450683597,196.57000732421875,196.44500732421875,196.5050048828125,144722.0
2026-07-27 14:11:00,196.5,196.5800018310547,196.38999938964844,196.41009521484372,143933.0
2026-07-27 14:12:00,196.41900634765625,196.5,196.3600006103516,196.4900054931641,189677.0
2026-07-27 14:13:00,196.4801025390625,196.5299072265625,196.3500061035156,196.50999450683597,127645.0
2026-07-27 14:14:00,196.5102996826172,196.63999938964844,196.47000122070312,196.61300659179688,115102.0
2026-07-27 14:15:00,196.60659790039065,196.6396942138672,196.25,196.30999755859372,163111.0
2026-07-27 14:16:00,196.2899932861328,196.3253936767578,196.1300048828125,196.1499938964844,214705.0
2026-07-27 14:17:00,196.1499938964844,196.3999938964844,196.0500030517578,196.38999938964844,181394.0
2026-07-27 14:18:00,196.3999938964844,196.47000122070312,196.3544006347656,196.45989990234372,166580.0
2026-07-27 14:19:00,196.44009399414065,196.5684967041016,196.4199981689453,196.4662933349609,165316.0
2026-07-27 14:20:00,196.4600067138672,196.50999450683597,196.30999755859372,196.37989807128903,124293.0
2026-07-27 14:21:00,196.3699951171875,196.3999938964844,196.27999877929688,196.34500122070312,124063.0
2026-07-27 14:22:00,196.33999633789065,196.3800048828125,196.25,196.25999450683597,100668.0
2026-07-27 14:23:00,196.25999450683597,196.4600067138672,196.22000122070312,196.30999755859372,143602.0
2026-07-27 14:24:00,196.31500244140625,196.57000732421875,196.27999877929688,196.5200042724609,122438.0
2026-07-27 14:25:00,196.51499938964844,196.6000061035156,196.4550018310547,196.4698944091797,113742.0
2026-07-27 14:26:00,196.4698944091797,196.66000366210935,196.4694976806641,196.6100006103516,124138.0
2026-07-27 14:27:00,196.6199951171875,196.6997985839844,196.6000061035156,196.6201019287109,143535.0
2026-07-27 14:28:00,196.625,196.7100067138672,196.6000061035156,196.6300048828125,110659.0
2026-07-27 14:29:00,196.6199951171875,196.74989318847656,196.57000732421875,196.7050018310547,109259.0
2026-07-27 14:30:00,196.69500732421875,196.70989990234372,196.33999633789065,196.45989990234372,192971.0
2026-07-27 14:31:00,196.4499969482422,196.50999450683597,196.25999450683597,196.2899932861328,298807.0
2026-07-27 14:32:00,196.2949981689453,196.43499755859372,196.2301025390625,196.32000732421875,156884.0
2026-07-27 14:33:00,196.31500244140625,196.3699951171875,196.2400054931641,196.30999755859372,125271.0
2026-07-27 14:34:00,196.30999755859372,196.3800048828125,196.25999450683597,196.27999877929688,99730.0
2026-07-27 14:35:00,196.26499938964844,196.2949981689453,196.1499938964844,196.2700042724609,131427.0
2026-07-27 14:36:00,196.2700042724609,196.30999755859372,196.17999267578125,196.22999572753903,141863.0
2026-07-27 14:37:00,196.2400054931641,196.2899932861328,196.125,196.22000122070312,108513.0
2026-07-27 14:38:00,196.2100067138672,196.29010009765625,196.1999969482422,196.1999969482422,115501.0
2026-07-27 14:39:00,196.1999969482422,196.2400054931641,196.1501007080078,196.218994140625,96411.0
2026-07-27 14:40:00,196.1999969482422,196.1999969482422,196.08999633789065,196.13999938964844,112338.0
2026-07-27 14:41:00,196.13999938964844,196.75,196.1300048828125,196.5399932861328,396430.0
2026-07-27 14:42:00,196.55999755859372,196.7100067138672,196.5500030517578,196.56500244140625,210757.0
2026-07-27 14:43:00,196.57000732421875,196.7100067138672,196.3999938964844,196.6999969482422,126103.0
2026-07-27 14:44:00,196.6999053955078,196.8000030517578,196.67999267578125,196.78509521484372,137705.0
2026-07-27 14:45:00,196.78500366210935,196.8800048828125,196.72999572753903,196.77999877929688,174626.0
2026-07-27 14:46:00,196.7749938964844,196.8477020263672,196.7088928222656,196.7088928222656,141475.0
2026-07-27 14:47:00,196.71499633789065,196.7899932861328,196.6100006103516,196.7899932861328,133956.0
2026-07-27 14:48:00,196.7899932861328,196.8999938964844,196.6699981689453,196.8715057373047,120065.0
2026-07-27 14:49:00,196.875,196.92999267578125,196.6300048828125,196.6699981689453,125663.0
2026-07-27 14:50:00,196.67990112304688,196.75,196.5500030517578,196.6100006103516,141038.0
2026-07-27 14:51:00,196.6199951171875,196.91000366210935,196.6199951171875,196.88499450683597,164782.0
2026-07-27 14:52:00,196.88999938964844,197.2899932861328,196.88040161132807,197.22000122070312,288746.0
2026-07-27 14:53:00,197.2100067138672,197.3000030517578,197.1717071533203,197.25999450683597,217682.0
2026-07-27 14:54:00,197.2700042724609,197.3300018310547,197.16000366210935,197.27999877929688,195590.0
2026-07-27 14:55:00,197.2899932861328,197.6300048828125,197.2899932861328,197.58009338378903,340387.0
2026-07-27 14:56:00,197.5800018310547,197.6499938964844,197.40020751953125,197.4199981689453,302188.0
2026-07-27 14:57:00,197.4199981689453,197.47000122070312,197.25,197.3000946044922,218291.0
2026-07-27 14:58:00,197.3000946044922,197.32000732421875,197.08999633789065,197.29010009765625,198717.0
2026-07-27 14:59:00,197.29969787597656,197.47999572753903,197.27999877929688,197.44949340820312,159865.0
2026-07-27 15:00:00,197.44000244140625,197.5099029541016,197.2700042724609,197.3000030517578,191721.0
2026-07-27 15:01:00,197.2700958251953,197.4199981689453,197.17999267578125,197.3999938964844,169723.0
2026-07-27 15:02:00,197.41000366210935,197.57000732421875,197.3999938964844,197.4750061035156,185352.0
2026-07-27 15:03:00,197.4799041748047,197.5749969482422,197.3950042724609,197.4949951171875,174794.0
2026-07-27 15:04:00,197.5,197.6100006103516,197.35009765625,197.3600006103516,188847.0
2026-07-27 15:05:00,197.3699951171875,197.4199981689453,197.19500732421875,197.26499938964844,206350.0
2026-07-27 15:06:00,197.26499938964844,197.6100006103516,197.1649932861328,197.59800720214844,268930.0
2026-07-27 15:07:00,197.59500122070312,197.75,197.5399932861328,197.6999969482422,301483.0
2026-07-27 15:08:00,197.7100067138672,197.72999572753903,197.49009704589844,197.6150054931641,340330.0
2026-07-27 15:09:00,197.6100006103516,197.75999450683597,197.6100006103516,197.6199951171875,210468.0
2026-07-27 15:10:00,197.6154022216797,197.8300018310547,197.5800018310547,197.8000030517578,1101461.0
2026-07-27 15:11:00,197.78990173339844,197.7998962402344,197.57000732421875,197.69500732421875,176925.0
2026-07-27 15:12:00,197.7100067138672,197.7949981689453,197.6289978027344,197.64010620117188,156387.0
2026-07-27 15:13:00,197.6499938964844,197.67999267578125,197.38009643554688,197.57000732421875,255006.0
2026-07-27 15:14:00,197.5500030517578,197.6699981689453,197.4149932861328,197.50999450683597,164850.0
2026-07-27 15:15:00,197.50999450683597,197.5800018310547,197.41000366210935,197.47999572753903,190339.0
2026-07-27 15:16:00,197.5,197.69500732421875,197.43499755859372,197.5500946044922,220901.0
2026-07-27 15:17:00,197.55499267578125,197.6300048828125,197.5200042724609,197.6201019287109,166951.0
2026-07-27 15:18:00,197.625,197.72000122070312,197.6000061035156,197.65499877929688,170475.0
2026-07-27 15:19:00,197.65499877929688,197.7100067138672,197.55999755859372,197.6699981689453,161071.0
2026-07-27 15:20:00,197.6999969482422,197.7899932861328,197.6499938964844,197.7301025390625,200864.0
2026-07-27 15:21:00,197.72999572753903,197.7700042724609,197.5500030517578,197.57000732421875,178658.0
2026-07-27 15:22:00,197.5749969482422,197.6898956298828,197.4900054931641,197.67999267578125,188864.0
2026-07-27 15:23:00,197.6898956298828,197.8800048828125,197.67999267578125,197.8300018310547,258839.0
2026-07-27 15:24:00,197.8350067138672,197.9499969482422,197.7899932861328,197.94000244140625,246991.0
2026-07-27 15:25:00,197.9600067138672,198.0200042724609,197.50999450683597,197.6100006103516,365474.0
2026-07-27 15:26:00,197.6000061035156,197.7550048828125,197.55999755859372,197.7350006103516,225938.0
2026-07-27 15:27:00,197.7350006103516,197.7899932861328,197.6499938964844,197.7819976806641,187141.0
2026-07-27 15:28:00,197.77999877929688,197.80999755859372,197.5500946044922,197.5601043701172,236232.0
2026-07-27 15:29:00,197.5749969482422,197.75999450683597,197.47000122070312,197.72999572753903,307130.0
2026-07-27 15:30:00,197.72999572753903,197.75999450683597,197.4850006103516,197.58999633789065,353551.0
2026-07-27 15:31:00,197.6000061035156,197.69000244140625,197.4671936035156,197.5,200556.0
2026-07-27 15:32:00,197.4900054931641,197.6300048828125,197.4499969482422,197.5800018310547,191899.0
2026-07-27 15:33:00,197.5749969482422,197.6300048828125,197.41000366210935,197.6300048828125,206063.0
2026-07-27 15:34:00,197.6100006103516,197.72000122070312,197.57000732421875,197.6300048828125,168446.0
2026-07-27 15:35:00,197.61900329589844,197.8300018310547,197.50999450683597,197.7100067138672,275228.0
2026-07-27 15:36:00,197.7100982666016,197.7899932861328,197.5605010986328,197.67990112304688,207747.0
2026-07-27 15:37:00,197.67999267578125,197.7100067138672,197.1699981689453,197.3650054931641,348201.0
2026-07-27 15:38:00,197.38999938964844,197.4199981689453,197.10499572753903,197.13009643554688,233181.0
2026-07-27 15:39:00,197.1300048828125,197.13999938964844,196.75,196.80999755859372,406307.0
2026-07-27 15:40:00,196.7899932861328,196.8800048828125,196.66009521484372,196.82989501953125,312961.0
2026-07-27 15:41:00,196.80999755859372,196.8999938964844,196.7100067138672,196.7899932861328,266777.0
2026-07-27 15:42:00,196.8000030517578,196.97799682617188,196.7899932861328,196.92999267578125,304762.0
2026-07-27 15:43:00,196.94000244140625,197.02999877929688,196.8303985595703,196.94000244140625,308687.0
2026-07-27 15:44:00,196.94000244140625,196.97000122070312,196.7899932861328,196.8000030517578,280281.0
2026-07-27 15:45:00,196.8000030517578,196.8999938964844,196.72999572753903,196.83999633789065,362471.0
2026-07-27 15:46:00,196.8600006103516,196.9900054931641,196.72000122070312,196.78990173339844,259137.0
2026-07-27 15:47:00,196.7949981689453,196.86990356445312,196.66000366210935,196.8500061035156,307827.0
2026-07-27 15:48:00,196.82009887695312,196.9499969482422,196.8000030517578,196.9199981689453,248432.0
2026-07-27 15:49:00,196.9250030517578,197.1000061035156,196.90499877929688,197.0200042724609,531817.0
2026-07-27 15:50:00,197.02999877929688,197.3999938964844,196.97000122070312,197.1000061035156,601078.0
2026-07-27 15:51:00,197.1000061035156,197.17990112304688,196.9501037597656,197.1199951171875,363944.0
2026-07-27 15:52:00,197.1199951171875,197.13999938964844,196.94000244140625,197.05999755859372,340930.0
2026-07-27 15:53:00,197.05499267578125,197.1649932861328,196.88999938964844,196.8999938964844,439146.0
2026-07-27 15:54:00,196.88999938964844,197.18499755859372,196.8600006103516,197.1000061035156,524316.0
2026-07-27 15:55:00,197.08999633789065,197.1100006103516,196.6499938964844,196.94000244140625,817750.0
2026-07-27 15:56:00,196.9499969482422,197.16000366210935,196.875,196.9600067138672,722288.0
2026-07-27 15:57:00,196.97000122070312,196.97999572753903,196.44000244140625,196.4550018310547,824725.0
2026-07-27 15:58:00,196.4750061035156,196.69000244140625,196.44000244140625,196.55999755859372,956377.0
2026-07-27 15:59:00,196.57000732421875,196.66000366210935,196.30999755859372,196.5200042724609,2346564.0
2026-07-28 09:30:00,194.9499969482422,195.41000366210935,194.0399932861328,194.18499755859372,7847629.0
2026-07-28 09:31:00,194.22999572753903,194.25,193.57000732421875,193.91000366210935,926181.0
2026-07-28 09:32:00,193.9250030517578,195.4550018310547,193.8600006103516,195.2975006103516,776366.0
2026-07-28 09:33:00,195.2949981689453,195.3000030517578,194.47000122070312,195.1029052734375,724810.0
2026-07-28 09:34:00,195.16000366210935,195.16000366210935,194.0399932861328,194.23910522460935,570277.0
2026-07-28 09:35:00,194.1999969482422,194.4199981689453,193.8800048828125,194.0249938964844,584538.0
2026-07-28 09:36:00,194.0249938964844,194.4250030517578,193.94000244140625,194.4250030517578,548334.0
2026-07-28 09:37:00,194.42999267578125,194.6898956298828,194.1300048828125,194.3600006103516,550450.0
2026-07-28 09:38:00,194.4149932861328,194.75999450683597,194.30999755859372,194.6000061035156,519597.0
2026-07-28 09:39:00,194.58999633789065,194.88999938964844,194.22999572753903,194.408203125,492315.0
2026-07-28 09:40:00,194.3699951171875,195.19000244140625,194.3699951171875,194.8000030517578,695356.0
2026-07-28 09:41:00,194.8300018310547,195.0399932861328,194.6499938964844,194.68499755859372,798343.0
2026-07-28 09:42:00,194.67999267578125,194.77999877929688,193.9199981689453,193.9600067138672,591951.0
2026-07-28 09:43:00,193.97000122070312,194.1499938964844,193.6999969482422,193.72999572753903,583472.0
2026-07-28 09:44:00,193.7301025390625,194.4600067138672,193.67909240722656,194.3000030517578,500476.0
2026-07-28 09:45:00,194.2700042724609,194.5,193.2899932861328,193.34500122070312,645295.0
2026-07-28 09:46:00,193.34500122070312,193.3699951171875,193.0449981689453,193.2749938964844,697606.0
2026-07-28 09:47:00,193.27999877929688,193.3000030517578,192.8000030517578,193.08999633789065,966632.0
2026-07-28 09:48:00,193.08999633789065,193.83999633789065,193.08999633789065,193.82000732421875,668663.0
2026-07-28 09:49:00,193.84500122070312,194.3300018310547,193.6999969482422,193.9600067138672,550591.0
2026-07-28 09:50:00,193.92999267578125,194.4199981689453,193.75,193.80999755859372,483313.0
2026-07-28 09:51:00,193.80999755859372,193.88999938964844,193.3999938964844,193.7050018310547,395712.0
2026-07-28 09:52:00,193.71890258789065,194.40499877929688,193.5944061279297,194.30999755859372,379274.0
2026-07-28 09:53:00,194.30999755859372,194.3300018310547,193.3999938964844,193.6499938964844,455522.0
2026-07-28 09:54:00,193.7010955810547,193.7899932861328,193.33999633789065,193.4149932861328,330794.0
2026-07-28 09:55:00,193.42999267578125,193.6100006103516,193.1800994873047,193.4900054931641,497867.0
2026-07-28 09:56:00,193.50010681152344,193.95989990234372,193.41000366210935,193.94000244140625,393936.0
2026-07-28 09:57:00,193.97000122070312,194.2400054931641,193.7100067138672,193.8300018310547,350499.0
2026-07-28 09:58:00,193.82000732421875,193.91000366210935,193.4949951171875,193.5399932861328,310068.0
2026-07-28 09:59:00,193.5399932861328,193.8500061035156,193.26010131835935,193.6300048828125,410837.0
2026-07-28 10:00:00,193.63999938964844,194.4792938232422,193.5200042724609,194.4600067138672,502177.0
2026-07-28 10:01:00,194.4550018310547,194.66000366210935,194.16000366210935,194.3350067138672,574671.0
2026-07-28 10:02:00,194.34249877929688,194.6696014404297,194.16000366210935,194.25,413881.0
2026-07-28 10:03:00,194.2400054931641,194.3300018310547,193.8800048828125,193.88999938964844,353453.0
2026-07-28 10:04:00,193.9084014892578,194.3800048828125,193.8300018310547,194.21820068359372,285926.0
2026-07-28 10:05:00,194.2001037597656,194.8800048828125,194.16070556640625,194.8000030517578,352716.0
2026-07-28 10:06:00,194.80999755859372,194.98829650878903,194.5908050537109,194.9550018310547,369864.0
2026-07-28 10:07:00,194.9550018310547,195.1699981689453,194.3699951171875,194.38499450683597,532801.0
2026-07-28 10:08:00,194.38499450683597,194.4499969482422,193.6699981689453,194.16000366210935,459760.0
2026-07-28 10:09:00,194.1929931640625,194.41000366210935,194.1199951171875,194.16009521484372,294913.0
2026-07-28 10:10:00,194.1499938964844,194.6999969482422,194.06500244140625,194.55999755859372,445469.0
2026-07-28 10:11:00,194.55999755859372,194.86749267578125,194.44000244140625,194.84429931640625,425325.0
2026-07-28 10:12:00,194.83999633789065,194.8999938964844,194.1199951171875,194.13999938964844,327138.0
2026-07-28 10:13:00,194.16000366210935,194.3500061035156,194.0399932861328,194.1000061035156,294166.0
2026-07-28 10:14:00,194.125,194.1699981689453,193.6100006103516,193.91000366210935,384820.0
2026-07-28 10:15:00,193.92999267578125,194.17999267578125,193.5500030517578,194.0,405304.0
2026-07-28 10:16:00,194.0,194.08999633789065,193.55999755859372,193.58999633789065,474323.0
2026-07-28 10:17:00,193.58999633789065,194.0200042724609,193.4199981689453,193.56500244140625,449753.0
2026-07-28 10:18:00,193.55999755859372,193.7899932861328,193.4600067138672,193.67999267578125,403147.0
2026-07-28 10:19:00,193.66000366210935,193.6699981689453,193.22000122070312,193.25999450683597,365981.0
2026-07-28 10:20:00,193.25,193.44000244140625,192.91000366210935,192.9671936035156,516189.0
2026-07-28 10:21:00,192.9900054931641,193.4900054931641,192.7400054931641,193.4239959716797,829684.0
2026-07-28 10:22:00,193.3999938964844,193.6000061035156,192.80999755859372,192.9199981689453,430954.0
2026-07-28 10:23:00,192.9219970703125,193.63999938964844,192.75,193.6300048828125,593141.0
2026-07-28 10:24:00,193.6150054931641,193.8800048828125,193.33050537109372,193.43499755859372,396665.0
2026-07-28 10:25:00,193.44000244140625,193.81500244140625,193.25680541992188,193.80999755859372,335543.0
2026-07-28 10:26:00,193.81500244140625,193.9900054931641,193.5800018310547,193.75,338767.0
2026-07-28 10:27:00,193.7899932861328,193.97000122070312,193.5500030517578,193.72000122070312,376457.0
2026-07-28 10:28:00,193.72999572753903,193.9199981689453,193.6199951171875,193.6999969482422,278695.0
2026-07-28 10:29:00,193.6699981689453,194.1497039794922,193.6499938964844,194.08999633789065,362855.0
2026-07-28 10:30:00,194.08999633789065,194.4199981689453,193.8999938964844,194.0800018310547,419018.0
2026-07-28 10:31:00,194.0800018310547,194.5399932861328,194.0500030517578,194.36199951171875,355358.0
2026-07-28 10:32:00,194.3699951171875,194.75999450683597,194.22999572753903,194.47000122070312,430322.0
2026-07-28 10:33:00,194.47000122070312,194.75999450683597,194.42999267578125,194.6699981689453,383335.0
2026-07-28 10:34:00,194.68499755859372,194.83999633789065,194.3600006103516,194.44000244140625,380461.0
2026-07-28 10:35:00,194.44000244140625,195.17999267578125,194.41000366210935,195.1699981689453,518229.0
2026-07-28 10:36:00,195.1699981689453,196.05670166015625,195.14010620117188,195.89990234375,747545.0
2026-07-28 10:37:00,195.87350463867188,195.9850006103516,195.4801025390625,195.8500061035156,405965.0
2026-07-28 10:38:00,195.83999633789065,196.1100006103516,195.3500061035156,195.3699951171875,408670.0
2026-07-28 10:39:00,195.3300018310547,195.72000122070312,195.1199951171875,195.6450042724609,387488.0
2026-07-28 10:40:00,195.66000366210935,196.0399932861328,195.5,196.02340698242188,442388.0
2026-07-28 10:41:00,195.9600067138672,196.1499938964844,195.85499572753903,196.0760955810547,369478.0
2026-07-28 10:42:00,196.0850067138672,196.1000061035156,195.72999572753903,195.94000244140625,324395.0
2026-07-28 10:43:00,195.95989990234372,196.2749938964844,195.9250030517578,196.01499938964844,318574.0
2026-07-28 10:44:00,196.01629638671875,196.33999633789065,195.8600006103516,196.0198974609375,392454.0
2026-07-28 10:45:00,196.00999450683597,196.16000366210935,195.75059509277344,195.78500366210935,324466.0
2026-07-28 10:46:00,195.7700042724609,196.42999267578125,195.71420288085935,196.3000030517578,563918.0
2026-07-28 10:47:00,196.2949981689453,196.7899932861328,196.2700042724609,196.68780517578125,484320.0
2026-07-28 10:48:00,196.6750030517578,197.13999938964844,196.5644989013672,197.01499938964844,534987.0
2026-07-28 10:49:00,197.0,197.1649932861328,196.8800048828125,197.0200042724609,361419.0
2026-07-28 10:50:00,197.02999877929688,197.30499267578125,196.9199981689453,197.1000061035156,398351.0
2026-07-28 10:51:00,197.1143951416016,197.5800018310547,197.07000732421875,197.4199981689453,441972.0
2026-07-28 10:52:00,197.42999267578125,197.4499969482422,196.7749938964844,196.94000244140625,377587.0
2026-07-28 10:53:00,196.9499969482422,197.4120941162109,196.9149932861328,197.19000244140625,393642.0
2026-07-28 10:54:00,197.1450042724609,197.41000366210935,197.0200958251953,197.38009643554688,329995.0
2026-07-28 10:55:00,197.3600006103516,197.59739685058597,196.9042053222656,197.24989318847656,465425.0
2026-07-28 10:56:00,197.22999572753903,197.25,196.8000030517578,196.93499755859372,320676.0
2026-07-28 10:57:00,196.91000366210935,196.91879272460935,196.3800048828125,196.5249938964844,291378.0
2026-07-28 10:58:00,196.52999877929688,196.7700042724609,196.41000366210935,196.6699981689453,331562.0
2026-07-28 10:59:00,196.6699981689453,196.80990600585935,196.5301055908203,196.7700042724609,227318.0
2026-07-28 11:00:00,196.77999877929688,197.08999633789065,196.75999450683597,196.9900054931641,412444.0
2026-07-28 11:01:00,196.9900054931641,197.07000732421875,196.7010040283203,196.8300018310547,258192.0
2026-07-28 11:02:00,196.8350067138672,197.05999755859372,196.6300048828125,196.80999755859372,209927.0
2026-07-28 11:03:00,196.80999755859372,196.83999633789065,196.50999450683597,196.5500030517578,192523.0
2026-07-28 11:04:00,196.5449981689453,196.6000061035156,196.1199951171875,196.1699981689453,410384.0
2026-07-28 11:05:00,196.1699981689453,196.4499969482422,196.0749969482422,196.4199981689453,255623.0
2026-07-28 11:06:00,196.3999938964844,196.6999969482422,196.33999633789065,196.3950042724609,265749.0
2026-07-28 11:07:00,196.3999938964844,196.41000366210935,195.875,196.1199951171875,249397.0
2026-07-28 11:08:00,196.1199951171875,196.25999450683597,195.8600006103516,196.0,229858.0
2026-07-28 11:09:00,196.0299072265625,196.3999938964844,195.9900054931641,196.3350067138672,273170.0
2026-07-28 11:10:00,196.3699951171875,196.8800048828125,196.08450317382807,196.1999969482422,395167.0
2026-07-28 11:11:00,196.22999572753903,196.3600006103516,196.05999755859372,196.19000244140625,164142.0
2026-07-28 11:12:00,196.18499755859372,196.6540069580078,196.07000732421875,196.5200042724609,253997.0
2026-07-28 11:13:00,196.5249938964844,196.56500244140625,196.3300018310547,196.5135040283203,169255.0
2026-07-28 11:14:00,196.52999877929688,196.74989318847656,196.47999572753903,196.4810028076172,246427.0
2026-07-28 11:15:00,196.50999450683597,196.63499450683597,196.26499938964844,196.6100006103516,278106.0
2026-07-28 11:16:00,196.6199951171875,196.8000030517578,196.5200042724609,196.57000732421875,269738.0
2026-07-28 11:17:00,196.5695953369141,196.8800048828125,196.4750061035156,196.6822052001953,244090.0
2026-07-28 11:18:00,196.6750030517578,197.25999450683597,196.59500122070312,197.21499633789065,377705.0
2026-07-28 11:19:00,197.21499633789065,197.2700042724609,196.97000122070312,197.2550048828125,277149.0
2026-07-28 11:20:00,197.2700042724609,197.63999938964844,197.25,197.4900054931641,416158.0
2026-07-28 11:21:00,197.47999572753903,197.61700439453125,197.41799926757807,197.57000732421875,231630.0
2026-07-28 11:22:00,197.5500030517578,197.67999267578125,197.3500061035156,197.4600067138672,309600.0
2026-07-28 11:23:00,197.47999572753903,197.83799743652344,197.4499969482422,197.7250061035156,409421.0
2026-07-28 11:24:00,197.7100067138672,197.83999633789065,197.4499969482422,197.57000732421875,332868.0
2026-07-28 11:25:00,197.57000732421875,197.75999450683597,197.5399932861328,197.6000061035156,230938.0
2026-07-28 11:26:00,197.5800018310547,197.8500061035156,197.5800018310547,197.6999969482422,218455.0
2026-07-28 11:27:00,197.6999969482422,197.7100067138672,197.3999938964844,197.44000244140625,303215.0
2026-07-28 11:28:00,197.4499969482422,197.4600067138672,197.1300048828125,197.13999938964844,301332.0
2026-07-28 11:29:00,197.13499450683597,197.19000244140625,196.6499938964844,196.72000122070312,349190.0
2026-07-28 11:30:00,196.6999969482422,196.7899932861328,196.44000244140625,196.5,267944.0
2026-07-28 11:31:00,196.5200042724609,196.7998962402344,196.4600067138672,196.7550048828125,215591.0
2026-07-28 11:32:00,196.75999450683597,196.9710998535156,196.72999572753903,196.8500061035156,237889.0
2026-07-28 11:33:00,196.8600006103516,196.91000366210935,196.6376037597656,196.88499450683597,258604.0
2026-07-28 11:34:00,196.8999938964844,197.0399932861328,196.82000732421875,196.8350067138672,303139.0
2026-07-28 11:35:00,196.82000732421875,197.0800018310547,196.75999450683597,197.0449981689453,205142.0
2026-07-28 11:36:00,197.0200042724609,197.1750030517578,196.95550537109372,196.9600067138672,222843.0
2026-07-28 11:37:00,196.9580993652344,197.2700042724609,196.88999938964844,197.25,230908.0
2026-07-28 11:38:00,197.2698974609375,197.47999572753903,197.2100067138672,197.4098052978516,257625.0
2026-07-28 11:39:00,197.41000366210935,197.49400329589844,197.32000732421875,197.3905029296875,176045.0
2026-07-28 11:40:00,197.33999633789065,197.41000366210935,197.12060546875,197.1499938964844,201048.0
2026-07-28 11:41:00,197.1000061035156,197.44000244140625,197.0399932861328,197.2949981689453,263093.0
2026-07-28 11:42:00,197.2899932861328,197.44000244140625,197.08999633789065,197.42999267578125,272710.0
2026-07-28 11:43:00,197.4199981689453,197.8300018310547,197.3907928466797,197.7100067138672,277410.0
2026-07-28 11:44:00,197.7100067138672,197.8999938964844,197.67999267578125,197.74009704589844,231682.0
2026-07-28 11:45:00,197.7301025390625,197.9501037597656,197.69000244140625,197.80999755859372,289749.0
2026-07-28 11:46:00,197.80999755859372,198.1999969482422,197.69000244140625,198.1499938964844,384854.0
2026-07-28 11:47:00,198.1450042724609,198.5,198.13999938964844,198.47999572753903,331352.0
2026-07-28 11:48:00,198.47000122070312,198.6100006103516,198.3999938964844,198.531494140625,374056.0
2026-07-28 11:49:00,198.53500366210935,198.5800018310547,198.3090057373047,198.32000732421875,298998.0
2026-07-28 11:50:00,198.3249969482422,198.47999572753903,198.16000366210935,198.1699981689453,302255.0
2026-07-28 11:51:00,198.17999267578125,198.18380737304688,197.7400054931641,197.9750061035156,398278.0
2026-07-28 11:52:00,197.96499633789065,198.05999755859372,197.7899932861328,198.0050048828125,235544.0
2026-07-28 11:53:00,198.02999877929688,198.3500061035156,198.0,198.2910003662109,203517.0
2026-07-28 11:54:00,198.30499267578125,198.36990356445312,197.9499969482422,197.9900054931641,234624.0
2026-07-28 11:55:00,197.97000122070312,198.00880432128903,197.77420043945312,197.8350067138672,215368.0
2026-07-28 11:56:00,197.8350067138672,198.27999877929688,197.80999755859372,198.22999572753903,246816.0
2026-07-28 11:57:00,198.22999572753903,198.4696044921875,198.1199951171875,198.4250030517578,237733.0
2026-07-28 11:58:00,198.41439819335935,198.57000732421875,198.2899932861328,198.3000946044922,246593.0
2026-07-28 11:59:00,198.3300018310547,198.3500061035156,198.1100006103516,198.3300018310547,207157.0
2026-07-28 12:00:00,198.3300018310547,198.48309326171875,198.2400054931641,198.4499969482422,248556.0
2026-07-28 12:01:00,198.44000244140625,198.5500030517578,198.3000030517578,198.32000732421875,251734.0
2026-07-28 12:02:00,198.3536071777344,198.52110290527344,198.27999877929688,198.3000030517578,174271.0
2026-07-28 12:03:00,198.2899932861328,198.3999938964844,198.17999267578125,198.31500244140625,212262.0
2026-07-28 12:04:00,198.3101043701172,198.33639526367188,198.19200134277344,198.28500366210935,111060.0
2026-07-28 12:05:00,198.2899932861328,198.6999969482422,198.2899932861328,198.52999877929688,272535.0
2026-07-28 12:06:00,198.5290069580078,198.5500030517578,198.06300354003903,198.0749969482422,258235.0
2026-07-28 12:07:00,198.0749969482422,198.1000061035156,197.72000122070312,197.7200927734375,275608.0
2026-07-28 12:08:00,197.71499633789065,197.8500061035156,197.6300048828125,197.69500732421875,225327.0
2026-07-28 12:09:00,197.71499633789065,197.81500244140625,197.63999938964844,197.72000122070312,187955.0
2026-07-28 12:10:00,197.7003936767578,197.88999938964844,197.68499755859372,197.88499450683597,218515.0
2026-07-28 12:11:00,197.88499450683597,198.0605010986328,197.85499572753903,198.0200042724609,187378.0
2026-07-28 12:12:00,198.0249938964844,198.07989501953125,197.8500061035156,197.94000244140625,179932.0
2026-07-28 12:13:00,197.94000244140625,198.0,197.6300048828125,197.67999267578125,175806.0
2026-07-28 12:14:00,197.6499938964844,197.72000122070312,197.4499969482422,197.69000244140625,193712.0
2026-07-28 12:15:00,197.6699981689453,197.83999633789065,197.5081024169922,197.5850067138672,170858.0
2026-07-28 12:16:00,197.52999877929688,197.69509887695312,197.5,197.6199951171875,161945.0
2026-07-28 12:17:00,197.63999938964844,197.77999877929688,197.59280395507807,197.63999938964844,181257.0
2026-07-28 12:18:00,197.6499938964844,197.82000732421875,197.5749969482422,197.66000366210935,118369.0
2026-07-28 12:19:00,197.64720153808597,198.0449981689453,197.610107421875,198.00999450683597,109882.0
2026-07-28 12:20:00,198.00999450683597,198.17999267578125,197.97000122070312,198.07989501953125,163188.0
2026-07-28 12:21:00,198.07000732421875,198.08999633789065,197.8500061035156,197.9550018310547,130433.0
2026-07-28 12:22:00,197.9550018310547,198.00999450683597,197.6999969482422,197.78500366210935,170149.0
2026-07-28 12:23:00,197.78970336914065,197.7949981689453,197.42010498046875,197.44009399414065,219365.0
2026-07-28 12:24:00,197.4499053955078,197.47000122070312,197.30499267578125,197.43499755859372,225463.0
2026-07-28 12:25:00,197.43499755859372,197.55999755859372,197.3650054931641,197.5399932861328,166476.0
2026-07-28 12:26:00,197.5449981689453,197.55999755859372,197.42999267578125,197.44000244140625,130063.0
2026-07-28 12:27:00,197.44009399414065,197.51499938964844,197.25,197.4949951171875,189658.0
2026-07-28 12:28:00,197.4900054931641,197.55999755859372,197.3500061035156,197.3600006103516,114406.0
2026-07-28 12:29:00,197.3500061035156,197.3999938964844,197.2700042724609,197.27999877929688,124304.0
2026-07-28 12:30:00,197.27999877929688,197.27999877929688,196.66000366210935,196.72000122070312,283495.0
2026-07-28 12:31:00,196.70989990234372,196.7700042724609,196.6000061035156,196.6499938964844,193359.0
2026-07-28 12:32:00,196.6450042724609,197.0,196.63999938964844,196.9499969482422,169255.0
2026-07-28 12:33:00,196.9550018310547,197.13999938964844,196.9499969482422,197.00999450683597,319742.0
2026-07-28 12:34:00,197.00999450683597,197.2100067138672,196.84100341796875,196.8600006103516,133491.0
2026-07-28 12:35:00,196.8650054931641,197.0200042724609,196.85020446777344,196.9600067138672,1141516.0
2026-07-28 12:36:00,196.9499969482422,197.02999877929688,196.8701019287109,196.9900054931641,131562.0
2026-07-28 12:37:00,196.97039794921875,197.07000732421875,196.8800048828125,196.9550018310547,94023.0
2026-07-28 12:38:00,196.97999572753903,197.2899932861328,196.9700927734375,197.25999450683597,192959.0
2026-07-28 12:39:00,197.2700042724609,197.38999938964844,197.08999633789065,197.3800048828125,189980.0
2026-07-28 12:40:00,197.3999938964844,197.63299560546875,197.33009338378903,197.5200042724609,310436.0
2026-07-28 12:41:00,197.5399932861328,197.69000244140625,197.47000122070312,197.6649932861328,284227.0
2026-07-28 12:42:00,197.6699981689453,197.72999572753903,197.5072021484375,197.5449981689453,152263.0
2026-07-28 12:43:00,197.5449981689453,197.7400054931641,197.5399932861328,197.73410034179688,169360.0
2026-07-28 12:44:00,197.7350006103516,197.8300018310547,197.60009765625,197.67999267578125,693431.0
2026-07-28 12:45:00,197.6699981689453,197.8300018310547,197.5749969482422,197.75999450683597,142052.0
2026-07-28 12:46:00,197.75050354003903,197.7899932861328,197.3500061035156,197.4550018310547,163093.0
2026-07-28 12:47:00,197.4600067138672,197.83999633789065,197.44000244140625,197.82000732421875,169433.0
2026-07-28 12:48:00,197.82989501953125,197.8500061035156,197.4801025390625,197.5570068359375,129240.0
2026-07-28 12:49:00,197.55999755859372,197.69000244140625,197.51499938964844,197.5500030517578,72094.0
2026-07-28 12:50:00,197.5500030517578,197.7899932861328,197.5500030517578,197.77980041503903,110836.0
2026-07-28 12:51:00,197.7760009765625,198.07000732421875,197.7350006103516,198.05499267578125,258969.0
2026-07-28 12:52:00,198.0399932861328,198.1100006103516,197.8300018310547,197.8459014892578,148799.0
2026-07-28 12:53:00,197.8500061035156,198.07000732421875,197.8500061035156,197.9777984619141,68430.0
2026-07-28 12:54:00,197.9499969482422,198.1499938964844,197.9499969482422,198.1199951171875,149114.0
2026-07-28 12:55:00,198.1300048828125,198.1300048828125,197.9499969482422,198.02999877929688,122577.0
2026-07-28 12:56:00,198.0399932861328,198.22000122070312,197.97000122070312,198.22000122070312,175747.0
2026-07-28 12:57:00,198.2100067138672,198.2449951171875,198.07000732421875,198.1199951171875,180930.0
2026-07-28 12:58:00,198.1327972412109,198.1327972412109,197.97999572753903,198.0249938964844,113253.0
2026-07-28 12:59:00,198.02999877929688,198.12989807128903,198.0200042724609,198.0200958251953,107777.0
2026-07-28 13:00:00,198.02999877929688,198.1000061035156,197.88999938964844,198.00999450683597,140297.0
2026-07-28 13:01:00,198.01499938964844,198.19000244140625,198.0,198.07000732421875,142942.0
2026-07-28 13:02:00,198.0800018310547,198.10499572753903,197.75,197.76499938964844,167543.0
2026-07-28 13:03:00,197.76499938964844,197.80999755859372,197.53759765625,197.57000732421875,188180.0
2026-07-28 13:04:00,197.5998992919922,197.6300048828125,197.4199981689453,197.4600067138672,125745.0
2026-07-28 13:05:00,197.4600067138672,197.6300048828125,197.3699951171875,197.38999938964844,161952.0
2026-07-28 13:06:00,197.3999938964844,197.4900054931641,197.25,197.4600067138672,197861.0
2026-07-28 13:07:00,197.42999267578125,197.60499572753903,197.3950042724609,197.60499572753903,144419.0
2026-07-28 13:08:00,197.60989379882807,197.6699981689453,197.3966064453125,197.40499877929688,124686.0
2026-07-28 13:09:00,197.40499877929688,197.4199981689453,197.2899932861328,197.3350067138672,95183.0
2026-07-28 13:10:00,197.3500061035156,197.3999938964844,197.1499938964844,197.3999938964844,200752.0
2026-07-28 13:11:00,197.41000366210935,197.6199951171875,197.3800048828125,197.6100006103516,220991.0
2026-07-28 13:12:00,197.6150054931641,197.88999938964844,197.6000061035156,197.80999755859372,172672.0
2026-07-28 13:13:00,197.8249969482422,197.8500061035156,197.55999755859372,197.67999267578125,169023.0
2026-07-28 13:14:00,197.67999267578125,197.73989868164065,197.6000061035156,197.6199951171875,150599.0
2026-07-28 13:15:00,197.6150054931641,197.86839294433597,197.52999877929688,197.80999755859372,128447.0
2026-07-28 13:16:00,197.8101043701172,197.8699951171875,197.72869873046875,197.8699951171875,87042.0
2026-07-28 13:17:00,197.8699951171875,197.8699951171875,197.7250061035156,197.75999450683597,69281.0
2026-07-28 13:18:00,197.75999450683597,197.8699951171875,197.75,197.81329345703125,75559.0
2026-07-28 13:19:00,197.8000030517578,197.88999938964844,197.75,197.83999633789065,125088.0
2026-07-28 13:20:00,197.83999633789065,198.1300048828125,197.67999267578125,198.0449981689453,279325.0
2026-07-28 13:21:00,198.0500030517578,198.2400054931641,197.92999267578125,197.92999267578125,202738.0
2026-07-28 13:22:00,197.93499755859372,198.0500030517578,197.8000030517578,198.0498046875,146053.0
2026-07-28 13:23:00,198.0399932861328,198.08990478515625,197.9499969482422,198.0,125687.0
2026-07-28 13:24:00,198.00999450683597,198.0525054931641,197.67999267578125,197.7001037597656,135742.0
2026-07-28 13:25:00,197.69000244140625,197.80999755859372,197.58999633789065,197.7899932861328,132682.0
2026-07-28 13:26:00,197.79150390625,197.9398956298828,197.77999877929688,197.8800048828125,120049.0
2026-07-28 13:27:00,197.88009643554688,198.02999877929688,197.8699951171875,197.9199981689453,103637.0
2026-07-28 13:28:00,197.8999938964844,197.9900054931641,197.7436981201172,197.7449951171875,99773.0
2026-07-28 13:29:00,197.7449951171875,197.8699951171875,197.69430541992188,197.6999969482422,78626.0
2026-07-28 13:30:00,197.69009399414065,197.8800048828125,197.67010498046875,197.8350067138672,98642.0
2026-07-28 13:31:00,197.82000732421875,197.82000732421875,197.6699066162109,197.6699066162109,59402.0
2026-07-28 13:32:00,197.6649932861328,197.72000122070312,197.6000061035156,197.6999969482422,278593.0
2026-07-28 13:33:00,197.7017974853516,197.8999938964844,197.6699981689453,197.80999755859372,115649.0
2026-07-28 13:34:00,197.8199005126953,197.97000122070312,197.8199005126953,197.8800048828125,94256.0
2026-07-28 13:35:00,197.8800048828125,198.08990478515625,197.8800048828125,197.9750061035156,141872.0
2026-07-28 13:36:00,197.9750061035156,198.0399932861328,197.8600006103516,197.9499969482422,140276.0
2026-07-28 13:37:00,197.94500732421875,198.00579833984372,197.67999267578125,197.67999267578125,120963.0
2026-07-28 13:38:00,197.6602020263672,197.7899932861328,197.6300048828125,197.73800659179688,115921.0
2026-07-28 13:39:00,197.70489501953125,197.7400054931641,197.57000732421875,197.6100006103516,73252.0
2026-07-28 13:40:00,197.6000061035156,197.75,197.5399932861328,197.6000061035156,136439.0
2026-07-28 13:41:00,197.6100006103516,197.61599731445312,197.4600067138672,197.4801025390625,127858.0
2026-07-28 13:42:00,197.4850006103516,197.55999755859372,197.4300994873047,197.5399932861328,57223.0
2026-07-28 13:43:00,197.52999877929688,197.55499267578125,197.3600006103516,197.4149932861328,83009.0
2026-07-28 13:44:00,197.41000366210935,197.4199066162109,197.2700042724609,197.3500061035156,111061.0
2026-07-28 13:45:00,197.3500061035156,197.4394989013672,197.05999755859372,197.08999633789065,238229.0
2026-07-28 13:46:00,197.0933074951172,197.2899932861328,197.05999755859372,197.25,127071.0
2026-07-28 13:47:00,197.2100067138672,197.33999633789065,196.9300994873047,196.97000122070312,194835.0
2026-07-28 13:48:00,196.9949951171875,197.2550048828125,196.9499969482422,197.1800994873047,165907.0
2026-07-28 13:49:00,197.2052001953125,197.30999755859372,197.17999267578125,197.22999572753903,105113.0
2026-07-28 13:50:00,197.22999572753903,197.22999572753903,197.0500030517578,197.1000061035156,94310.0
2026-07-28 13:51:00,197.1000061035156,197.14649963378903,197.0301055908203,197.08999633789065,71338.0
2026-07-28 13:52:00,197.08999633789065,197.13999938964844,196.91000366210935,196.91000366210935,91262.0
2026-07-28 13:53:00,196.91000366210935,197.0200042724609,196.91000366210935,196.96029663085935,80252.0
2026-07-28 13:54:00,196.97000122070312,197.0,196.81509399414065,196.85940551757807,100799.0
2026-07-28 13:55:00,196.83999633789065,196.8650054931641,196.6699981689453,196.7550048828125,179960.0
2026-07-28 13:56:00,196.75,196.97000122070312,196.72999572753903,196.97000122070312,121821.0
2026-07-28 13:57:00,196.94009399414065,196.9499969482422,196.80999755859372,196.9250030517578,92359.0
2026-07-28 13:58:00,196.94000244140625,196.99989318847656,196.8300018310547,196.97999572753903,90769.0
2026-07-28 13:59:00,196.97000122070312,197.13510131835935,196.97000122070312,197.1000061035156,122423.0
2026-07-28 14:00:00,197.1000061035156,197.39930725097656,197.01010131835935,197.3000030517578,187475.0
2026-07-28 14:01:00,197.2949981689453,197.3699951171875,197.1199951171875,197.125,121771.0
2026-07-28 14:02:00,197.12989807128903,197.2700042724609,196.9900054931641,197.0794982910156,173324.0
2026-07-28 14:03:00,197.07000732421875,197.26800537109372,197.05999755859372,197.2100067138672,144287.0
2026-07-28 14:04:00,197.22000122070312,197.22999572753903,197.08999633789065,197.18060302734372,80086.0
2026-07-28 14:05:00,197.1999969482422,197.2899932861328,197.1100006103516,197.18499755859372,95934.0
2026-07-28 14:06:00,197.1999969482422,197.1999969482422,197.02999877929688,197.04269409179688,81392.0
2026-07-28 14:07:00,197.04010009765625,197.04010009765625,196.8300018310547,196.9199981689453,97157.0
2026-07-28 14:08:00,196.93499755859372,197.0200042724609,196.8101043701172,196.8500061035156,64701.0
2026-07-28 14:09:00,196.83999633789065,196.9600067138672,196.7899932861328,196.92999267578125,73963.0
2026-07-28 14:10:00,196.94000244140625,197.0050048828125,196.8000030517578,196.8699951171875,117712.0
2026-07-28 14:11:00,196.8800048828125,196.92999267578125,196.75,196.8249969482422,71018.0
2026-07-28 14:12:00,196.82000732421875,197.0399932861328,196.7700042724609,196.9199981689453,96507.0
2026-07-28 14:13:00,196.92999267578125,197.02999877929688,196.7700042724609,196.9900054931641,105089.0
2026-07-28 14:14:00,197.0,197.0,196.8699951171875,196.8699951171875,61530.0
2026-07-28 14:15:00,196.8699951171875,197.07000732421875,196.8350067138672,197.0500030517578,96709.0
2026-07-28 14:16:00,197.05499267578125,197.16000366210935,196.9499969482422,197.13999938964844,109266.0
2026-07-28 14:17:00,197.13999938964844,197.15499877929688,196.92010498046875,196.97509765625,89427.0
2026-07-28 14:18:00,196.9750061035156,197.0500030517578,196.8800048828125,196.93499755859372,89660.0
2026-07-28 14:19:00,196.94500732421875,197.02999877929688,196.77999877929688,196.97000122070312,117356.0
2026-07-28 14:20:00,196.97999572753903,197.08999633789065,196.9199981689453,197.08999633789065,101266.0
2026-07-28 14:21:00,197.08999633789065,197.1300048828125,196.9850006103516,197.1000061035156,67582.0
2026-07-28 14:22:00,197.08999633789065,197.1699981689453,197.0,197.11900329589844,114979.0
2026-07-28 14:23:00,197.1300048828125,197.1499938964844,196.9499969482422,197.07000732421875,94765.0
2026-07-28 14:24:00,197.05999755859372,197.07000732421875,196.93209838867188,197.0,105895.0
2026-07-28 14:25:00,196.9900054931641,197.02740478515625,196.7899932861328,196.94000244140625,189333.0
2026-07-28 14:26:00,196.9499969482422,197.027099609375,196.8500061035156,196.94500732421875,162719.0
2026-07-28 14:27:00,196.9550018310547,196.9550018310547,196.7100067138672,196.7700042724609,179399.0
2026-07-28 14:28:00,196.7799072265625,196.88999938964844,196.7203063964844,196.7400054931641,125705.0
2026-07-28 14:29:00,196.7400054931641,196.80990600585935,196.6499938964844,196.7050018310547,92969.0
2026-07-28 14:30:00,196.7050018310547,196.97999572753903,196.6699981689453,196.8699951171875,191833.0
2026-07-28 14:31:00,196.8300018310547,196.88999938964844,196.7100067138672,196.75999450683597,118605.0
2026-07-28 14:32:00,196.75999450683597,196.8999938964844,196.75,196.8650054931641,96120.0
2026-07-28 14:33:00,196.8800048828125,197.05999755859372,196.8500061035156,197.02999877929688,126022.0
2026-07-28 14:34:00,197.0399932861328,197.1100006103516,196.91000366210935,196.9600067138672,127557.0
2026-07-28 14:35:00,196.9499969482422,197.22970581054688,196.88499450683597,197.2050018310547,131577.0
2026-07-28 14:36:00,197.22999572753903,197.25999450683597,197.05999755859372,197.13999938964844,127638.0
2026-07-28 14:37:00,197.13999938964844,197.2400054931641,197.0901031494141,197.2350006103516,97726.0
2026-07-28 14:38:00,197.2350006103516,197.33999633789065,197.1999969482422,197.2700042724609,123981.0
2026-07-28 14:39:00,197.2700042724609,197.2700042724609,197.0791931152344,197.1000061035156,102130.0
2026-07-28 14:40:00,197.1000061035156,197.13999938964844,196.9900054931641,197.0500030517578,184267.0
2026-07-28 14:41:00,197.05999755859372,197.1100006103516,196.91929626464844,196.91929626464844,151847.0
2026-07-28 14:42:00,196.91000366210935,196.94000244140625,196.72000122070312,196.72999572753903,128444.0
2026-07-28 14:43:00,196.72999572753903,196.80999755859372,196.53309631347656,196.7899932861328,159606.0
2026-07-28 14:44:00,196.7749938964844,197.00999450683597,196.72000122070312,197.00999450683597,108613.0
2026-07-28 14:45:00,197.00999450683597,197.0800018310547,196.8500061035156,197.06500244140625,123898.0
2026-07-28 14:46:00,197.06500244140625,197.22999572753903,196.94000244140625,197.22999572753903,156948.0
2026-07-28 14:47:00,197.1999969482422,197.33999633789065,197.15499877929688,197.19760131835935,137263.0
2026-07-28 14:48:00,197.17999267578125,197.2400054931641,197.1000061035156,197.1150054931641,71069.0
2026-07-28 14:49:00,197.13330078125,197.25,197.04010009765625,197.1199951171875,79074.0
2026-07-28 14:50:00,197.1199951171875,197.3300018310547,197.1199951171875,197.2595977783203,135274.0
2026-07-28 14:51:00,197.25,197.38999938964844,197.1000061035156,197.1100006103516,140795.0
2026-07-28 14:52:00,197.1199951171875,197.1750030517578,196.9900054931641,197.0,151314.0
2026-07-28 14:53:00,197.00999450683597,197.05999755859372,196.90499877929688,196.92999267578125,80082.0
2026-07-28 14:54:00,196.94000244140625,197.0850067138672,196.92999267578125,197.0200042724609,75166.0
2026-07-28 14:55:00,197.01719665527344,197.1499938964844,196.88499450683597,197.1199951171875,118403.0
2026-07-28 14:56:00,197.1150054931641,197.16000366210935,196.97000122070312,197.05999755859372,96476.0
2026-07-28 14:57:00,197.05599975585935,197.22000122070312,197.05499267578125,197.1499938964844,1077465.0
2026-07-28 14:58:00,197.16000366210935,197.2400054931641,197.1080017089844,197.1999969482422,119944.0
2026-07-28 14:59:00,197.1927947998047,197.25,197.06100463867188,197.07000732421875,143392.0
2026-07-28 15:00:00,197.07000732421875,197.46499633789065,197.0536956787109,197.3699951171875,239546.0
2026-07-28 15:01:00,197.3699951171875,197.5,197.3249969482422,197.41000366210935,150410.0
2026-07-28 15:02:00,197.3999938964844,197.44000244140625,197.3000030517578,197.3777008056641,119021.0
2026-07-28 15:03:00,197.3500061035156,197.66000366210935,197.3500061035156,197.5800018310547,245648.0
2026-07-28 15:04:00,197.57000732421875,197.6499938964844,197.53500366210935,197.5800018310547,186078.0
2026-07-28 15:05:00,197.57000732421875,197.67999267578125,197.4499969482422,197.65499877929688,237117.0
2026-07-28 15:06:00,197.66000366210935,197.7400054931641,197.30999755859372,197.41000366210935,250489.0
2026-07-28 15:07:00,197.42999267578125,197.7100067138672,197.41000366210935,197.4627990722656,229765.0
2026-07-28 15:08:00,197.41000366210935,197.44000244140625,197.2801055908203,197.3000030517578,155838.0
2026-07-28 15:09:00,197.30999755859372,197.47999572753903,197.2899932861328,197.32000732421875,148651.0
2026-07-28 15:10:00,197.33999633789065,197.63999938964844,197.27999877929688,197.5500030517578,175769.0
2026-07-28 15:11:00,197.5449981689453,197.69000244140625,197.47999572753903,197.66000366210935,220614.0
2026-07-28 15:12:00,197.67999267578125,197.67999267578125,197.22000122070312,197.22999572753903,486805.0
2026-07-28 15:13:00,197.22000122070312,197.5296936035156,197.19000244140625,197.51499938964844,137580.0
2026-07-28 15:14:00,197.50999450683597,197.60499572753903,197.4499969482422,197.60499572753903,117884.0
2026-07-28 15:15:00,197.5800018310547,197.6999053955078,197.5200042724609,197.5399932861328,106915.0
2026-07-28 15:16:00,197.5399932861328,197.5800018310547,197.41000366210935,197.4199981689453,184330.0
2026-07-28 15:17:00,197.4199981689453,197.47000122070312,197.2899932861328,197.375,137450.0
2026-07-28 15:18:00,197.3800048828125,197.62289428710935,197.3800048828125,197.50999450683597,156163.0
2026-07-28 15:19:00,197.485107421875,197.72999572753903,197.4747009277344,197.7191925048828,150292.0
2026-07-28 15:20:00,197.6999969482422,197.72999572753903,197.5500030517578,197.66000366210935,172291.0
2026-07-28 15:21:00,197.6699981689453,197.72999572753903,197.50999450683597,197.50999450683597,161491.0
2026-07-28 15:22:00,197.5200042724609,197.9250030517578,197.5200042724609,197.8600006103516,227498.0
2026-07-28 15:23:00,197.85499572753903,198.02999877929688,197.8500061035156,197.8800048828125,228055.0
2026-07-28 15:24:00,197.88999938964844,197.92999267578125,197.8600006103516,197.92999267578125,127433.0
2026-07-28 15:25:00,197.9250030517578,198.0,197.83999633789065,197.88999938964844,154271.0
2026-07-28 15:26:00,197.8800048828125,197.97999572753903,197.7100067138672,197.77999877929688,133454.0
2026-07-28 15:27:00,197.77999877929688,197.80499267578125,197.5500030517578,197.75,167597.0
2026-07-28 15:28:00,197.75,198.0,197.7400054931641,197.94000244140625,154869.0
2026-07-28 15:29:00,197.94000244140625,197.9600067138672,197.7899932861328,197.88999938964844,124578.0
2026-07-28 15:30:00,197.91000366210935,197.94500732421875,197.7006072998047,197.72999572753903,189832.0
2026-07-28 15:31:00,197.72000122070312,197.9900054931641,197.6699981689453,197.8800048828125,182650.0
2026-07-28 15:32:00,197.8699951171875,197.9149932861328,197.67999267578125,197.7998962402344,235037.0
2026-07-28 15:33:00,197.8000030517578,197.8600006103516,197.6699981689453,197.77999877929688,188603.0
2026-07-28 15:34:00,197.8000030517578,197.8650054931641,197.6800994873047,197.6999969482422,190427.0
2026-07-28 15:35:00,197.69000244140625,197.69500732421875,197.27999877929688,197.32000732421875,196847.0
2026-07-28 15:36:00,197.30999755859372,197.32000732421875,197.13999938964844,197.22999572753903,224288.0
2026-07-28 15:37:00,197.22000122070312,197.25999450683597,197.00999450683597,197.1156005859375,264090.0
2026-07-28 15:38:00,197.1199951171875,197.20989990234372,197.0500030517578,197.1705017089844,1169964.0
2026-07-28 15:39:00,197.18499755859372,197.2400054931641,197.0,197.1100006103516,224138.0
2026-07-28 15:40:00,197.1000061035156,197.30999755859372,197.0800018310547,197.22999572753903,195857.0
2026-07-28 15:41:00,197.22999572753903,197.3500061035156,197.1100006103516,197.3000030517578,158934.0
2026-07-28 15:42:00,197.30999755859372,197.42999267578125,197.13699340820312,197.2250061035156,193611.0
2026-07-28 15:43:00,197.2100067138672,197.26109313964844,197.1100006103516,197.1894073486328,208076.0
2026-07-28 15:44:00,197.1750030517578,197.1999969482422,197.0200042724609,197.17999267578125,911362.0
2026-07-28 15:45:00,197.17999267578125,197.22999572753903,197.02999877929688,197.1100006103516,202203.0
2026-07-28 15:46:00,197.11639404296875,197.11990356445312,196.9600067138672,197.0500030517578,199204.0
2026-07-28 15:47:00,197.05999755859372,197.2599029541016,197.0,197.13999938964844,229015.0
2026-07-28 15:48:00,197.15499877929688,197.27999877929688,197.1300048828125,197.22000122070312,163998.0
2026-07-28 15:49:00,197.22000122070312,197.4199066162109,197.18499755859372,197.3800048828125,181852.0
2026-07-28 15:50:00,197.3699951171875,197.4503936767578,197.13999938964844,197.15499877929688,299454.0
2026-07-28 15:51:00,197.1499938964844,197.2400054931641,197.0800018310547,197.1999969482422,282840.0
2026-07-28 15:52:00,197.2100067138672,197.2899932861328,197.125,197.2700042724609,229825.0
2026-07-28 15:53:00,197.2700042724609,197.5,197.25,197.4900054931641,338918.0
2026-07-28 15:54:00,197.4900054931641,198.1499938964844,197.47000122070312,198.0,619676.0
2026-07-28 15:55:00,198.0050048828125,198.0050048828125,197.2700042724609,197.6199951171875,748534.0
2026-07-28 15:56:00,197.6199951171875,197.72999572753903,197.41000366210935,197.50999450683597,504360.0
2026-07-28 15:57:00,197.5,197.5399932861328,197.3300018310547,197.4149932861328,680841.0
2026-07-28 15:58:00,197.4250030517578,197.4600067138672,197.2100067138672,197.3350067138672,1181527.0
2026-07-28 15:59:00,197.3350067138672,197.3600006103516,196.75,196.9499969482422,2943122.0
2026-07-29 09:30:00,195.84500122070312,196.6999969482422,195.22999572753903,195.30499267578125,4305177.0
2026-07-29 09:31:00,195.3249969482422,195.59559631347656,195.0399932861328,195.16000366210935,287414.0
2026-07-29 09:32:00,195.17999267578125,195.80999755859372,194.8600006103516,195.7250061035156,377173.0
2026-07-29 09:33:00,195.7449951171875,196.0399932861328,195.58999633789065,195.97999572753903,292902.0
2026-07-29 09:34:00,195.9850006103516,197.07400512695312,195.97999572753903,196.7899932861328,452642.0
2026-07-29 09:35:00,196.7400054931641,197.0500030517578,196.58999633789065,196.9597930908203,303469.0
2026-07-29 09:36:00,196.9698944091797,197.0,196.16000366210935,196.2700042724609,376785.0
2026-07-29 09:37:00,196.2404937744141,196.4900054931641,196.00999450683597,196.42999267578125,288673.0
2026-07-29 09:38:00,196.4900054931641,196.8600006103516,195.94000244140625,196.01499938964844,299241.0
2026-07-29 09:39:00,196.0399932861328,196.1499938964844,195.72999572753903,195.75,297244.0
2026-07-29 09:40:00,195.7400054931641,196.26480102539065,195.5200042724609,195.80999755859372,317722.0
2026-07-29 09:41:00,195.8800048828125,196.33999633789065,195.66000366210935,196.27749633789065,232662.0
2026-07-29 09:42:00,196.28500366210935,196.5,195.97000122070312,196.19000244140625,317220.0
2026-07-29 09:43:00,196.2100067138672,196.3699951171875,195.96499633789065,196.0410003662109,357311.0
2026-07-29 09:44:00,196.06500244140625,196.42999267578125,195.97999572753903,196.4199981689453,198183.0
2026-07-29 09:45:00,196.38999938964844,196.58990478515625,196.1300048828125,196.2100067138672,282022.0
2026-07-29 09:46:00,196.2100067138672,196.26690673828125,195.8800048828125,196.16000366210935,241019.0
2026-07-29 09:47:00,196.16000366210935,196.22999572753903,195.07000732421875,195.3999938964844,339613.0
2026-07-29 09:48:00,195.43499755859372,195.8000030517578,195.1999969482422,195.2866973876953,253194.0
2026-07-29 09:49:00,195.27999877929688,195.5500030517578,195.0399932861328,195.51499938964844,211239.0
2026-07-29 09:50:00,195.50999450683597,195.6300048828125,194.91000366210935,194.9949951171875,333585.0
2026-07-29 09:51:00,194.9949951171875,194.9949951171875,194.41000366210935,194.5399932861328,425048.0
2026-07-29 09:52:00,194.5,194.72000122070312,194.3500061035156,194.41000366210935,299416.0
2026-07-29 09:53:00,194.4250030517578,194.6300048828125,194.2100067138672,194.55999755859372,323009.0
2026-07-29 09:54:00,194.5200042724609,194.6100006103516,194.07009887695312,194.14010620117188,252960.0
2026-07-29 09:55:00,194.11749267578125,194.13499450683597,193.41000366210935,193.63999938964844,557970.0
2026-07-29 09:56:00,193.6499938964844,193.6499938964844,193.05999755859372,193.0749969482422,531034.0
2026-07-29 09:57:00,193.07000732421875,193.13499450683597,192.6499938964844,192.8000030517578,764851.0
2026-07-29 09:58:00,192.82000732421875,193.42999267578125,192.80999755859372,193.38999938964844,685842.0
2026-07-29 09:59:00,193.3699951171875,193.5399932861328,193.08999633789065,193.3800048828125,343603.0
2026-07-29 10:00:00,193.38999938964844,193.6499938964844,193.25,193.32000732421875,369809.0
2026-07-29 10:01:00,193.2400054931641,193.6000061035156,193.0399932861328,193.2899932861328,236942.0
2026-07-29 10:02:00,193.25999450683597,193.47999572753903,193.0200042724609,193.0500030517578,264410.0
2026-07-29 10:03:00,193.00999450683597,193.2400054931641,192.9600067138672,192.9600067138672,391356.0
2026-07-29 10:04:00,192.94000244140625,193.47000122070312,192.8300018310547,193.17999267578125,345433.0
2026-07-29 10:05:00,193.22999572753903,193.5767974853516,193.1000061035156,193.1000061035156,347249.0
2026-07-29 10:06:00,193.09500122070312,193.3500061035156,192.80999755859372,192.90499877929688,381169.0
2026-07-29 10:07:00,192.88999938964844,192.88999938964844,192.25,192.69000244140625,603585.0
2026-07-29 10:08:00,192.67579650878903,192.78500366210935,192.3500061035156,192.72000122070312,322738.0
2026-07-29 10:09:00,192.7375946044922,192.94000244140625,192.5500030517578,192.66000366210935,311048.0
2026-07-29 10:10:00,192.6100006103516,192.6100006103516,192.17999267578125,192.4158935546875,597414.0
2026-07-29 10:11:00,192.42999267578125,192.4998016357422,192.2400054931641,192.3300018310547,417473.0
2026-07-29 10:12:00,192.30999755859372,192.5500030517578,191.5,191.5330047607422,1079653.0
2026-07-29 10:13:00,191.5449981689453,191.67010498046875,191.1999969482422,191.63999938964844,781780.0
2026-07-29 10:14:00,191.6450042724609,191.82000732421875,191.4900054931641,191.7899932861328,424350.0
2026-07-29 10:15:00,191.7899932861328,192.1300048828125,191.7400054931641,192.0,500030.0
2026-07-29 10:16:00,191.99549865722656,192.28990173339844,191.9705047607422,192.19000244140625,276348.0
2026-07-29 10:17:00,192.1999969482422,192.3500061035156,192.0500030517578,192.07200622558597,303850.0
2026-07-29 10:18:00,192.08999633789065,192.4199981689453,192.07000732421875,192.22999572753903,278843.0
2026-07-29 10:19:00,192.2250061035156,192.2550048828125,192.0,192.1150054931641,228797.0
2026-07-29 10:20:00,192.1300048828125,192.2899932861328,191.94000244140625,192.07000732421875,303450.0
2026-07-29 10:21:00,192.09559631347656,192.47999572753903,192.03500366210935,192.41000366210935,233769.0
2026-07-29 10:22:00,192.3999938964844,192.4696044921875,192.25999450683597,192.40499877929688,242657.0
2026-07-29 10:23:00,192.375,192.375,192.02999877929688,192.0399932861328,200073.0
2026-07-29 10:24:00,192.0399932861328,192.07000732421875,191.57000732421875,191.6499938964844,426511.0
2026-07-29 10:25:00,191.6699981689453,191.6898956298828,191.16000366210935,191.1699981689453,516072.0
2026-07-29 10:26:00,191.19940185546875,191.24560546875,191.00999450683597,191.1100006103516,497561.0
2026-07-29 10:27:00,191.0821075439453,191.1999969482422,190.92300415039065,191.07000732421875,615618.0
2026-07-29 10:28:00,191.09500122070312,191.5,191.0402069091797,191.4750061035156,346449.0
2026-07-29 10:29:00,191.5,191.7400054931641,191.46490478515625,191.63499450683597,384077.0
2026-07-29 10:30:00,191.6100006103516,192.02999877929688,191.5500030517578,191.8300018310547,378147.0
2026-07-29 10:31:00,191.8600006103516,191.97000122070312,191.58999633789065,191.8350067138672,312710.0
2026-07-29 10:32:00,191.8350067138672,192.1118927001953,191.82000732421875,192.07000732421875,230752.0
2026-07-29 10:33:00,192.0749969482422,192.30999755859372,191.8699951171875,191.9600067138672,289173.0
2026-07-29 10:34:00,191.9550018310547,192.07000732421875,191.72000122070312,191.98989868164065,223339.0
2026-07-29 10:35:00,191.9600067138672,191.9750061035156,191.7006072998047,191.8300018310547,204639.0
2026-07-29 10:36:00,191.82980346679688,191.9149932861328,191.6649932861328,191.7899932861328,176223.0
2026-07-29 10:37:00,191.7949981689453,191.9250030517578,191.67990112304688,191.72000122070312,199815.0
2026-07-29 10:38:00,191.7250061035156,191.97000122070312,191.58999633789065,191.9199981689453,231991.0
2026-07-29 10:39:00,191.93499755859372,191.93499755859372,191.51010131835935,191.55999755859372,198737.0
2026-07-29 10:40:00,191.52999877929688,191.6199951171875,191.1300048828125,191.30999755859372,325582.0
2026-07-29 10:41:00,191.28140258789065,191.59500122070312,191.1499938964844,191.1649932861328,429822.0
2026-07-29 10:42:00,191.1649932861328,191.3000030517578,190.97000122070312,191.1100006103516,333461.0
2026-07-29 10:43:00,191.1000061035156,191.3000030517578,191.02999877929688,191.2100067138672,200753.0
2026-07-29 10:44:00,191.15069580078125,191.25,190.9600067138672,191.1100006103516,258773.0
2026-07-29 10:45:00,191.1000061035156,191.26499938964844,191.0249938964844,191.1750030517578,274701.0
2026-07-29 10:46:00,191.1750030517578,191.4499969482422,191.00999450683597,191.3903045654297,248070.0
2026-07-29 10:47:00,191.41000366210935,191.65989685058597,191.38999938964844,191.4149932861328,285850.0
2026-07-29 10:48:00,191.38499450683597,191.5,191.2899932861328,191.44000244140625,196533.0
2026-07-29 10:49:00,191.4499969482422,191.85009765625,191.40499877929688,191.7550048828125,285230.0
2026-07-29 10:50:00,191.7550048828125,191.97000122070312,191.7100067138672,191.96470642089844,228721.0
2026-07-29 10:51:00,191.9250030517578,192.1499938964844,191.83009338378903,191.92010498046875,311607.0
2026-07-29 10:52:00,191.94009399414065,192.47000122070312,191.9239959716797,192.30999755859372,361342.0
2026-07-29 10:53:00,192.2700042724609,192.3600006103516,192.1699981689453,192.2350006103516,241752.0
2026-07-29 10:54:00,192.22999572753903,192.28990173339844,191.95230102539065,192.2550048828125,236830.0
2026-07-29 10:55:00,192.2400054931641,192.33999633789065,191.9499969482422,191.97000122070312,173619.0
2026-07-29 10:56:00,191.9499969482422,192.0948944091797,191.8699951171875,192.07989501953125,252945.0
2026-07-29 10:57:00,192.1300048828125,192.2790069580078,191.97999572753903,192.08990478515625,264615.0
2026-07-29 10:58:00,192.0749969482422,192.3699951171875,192.0399932861328,192.3699951171875,293600.0
2026-07-29 10:59:00,192.3650054931641,192.6300048828125,192.3600006103516,192.4850006103516,356641.0
2026-07-29 11:00:00,192.47999572753903,192.69000244140625,192.22000122070312,192.3249969482422,328966.0
2026-07-29 11:01:00,192.3000030517578,192.75,192.25999450683597,192.7200927734375,238563.0
2026-07-29 11:02:00,192.72000122070312,192.9900054931641,192.6781005859375,192.9149932861328,304122.0
2026-07-29 11:03:00,192.91510009765625,193.0998992919922,192.8699951171875,192.9600067138672,283397.0
2026-07-29 11:04:00,192.9600067138672,193.1580047607422,192.8800048828125,193.1450042724609,209656.0
2026-07-29 11:05:00,193.1150054931641,193.16000366210935,192.7001037597656,192.90499877929688,237976.0
2026-07-29 11:06:00,192.9001007080078,193.1499938964844,192.7400054931641,192.7400054931641,196607.0
2026-07-29 11:07:00,192.7516021728516,192.93499755859372,192.6699981689453,192.93150329589844,213287.0
2026-07-29 11:08:00,192.92999267578125,193.08999633789065,192.8000030517578,192.8000030517578,175954.0
2026-07-29 11:09:00,192.7949981689453,192.95989990234372,192.75,192.88999938964844,143800.0
2026-07-29 11:10:00,192.91000366210935,192.94500732421875,192.64010620117188,192.65499877929688,162610.0
2026-07-29 11:11:00,192.65499877929688,192.6699066162109,192.16000366210935,192.3300018310547,236277.0
2026-07-29 11:12:00,192.33999633789065,192.5449981689453,192.2400054931641,192.3249969482422,295107.0
2026-07-29 11:13:00,192.3000030517578,192.5099029541016,192.27999877929688,192.3600006103516,142209.0
2026-07-29 11:14:00,192.35009765625,192.4750061035156,192.1800994873047,192.38999938964844,214168.0
2026-07-29 11:15:00,192.3950042724609,192.6150054931641,192.22000122070312,192.60009765625,132947.0
2026-07-29 11:16:00,192.6000061035156,192.8300018310547,192.4499969482422,192.7400054931641,230423.0
2026-07-29 11:17:00,192.7250061035156,192.81500244140625,192.38499450683597,192.5749969482422,235307.0
2026-07-29 11:18:00,192.5800018310547,192.83999633789065,192.5800018310547,192.7550048828125,198589.0
2026-07-29 11:19:00,192.7400054931641,192.80979919433597,192.3300018310547,192.3600006103516,193149.0
2026-07-29 11:20:00,192.38999938964844,192.50999450683597,192.2250061035156,192.47999572753903,187604.0
2026-07-29 11:21:00,192.50950622558597,192.5399932861328,192.3600006103516,192.5399932861328,151353.0
2026-07-29 11:22:00,192.5249938964844,192.6199951171875,192.2899932861328,192.5500030517578,142967.0
2026-07-29 11:23:00,192.58999633789065,192.75999450683597,192.57000732421875,192.7400054931641,125891.0
2026-07-29 11:24:00,192.7301025390625,192.83999633789065,192.60499572753903,192.82000732421875,125957.0
2026-07-29 11:25:00,192.8500061035156,192.8999938964844,192.6100006103516,192.875,167495.0
2026-07-29 11:26:00,192.84500122070312,193.1199951171875,192.6199951171875,192.7400054931641,231270.0
2026-07-29 11:27:00,192.75,192.80999755859372,192.55499267578125,192.55999755859372,169813.0
2026-07-29 11:28:00,192.5800018310547,192.6499938964844,192.42999267578125,192.53500366210935,157141.0
2026-07-29 11:29:00,192.52200317382807,192.5800018310547,192.3600006103516,192.375,141925.0
2026-07-29 11:30:00,192.375,192.41000366210935,192.1699981689453,192.3600006103516,211357.0
2026-07-29 11:31:00,192.3500061035156,192.44000244140625,192.21499633789065,192.3800048828125,160353.0
2026-07-29 11:32:00,192.3600006103516,192.41639709472656,192.25,192.31509399414065,100395.0
2026-07-29 11:33:00,192.3199005126953,192.5500030517578,192.1750030517578,192.4600067138672,130511.0
2026-07-29 11:34:00,192.44000244140625,192.53500366210935,192.2400054931641,192.3249969482422,144488.0
2026-07-29 11:35:00,192.33999633789065,192.47000122070312,192.22999572753903,192.38510131835935,174618.0
2026-07-29 11:36:00,192.3699951171875,192.5200042724609,192.34500122070312,192.50999450683597,214613.0
2026-07-29 11:37:00,192.52999877929688,192.6000061035156,192.2400054931641,192.3300018310547,202702.0
2026-07-29 11:38:00,192.3350067138672,192.4499969482422,192.0749969482422,192.13499450683597,200255.0
2026-07-29 11:39:00,192.13499450683597,192.13499450683597,191.84359741210935,191.84359741210935,283424.0
2026-07-29 11:40:00,191.8500061035156,191.9355010986328,191.6999969482422,191.88999938964844,276003.0
2026-07-29 11:41:00,191.8883056640625,192.125,191.8800048828125,192.0200042724609,172546.0
2026-07-29 11:42:00,192.0,192.1000061035156,191.82000732421875,191.85499572753903,180230.0
2026-07-29 11:43:00,191.875,191.90989685058597,191.6499938964844,191.6699981689453,190347.0
2026-07-29 11:44:00,191.6699981689453,191.8260040283203,191.6699981689453,191.75999450683597,172463.0
2026-07-29 11:45:00,191.7400054931641,191.8500061035156,191.6000061035156,191.6649932861328,181177.0
2026-07-29 11:46:00,191.69000244140625,191.9499969482422,191.69000244140625,191.8600006103516,198302.0
2026-07-29 11:47:00,191.86680603027344,191.9600067138672,191.7700042724609,191.90499877929688,131953.0
2026-07-29 11:48:00,191.9199981689453,191.9900054931641,191.75999450683597,191.7700042724609,125420.0
2026-07-29 11:49:00,191.7799072265625,191.8999938964844,191.65499877929688,191.88499450683597,167658.0
2026-07-29 11:50:00,191.8650054931641,191.9499053955078,191.7350006103516,191.91000366210935,164270.0
2026-07-29 11:51:00,191.9149932861328,192.1199951171875,191.87399291992188,192.05999755859372,223433.0
2026-07-29 11:52:00,192.04010009765625,192.11990356445312,191.9205017089844,192.1150054931641,156626.0
2026-07-29 11:53:00,192.11990356445312,192.11990356445312,191.7698974609375,191.84500122070312,140059.0
2026-07-29 11:54:00,191.83999633789065,191.8600006103516,191.4600067138672,191.6000061035156,235592.0
2026-07-29 11:55:00,191.5998992919922,191.7400054931641,191.44000244140625,191.6000061035156,267917.0
2026-07-29 11:56:00,191.5901031494141,191.77999877929688,191.47999572753903,191.72999572753903,179702.0
2026-07-29 11:57:00,191.735107421875,191.9499969482422,191.7350006103516,191.8600006103516,208808.0
2026-07-29 11:58:00,191.8600006103516,191.88999938964844,191.72000122070312,191.8000030517578,175197.0
2026-07-29 11:59:00,191.8000030517578,191.97189331054688,191.8000030517578,191.8600006103516,172078.0
2026-07-29 12:00:00,191.8500061035156,192.1199951171875,191.61700439453125,191.64779663085935,222622.0
2026-07-29 12:01:00,191.66000366210935,191.69000244140625,191.47000122070312,191.6100006103516,124037.0
2026-07-29 12:02:00,191.5850067138672,191.58999633789065,191.33030700683597,191.4149932861328,182454.0
2026-07-29 12:03:00,191.3999938964844,191.5399932861328,191.33999633789065,191.4949951171875,118826.0
2026-07-29 12:04:00,191.4600067138672,191.47000122070312,191.22000122070312,191.3249969482422,321315.0
2026-07-29 12:05:00,191.3500061035156,191.3500061035156,191.00999450683597,191.0500030517578,260100.0
2026-07-29 12:06:00,191.0500030517578,191.1300048828125,190.8800048828125,190.9850006103516,1830437.0
2026-07-29 12:07:00,190.9900054931641,191.05979919433597,190.8000030517578,191.0399932861328,273864.0
2026-07-29 12:08:00,191.05999755859372,191.16000366210935,190.9600067138672,191.09820556640625,187399.0
2026-07-29 12:09:00,191.08999633789065,191.17999267578125,191.0,191.1699981689453,186141.0
2026-07-29 12:10:00,191.1699981689453,191.30999755859372,191.1150054931641,191.2449951171875,163826.0
2026-07-29 12:11:00,191.25999450683597,191.4391021728516,191.24819946289065,191.27999877929688,181233.0
2026-07-29 12:12:00,191.289794921875,191.4600067138672,191.28500366210935,191.32009887695312,154110.0
2026-07-29 12:13:00,191.32000732421875,191.3999938964844,191.1199951171875,191.1699981689453,157170.0
2026-07-29 12:14:00,191.19000244140625,191.2700042724609,190.91009521484372,190.91009521484372,196884.0
2026-07-29 12:15:00,190.91000366210935,191.17999267578125,190.8000030517578,191.0249938964844,281623.0
2026-07-29 12:16:00,191.0399932861328,191.043701171875,190.72999572753903,190.81700134277344,255312.0
2026-07-29 12:17:00,190.80499267578125,190.91000366210935,190.6820068359375,190.8600006103516,293938.0
2026-07-29 12:18:00,190.8600006103516,191.00999450683597,190.81500244140625,190.97979736328125,202223.0
2026-07-29 12:19:00,190.97000122070312,191.1699981689453,190.9644927978516,191.0500030517578,169342.0
2026-07-29 12:20:00,191.0500030517578,191.17999267578125,190.9199981689453,191.17999267578125,187440.0
2026-07-29 12:21:00,191.17999267578125,191.3300018310547,191.08999633789065,191.1000061035156,166339.0
2026-07-29 12:22:00,191.10499572753903,191.360107421875,191.1000061035156,191.32400512695312,201772.0
2026-07-29 12:23:00,191.31500244140625,191.67999267578125,191.3000030517578,191.5,260433.0
2026-07-29 12:24:00,191.48440551757807,191.6199951171875,191.3000030517578,191.48989868164065,208197.0
2026-07-29 12:25:00,191.47999572753903,191.63999938964844,191.4550018310547,191.4900054931641,154849.0
2026-07-29 12:26:00,191.47999572753903,191.58999633789065,191.4199981689453,191.55499267578125,1307580.0
2026-07-29 12:27:00,191.55499267578125,191.57000732421875,191.35389709472656,191.41009521484372,150839.0
2026-07-29 12:28:00,191.3999938964844,191.6300048828125,191.31100463867188,191.52999877929688,140511.0
2026-07-29 12:29:00,191.5200042724609,191.66949462890625,191.5,191.58999633789065,138869.0
2026-07-29 12:30:00,191.5749969482422,191.97999572753903,191.5399932861328,191.8800048828125,270519.0
2026-07-29 12:31:00,191.885498046875,191.9499969482422,191.7100067138672,191.83200073242188,137268.0
2026-07-29 12:32:00,191.83999633789065,191.8500061035156,191.5019073486328,191.6300048828125,108650.0
2026-07-29 12:33:00,191.6699981689453,191.82000732421875,191.6277008056641,191.7008056640625,129836.0
2026-07-29 12:34:00,191.72999572753903,191.8394927978516,191.4850006103516,191.5200042724609,135107.0
2026-07-29 12:35:00,191.5200042724609,191.52679443359372,191.32000732421875,191.3500061035156,127693.0
2026-07-29 12:36:00,191.3600006103516,191.44000244140625,191.27999877929688,191.33990478515625,117131.0
2026-07-29 12:37:00,191.3300018310547,191.6699981689453,191.30999755859372,191.63499450683597,157480.0
2026-07-29 12:38:00,191.66000366210935,191.75,191.5402984619141,191.6199951171875,117256.0
2026-07-29 12:39:00,191.6300048828125,191.88999938964844,191.5850067138672,191.85499572753903,108826.0
2026-07-29 12:40:00,191.8332061767578,191.8500061035156,191.56500244140625,191.7899932861328,152920.0
2026-07-29 12:41:00,191.8000030517578,191.8800048828125,191.6999969482422,191.7100067138672,132973.0
2026-07-29 12:42:00,191.7100067138672,191.7100067138672,191.3650054931641,191.54949951171875,123046.0
2026-07-29 12:43:00,191.5399932861328,191.60989379882807,191.3800048828125,191.4499969482422,79731.0
2026-07-29 12:44:00,191.43499755859372,191.63999938964844,191.41619873046875,191.625,112396.0
2026-07-29 12:45:00,191.59500122070312,191.6300048828125,191.47999572753903,191.53500366210935,103346.0
2026-07-29 12:46:00,191.5500030517578,191.6499938964844,191.5200042724609,191.6300048828125,88531.0
2026-07-29 12:47:00,191.63999938964844,191.88499450683597,191.60009765625,191.7899932861328,131796.0
2026-07-29 12:48:00,191.77999877929688,191.8800048828125,191.67999267578125,191.7250061035156,114986.0
2026-07-29 12:49:00,191.72999572753903,191.94000244140625,191.70989990234372,191.8719940185547,165285.0
2026-07-29 12:50:00,191.88999938964844,191.9600067138672,191.64019775390625,191.80999755859372,203233.0
2026-07-29 12:51:00,191.8000030517578,191.9499969482422,191.75999450683597,191.8000030517578,127781.0
2026-07-29 12:52:00,191.8079071044922,192.1199951171875,191.75999450683597,192.0850067138672,213611.0
2026-07-29 12:53:00,192.0800018310547,192.1699981689453,192.0059967041016,192.10220336914065,137486.0
2026-07-29 12:54:00,192.1000061035156,192.125,191.91000366210935,191.9900054931641,100618.0
2026-07-29 12:55:00,191.9850006103516,192.0,191.8430938720703,191.85009765625,159758.0
2026-07-29 12:56:00,191.8350067138672,191.88999938964844,191.7100067138672,191.8699951171875,141381.0
2026-07-29 12:57:00,191.8699951171875,191.9499969482422,191.7899932861328,191.8699951171875,1634526.0
2026-07-29 12:58:00,191.8670959472656,191.8670959472656,191.6620941162109,191.7749938964844,1417364.0
2026-07-29 12:59:00,191.7899932861328,191.97999572753903,191.7792053222656,191.97000122070312,136154.0
2026-07-29 13:00:00,191.97000122070312,192.04010009765625,191.85499572753903,191.9199981689453,168056.0
2026-07-29 13:01:00,191.9250030517578,192.0800018310547,191.8800048828125,191.94000244140625,194178.0
2026-07-29 13:02:00,191.9304962158203,192.0800018310547,191.91000366210935,191.9250030517578,139116.0
2026-07-29 13:03:00,191.94500732421875,192.2899932861328,191.8800048828125,192.2200927734375,277967.0
2026-07-29 13:04:00,192.2100067138672,192.3999938964844,192.12049865722656,192.3500061035156,304137.0
2026-07-29 13:05:00,192.3500061035156,192.3800048828125,192.19869995117188,192.2700042724609,181991.0
2026-07-29 13:06:00,192.27999877929688,192.5498962402344,192.27999877929688,192.51010131835935,220591.0
2026-07-29 13:07:00,192.52999877929688,192.5919952392578,192.41000366210935,192.4250030517578,233822.0
2026-07-29 13:08:00,192.42999267578125,192.6000061035156,192.33999633789065,192.50999450683597,130014.0
2026-07-29 13:09:00,192.50999450683597,192.5850067138672,192.4499969482422,192.4850006103516,96002.0
2026-07-29 13:10:00,192.49989318847656,192.8600006103516,192.47000122070312,192.75999450683597,244970.0
2026-07-29 13:11:00,192.7400054931641,192.8600006103516,192.6649932861328,192.72999572753903,280330.0
2026-07-29 13:12:00,192.67999267578125,192.68499755859372,192.3600006103516,192.6457977294922,374881.0
2026-07-29 13:13:00,192.66000366210935,192.8999938964844,192.57000732421875,192.7100067138672,527700.0
2026-07-29 13:14:00,192.7100067138672,192.9499969482422,192.6300048828125,192.92999267578125,152615.0
2026-07-29 13:15:00,192.92999267578125,193.02999877929688,192.77999877929688,192.8699951171875,231743.0
2026-07-29 13:16:00,192.8600006103516,192.88999938964844,192.69000244140625,192.72000122070312,151543.0
2026-07-29 13:17:00,192.68499755859372,193.00999450683597,192.6381072998047,192.91319274902344,147333.0
2026-07-29 13:18:00,192.9250030517578,193.0800018310547,192.80999755859372,192.83999633789065,160971.0
2026-07-29 13:19:00,192.8336944580078,192.83999633789065,192.55999755859372,192.66000366210935,163708.0
2026-07-29 13:20:00,192.66000366210935,192.94000244140625,192.6300048828125,192.8650054931641,149430.0
2026-07-29 13:21:00,192.8300018310547,192.9600067138672,192.7700042724609,192.9199981689453,169952.0
2026-07-29 13:22:00,192.94000244140625,192.97000122070312,192.7700042724609,192.8000030517578,165201.0
2026-07-29 13:23:00,192.7899932861328,192.8300018310547,192.6649932861328,192.8000030517578,158735.0
2026-07-29 13:24:00,192.8000030517578,192.82000732421875,192.52999877929688,192.58599853515625,117149.0
2026-07-29 13:25:00,192.5800018310547,192.66000366210935,192.42999267578125,192.47509765625,145963.0
2026-07-29 13:26:00,192.4750061035156,192.67730712890625,192.42999267578125,192.59500122070312,114140.0
2026-07-29 13:27:00,192.60299682617188,192.67999267578125,192.38999938964844,192.4199066162109,129711.0
2026-07-29 13:28:00,192.3999938964844,192.52999877929688,192.30999755859372,192.4786071777344,123115.0
2026-07-29 13:29:00,192.47250366210935,192.47250366210935,192.1300048828125,192.16949462890625,155610.0
2026-07-29 13:30:00,192.110107421875,192.1199951171875,191.7700042724609,191.80999755859372,286271.0
2026-07-29 13:31:00,191.7700042724609,192.0500030517578,191.75999450683597,192.02999877929688,162812.0
2026-07-29 13:32:00,192.0399932861328,192.10459899902344,191.8999938964844,192.0850067138672,188378.0
2026-07-29 13:33:00,192.0850067138672,192.32989501953125,192.0850067138672,192.27999877929688,170950.0
2026-07-29 13:34:00,192.2899932861328,192.3300018310547,192.0800018310547,192.22000122070312,138100.0
2026-07-29 13:35:00,192.1750030517578,192.2344970703125,191.97999572753903,192.1100006103516,149688.0
2026-07-29 13:36:00,192.1100006103516,192.19000244140625,191.91000366210935,191.9149932861328,119933.0
2026-07-29 13:37:00,191.9001007080078,192.08990478515625,191.8000030517578,192.0500030517578,155246.0
2026-07-29 13:38:00,192.05999755859372,192.18130493164065,192.0,192.0200958251953,99375.0
2026-07-29 13:39:00,192.05499267578125,192.2191925048828,192.02870178222656,192.1300048828125,82719.0
2026-07-29 13:40:00,192.1150054931641,192.2198944091797,192.0800018310547,192.1300048828125,155425.0
2026-07-29 13:41:00,192.1300048828125,192.2899932861328,192.0800018310547,192.21499633789065,105626.0
2026-07-29 13:42:00,192.2400054931641,192.30880737304688,192.03050231933597,192.0500030517578,141905.0
2026-07-29 13:43:00,192.0579071044922,192.1336975097656,191.9199981689453,192.09500122070312,190690.0
2026-07-29 13:44:00,192.09500122070312,192.1499938964844,191.92999267578125,192.05999755859372,309187.0
2026-07-29 13:45:00,192.07000732421875,192.14930725097656,191.92999267578125,191.9600067138672,113656.0
2026-07-29 13:46:00,191.94000244140625,191.94000244140625,191.7100067138672,191.8500061035156,154277.0
2026-07-29 13:47:00,191.8600006103516,191.976806640625,191.82000732421875,191.97000122070312,125519.0
2026-07-29 13:48:00,191.97999572753903,192.1699981689453,191.9149932861328,192.15499877929688,237126.0
2026-07-29 13:49:00,192.14630126953125,192.2100067138672,192.05999755859372,192.1199951171875,149441.0
2026-07-29 13:50:00,192.13999938964844,192.3500061035156,192.1000061035156,192.3500061035156,165274.0
2026-07-29 13:51:00,192.32000732421875,192.4900054931641,192.32000732421875,192.41000366210935,99932.0
2026-07-29 13:52:00,192.3999938964844,192.5,192.32000732421875,192.3300018310547,125703.0
2026-07-29 13:53:00,192.3300018310547,192.4600067138672,192.3300018310547,192.35499572753903,110726.0
2026-07-29 13:54:00,192.3600006103516,192.3650054931641,192.17999267578125,192.22000122070312,138532.0
2026-07-29 13:55:00,192.21499633789065,192.31179809570312,192.05999755859372,192.1199951171875,162036.0
2026-07-29 13:56:00,192.1199951171875,192.14990234375,191.9600067138672,192.0135040283203,124763.0
2026-07-29 13:57:00,192.0200042724609,192.0800018310547,191.9600067138672,192.02999877929688,132320.0
2026-07-29 13:58:00,192.03970336914065,192.17999267578125,191.9163055419922,192.17999267578125,172524.0
2026-07-29 13:59:00,192.1551971435547,192.35299682617188,192.0751037597656,192.32000732421875,143613.0
2026-07-29 14:00:00,192.3500061035156,193.1999969482422,192.30499267578125,193.1000061035156,622842.0
2026-07-29 14:01:00,193.0399932861328,193.50999450683597,192.7010040283203,193.46499633789065,563665.0
2026-07-29 14:02:00,193.4499969482422,193.75999450683597,193.3155059814453,193.3249969482422,1921050.0
2026-07-29 14:03:00,193.3500061035156,193.53900146484372,193.13999938964844,193.25999450683597,341823.0
2026-07-29 14:04:00,193.25680541992188,193.27999877929688,192.82009887695312,192.93499755859372,359519.0
2026-07-29 14:05:00,192.92010498046875,193.47000122070312,192.8800048828125,193.47000122070312,259728.0
2026-07-29 14:06:00,193.47000122070312,193.92999267578125,193.4499969482422,193.86380004882807,352495.0
2026-07-29 14:07:00,193.8600006103516,194.0570068359375,193.84429931640625,193.94000244140625,350354.0
2026-07-29 14:08:00,193.92999267578125,193.92999267578125,193.5399932861328,193.7749938964844,256949.0
2026-07-29 14:09:00,193.78500366210935,193.875,193.5225067138672,193.8600006103516,235741.0
2026-07-29 14:10:00,193.83999633789065,194.0,193.6199951171875,193.72300720214844,359302.0
2026-07-29 14:11:00,193.7050018310547,193.718994140625,193.160400390625,193.44000244140625,312628.0
2026-07-29 14:12:00,193.45669555664065,193.5500030517578,193.0,193.1450042724609,393146.0
2026-07-29 14:13:00,193.1499938964844,193.25,192.8300018310547,192.8699951171875,204674.0
2026-07-29 14:14:00,192.88499450683597,193.0200042724609,192.67999267578125,192.83999633789065,282114.0
2026-07-29 14:15:00,192.7899932861328,193.28990173339844,192.7899932861328,193.07000732421875,194286.0
2026-07-29 14:16:00,193.0843048095703,193.3000030517578,193.02999877929688,193.139892578125,148555.0
2026-07-29 14:17:00,193.139892578125,193.1699981689453,192.6699981689453,192.88780212402344,151306.0
2026-07-29 14:18:00,192.89990234375,192.91000366210935,192.63499450683597,192.66000366210935,162374.0
2026-07-29 14:19:00,192.68370056152344,192.6898956298828,192.3999938964844,192.6100006103516,166205.0
2026-07-29 14:20:00,192.6199951171875,192.75999450683597,192.38999938964844,192.66000366210935,123849.0
2026-07-29 14:21:00,192.6499938964844,192.88999938964844,192.5225982666016,192.59500122070312,130940.0
2026-07-29 14:22:00,192.57000732421875,192.72999572753903,192.4199981689453,192.7100067138672,132514.0
2026-07-29 14:23:00,192.72000122070312,192.8999938964844,192.6750030517578,192.7449951171875,197343.0
2026-07-29 14:24:00,192.79510498046875,193.13999938964844,192.75999450683597,192.9900054931641,181447.0
2026-07-29 14:25:00,192.9900054931641,193.05999755859372,192.7700042724609,192.92999267578125,140431.0
2026-07-29 14:26:00,192.9499969482422,193.1199951171875,192.8220977783203,192.8999938964844,128066.0
2026-07-29 14:27:00,192.8999938964844,192.92449951171875,192.7550048828125,192.88499450683597,130262.0
2026-07-29 14:28:00,192.875,193.07000732421875,192.7700958251953,192.94129943847656,116692.0
2026-07-29 14:29:00,192.94500732421875,193.1999969482422,192.8800048828125,193.1999969482422,159928.0
2026-07-29 14:30:00,193.17100524902344,193.4900054931641,193.17100524902344,193.3701019287109,201022.0
2026-07-29 14:31:00,193.3699951171875,193.5800018310547,193.05999755859372,193.1100006103516,296941.0
2026-07-29 14:32:00,193.0800018310547,193.2700042724609,192.72000122070312,193.07009887695312,213251.0
2026-07-29 14:33:00,193.0850067138672,193.2899932861328,192.83999633789065,193.10989379882807,196429.0
2026-07-29 14:34:00,193.1199951171875,193.18499755859372,192.9199981689453,193.08999633789065,86797.0
2026-07-29 14:35:00,193.110107421875,193.2100067138672,192.83599853515625,193.04510498046875,157782.0
2026-07-29 14:36:00,193.0500030517578,193.42990112304688,192.9304962158203,193.4149932861328,135479.0
2026-07-29 14:37:00,193.41000366210935,193.83999633789065,193.3500061035156,193.75999450683597,207839.0
2026-07-29 14:38:00,193.77999877929688,194.47999572753903,193.75999450683597,194.3000030517578,340216.0
2026-07-29 14:39:00,194.2899932861328,194.3999938964844,193.93499755859372,194.2001037597656,282016.0
2026-07-29 14:40:00,194.2100067138672,194.7895965576172,194.1699981689453,194.6300048828125,345885.0
2026-07-29 14:41:00,194.66000366210935,195.0800018310547,194.6450042724609,194.8699951171875,455399.0
2026-07-29 14:42:00,194.88180541992188,194.97999572753903,194.6100006103516,194.8500061035156,262836.0
2026-07-29 14:43:00,194.85499572753903,195.1999969482422,194.7350006103516,195.1750030517578,347027.0
2026-07-29 14:44:00,195.16000366210935,195.5500030517578,195.1000061035156,195.4698944091797,400227.0
2026-07-29 14:45:00,195.4499969482422,195.6699981689453,195.2368011474609,195.38999938964844,285095.0
2026-07-29 14:46:00,195.41000366210935,195.6699066162109,195.27999877929688,195.5500030517578,333003.0
2026-07-29 14:47:00,195.5500030517578,196.0,195.3800048828125,195.8000030517578,409527.0
2026-07-29 14:48:00,195.81500244140625,195.9488067626953,195.44000244140625,195.6100006103516,262196.0
2026-07-29 14:49:00,195.5800018310547,196.0800018310547,195.5511932373047,195.9600067138672,318485.0
2026-07-29 14:50:00,195.97000122070312,196.0800018310547,195.7899932861328,195.9199981689453,276049.0
2026-07-29 14:51:00,195.93499755859372,195.93499755859372,195.5655059814453,195.9199981689453,259837.0
2026-07-29 14:52:00,195.9600067138672,196.0870056152344,195.8401031494141,195.8699951171875,207106.0
2026-07-29 14:53:00,195.88999938964844,196.1199951171875,195.85009765625,195.875,228461.0
2026-07-29 14:54:00,195.8600006103516,196.02999877929688,195.81430053710935,195.97999572753903,244084.0
2026-07-29 14:55:00,196.0200042724609,196.17999267578125,195.88999938964844,196.07000732421875,292063.0
2026-07-29 14:56:00,196.08009338378903,196.08009338378903,195.6699981689453,195.68499755859372,232737.0
2026-07-29 14:57:00,195.67999267578125,195.88999938964844,195.4600982666016,195.8520050048828,332810.0
2026-07-29 14:58:00,195.8699951171875,196.07000732421875,195.8000030517578,195.8999938964844,240096.0
2026-07-29 14:59:00,195.9199066162109,195.9398956298828,195.6699981689453,195.9398956298828,175253.0
2026-07-29 15:00:00,195.9300994873047,196.06500244140625,195.58999633789065,195.7400054931641,261496.0
2026-07-29 15:01:00,195.72999572753903,196.22999572753903,195.6699981689453,196.22999572753903,235587.0
2026-07-29 15:02:00,196.1999969482422,196.32989501953125,196.0399932861328,196.09280395507807,199945.0
2026-07-29 15:03:00,196.09500122070312,196.09500122070312,195.7350006103516,195.8600006103516,238371.0
2026-07-29 15:04:00,195.88999938964844,195.8999938964844,195.3300018310547,195.6000061035156,235154.0
2026-07-29 15:05:00,195.61990356445312,195.6300048828125,195.0749969482422,195.13009643554688,239733.0
2026-07-29 15:06:00,195.13999938964844,195.3600006103516,195.02999877929688,195.13999938964844,192234.0
2026-07-29 15:07:00,195.13999938964844,195.13999938964844,194.6199951171875,194.63999938964844,251411.0
2026-07-29 15:08:00,194.6649932861328,194.8999938964844,194.47999572753903,194.6100006103516,238494.0
2026-07-29 15:09:00,194.625,194.75999450683597,194.50999450683597,194.5200042724609,167059.0
2026-07-29 15:10:00,194.50050354003903,194.6499938964844,194.19500732421875,194.35499572753903,227915.0
2026-07-29 15:11:00,194.35690307617188,194.8500061035156,194.34500122070312,194.8249969482422,233433.0
2026-07-29 15:12:00,194.80999755859372,194.97999572753903,194.50999450683597,194.7400054931641,243461.0
2026-07-29 15:13:00,194.75,195.11990356445312,194.75,194.92999267578125,326047.0
2026-07-29 15:14:00,194.93499755859372,195.0399932861328,194.7899932861328,194.8800048828125,181810.0
2026-07-29 15:15:00,194.875,195.1000061035156,194.6999969482422,195.07000732421875,328037.0
2026-07-29 15:16:00,195.1186065673828,195.1186065673828,194.5500030517578,194.6649932861328,238508.0
2026-07-29 15:17:00,194.66000366210935,194.7845001220703,194.2400054931641,194.25,182131.0
2026-07-29 15:18:00,194.2400054931641,194.25999450683597,193.9600982666016,194.2050018310547,278577.0
2026-07-29 15:19:00,194.17999267578125,194.3199005126953,194.08999633789065,194.2250061035156,171440.0
2026-07-29 15:20:00,194.2100067138672,194.2400054931641,193.8800048828125,193.9149932861328,186903.0
2026-07-29 15:21:00,193.8999938964844,193.94000244140625,193.25999450683597,193.3699951171875,724366.0
2026-07-29 15:22:00,193.38999938964844,193.47999572753903,192.88999938964844,193.3300018310547,318580.0
2026-07-29 15:23:00,193.30999755859372,193.38999938964844,193.1300048828125,193.2700042724609,262442.0
2026-07-29 15:24:00,193.27999877929688,193.4900054931641,193.08999633789065,193.1499938964844,296408.0
2026-07-29 15:25:00,193.1300048828125,193.3074951171875,192.92999267578125,192.95150756835935,346419.0
2026-07-29 15:26:00,192.9900054931641,193.00999450683597,192.56500244140625,192.80999755859372,323030.0
2026-07-29 15:27:00,192.80499267578125,193.0800018310547,192.58999633789065,192.92999267578125,220458.0
2026-07-29 15:28:00,192.88499450683597,193.1000061035156,192.82000732421875,193.0,238844.0
2026-07-29 15:29:00,192.9600067138672,193.38999938964844,192.91009521484372,193.3699951171875,210940.0
2026-07-29 15:30:00,193.3800048828125,193.6699981689453,193.28500366210935,193.57009887695312,316107.0
2026-07-29 15:31:00,193.58999633789065,193.7550048828125,193.1000061035156,193.27999877929688,267589.0
2026-07-29 15:32:00,193.27999877929688,193.3500061035156,192.8500061035156,193.0050048828125,193886.0
2026-07-29 15:33:00,193.0200042724609,193.0399932861328,192.25,192.2899932861328,346886.0
2026-07-29 15:34:00,192.2899932861328,192.341796875,191.91000366210935,192.2550048828125,458842.0
2026-07-29 15:35:00,192.24090576171875,192.44000244140625,192.07000732421875,192.22999572753903,234558.0
2026-07-29 15:36:00,192.2449951171875,192.5500030517578,192.1649932861328,192.485107421875,253835.0
2026-07-29 15:37:00,192.49459838867188,192.5249938964844,191.83999633789065,191.8600006103516,416704.0
2026-07-29 15:38:00,191.8999938964844,191.8999938964844,191.5,191.5760955810547,456303.0
2026-07-29 15:39:00,191.58999633789065,191.63999938964844,191.375,191.44000244140625,397368.0
2026-07-29 15:40:00,191.44000244140625,191.55990600585935,191.0319976806641,191.55990600585935,459127.0
2026-07-29 15:41:00,191.5500030517578,191.9250030517578,191.54769897460935,191.80999755859372,385292.0
2026-07-29 15:42:00,191.80499267578125,191.9900054931641,191.72000122070312,191.77999877929688,299829.0
2026-07-29 15:43:00,191.7899932861328,191.8699951171875,191.5200042724609,191.7550048828125,248981.0
2026-07-29 15:44:00,191.7400054931641,191.7689971923828,191.3300018310547,191.47999572753903,254163.0
2026-07-29 15:45:00,191.4600067138672,191.5800018310547,191.2899932861328,191.35499572753903,330280.0
2026-07-29 15:46:00,191.3300018310547,191.58999633789065,191.25,191.3000030517578,315076.0
2026-07-29 15:47:00,191.32000732421875,191.5200042724609,191.1499938964844,191.43499755859372,449600.0
2026-07-29 15:48:00,191.4499053955078,191.8300018310547,191.41000366210935,191.8000030517578,330911.0
2026-07-29 15:49:00,191.75,192.3000030517578,191.58999633789065,192.1699981689453,506422.0
2026-07-29 15:50:00,192.05999755859372,192.0800018310547,191.5,191.76499938964844,595049.0
2026-07-29 15:51:00,191.7550048828125,191.7899932861328,191.41000366210935,191.66000366210935,452363.0
2026-07-29 15:52:00,191.6699981689453,191.72999572753903,191.22000122070312,191.49989318847656,502923.0
2026-07-29 15:53:00,191.5,191.75999450683597,191.32000732421875,191.68499755859372,650383.0
2026-07-29 15:54:00,191.63999938964844,191.9900054931641,191.25,191.3699951171875,675245.0
2026-07-29 15:55:00,191.3500061035156,191.3500061035156,190.13999938964844,190.33999633789065,2112827.0
2026-07-29 15:56:00,190.3600006103516,190.6000061035156,190.1699981689453,190.4199981689453,1116457.0
2026-07-29 15:57:00,190.41000366210935,190.44509887695312,190.07000732421875,190.1199951171875,1454430.0
2026-07-29 15:58:00,190.1199951171875,190.3699951171875,190.03500366210935,190.3000030517578,1925866.0
2026-07-29 15:59:00,190.30999755859372,190.4600067138672,190.0200042724609,190.05999755859372,4606842.0
2026-07-30 09:30:00,193.4499969482422,193.5,192.1999969482422,192.3511962890625,5593821.0
2026-07-30 09:31:00,192.27999877929688,192.75999450683597,192.05999755859372,192.4830017089844,782834.0
2026-07-30 09:32:00,192.4900054931641,192.8000030517578,191.72999572753903,192.40499877929688,704149.0
2026-07-30 09:33:00,192.44000244140625,192.92999267578125,191.94000244140625,192.88999938964844,651161.0
2026-07-30 09:34:00,192.88999938964844,193.1999969482422,191.94000244140625,192.1300048828125,712154.0
2026-07-30 09:35:00,192.1100006103516,192.47000122070312,191.83999633789065,192.44500732421875,479301.0
2026-07-30 09:36:00,192.43499755859372,192.6100006103516,192.02999877929688,192.17999267578125,453643.0
2026-07-30 09:37:00,192.1750030517578,192.3699951171875,191.5200042724609,191.8000030517578,583959.0
2026-07-30 09:38:00,191.7899932861328,192.5500030517578,191.6300048828125,192.07000732421875,646813.0
2026-07-30 09:39:00,192.1100006103516,192.59100341796875,192.0,192.5249938964844,588932.0
2026-07-30 09:40:00,192.51499938964844,192.6999969482422,192.11019897460935,192.5050048828125,512267.0
2026-07-30 09:41:00,192.4900054931641,192.67999267578125,192.0205993652344,192.06500244140625,457219.0
2026-07-30 09:42:00,192.06700134277344,192.31500244140625,191.9199981689453,192.1000061035156,555057.0
2026-07-30 09:43:00,192.1150054931641,192.5500030517578,191.9900054931641,192.3999938964844,444250.0
2026-07-30 09:44:00,192.38999938964844,192.6499938964844,192.3300018310547,192.44000244140625,468350.0
2026-07-30 09:45:00,192.3999938964844,192.68130493164065,192.38999938964844,192.56500244140625,405845.0
2026-07-30 09:46:00,192.52999877929688,193.1699981689453,192.52999877929688,193.10499572753903,585067.0
2026-07-30 09:47:00,193.10499572753903,193.47000122070312,193.00999450683597,193.3800048828125,697529.0
2026-07-30 09:48:00,193.3999938964844,193.41000366210935,193.0200042724609,193.07000732421875,451366.0
2026-07-30 09:49:00,193.0500030517578,193.57000732421875,193.02999877929688,193.3699951171875,514903.0
2026-07-30 09:50:00,193.3800048828125,193.88999938964844,192.9600982666016,193.80999755859372,713550.0
2026-07-30 09:51:00,193.8000030517578,194.22999572753903,193.7700042724609,194.1999969482422,609415.0
2026-07-30 09:52:00,194.18499755859372,194.2400054931641,193.80999755859372,194.03140258789065,628273.0
2026-07-30 09:53:00,194.0399932861328,194.19000244140625,193.8500061035156,193.91200256347656,676656.0
2026-07-30 09:54:00,193.8800048828125,194.32000732421875,193.8800048828125,194.15220642089844,465944.0
2026-07-30 09:55:00,194.14990234375,194.62989807128903,194.0500030517578,194.38499450683597,589514.0
2026-07-30 09:56:00,194.389892578125,194.5200042724609,194.03500366210935,194.25999450683597,430498.0
2026-07-30 09:57:00,194.2550048828125,194.7100067138672,194.1300048828125,194.6000061035156,434619.0
2026-07-30 09:58:00,194.625,194.8699951171875,194.30999755859372,194.8500061035156,416071.0
2026-07-30 09:59:00,194.85499572753903,195.6000061035156,194.75,195.5352020263672,921725.0
2026-07-30 10:00:00,195.52999877929688,195.92999267578125,195.47999572753903,195.91000366210935,652625.0
2026-07-30 10:01:00,195.9199066162109,196.2194061279297,195.8000030517578,196.19000244140625,730671.0
2026-07-30 10:02:00,196.19000244140625,196.32989501953125,195.8500061035156,195.91000366210935,616272.0
2026-07-30 10:03:00,195.8999938964844,196.19000244140625,195.64419555664065,196.1499938964844,465017.0
2026-07-30 10:04:00,196.1150054931641,196.3999938964844,196.05999755859372,196.1199951171875,443631.0
2026-07-30 10:05:00,196.1199951171875,196.33999633789065,196.00999450683597,196.1479949951172,387334.0
2026-07-30 10:06:00,196.1300048828125,196.13999938964844,195.6999969482422,195.72000122070312,414376.0
2026-07-30 10:07:00,195.72999572753903,195.8800048828125,195.35499572753903,195.3800048828125,365816.0
2026-07-30 10:08:00,195.38299560546875,195.41000366210935,195.1699981689453,195.25999450683597,375898.0
2026-07-30 10:09:00,195.25,195.32000732421875,195.08999633789065,195.22000122070312,288115.0
2026-07-30 10:10:00,195.2700042724609,195.3600006103516,194.94000244140625,195.13499450683597,386642.0
2026-07-30 10:11:00,195.1100006103516,195.2642974853516,194.9199981689453,195.22999572753903,288289.0
2026-07-30 10:12:00,195.25,195.63499450683597,195.07000732421875,195.57000732421875,365798.0
2026-07-30 10:13:00,195.6000061035156,195.65809631347656,195.3600006103516,195.52999877929688,281023.0
2026-07-30 10:14:00,195.5319061279297,195.8498992919922,195.5200042724609,195.77999877929688,338250.0
2026-07-30 10:15:00,195.7899932861328,195.96499633789065,195.69000244140625,195.7301025390625,380629.0
2026-07-30 10:16:00,195.75,195.81500244140625,195.44000244140625,195.81500244140625,282282.0
2026-07-30 10:17:00,195.8000030517578,195.93499755859372,195.5800018310547,195.6100006103516,256445.0
2026-07-30 10:18:00,195.59500122070312,195.66000366210935,195.28050231933597,195.60499572753903,366397.0
2026-07-30 10:19:00,195.60499572753903,195.75,195.46499633789065,195.6100006103516,240557.0
2026-07-30 10:20:00,195.6199951171875,195.8600006103516,195.51499938964844,195.85499572753903,276358.0
2026-07-30 10:21:00,195.85910034179688,196.47000122070312,195.8484039306641,196.44500732421875,514677.0
2026-07-30 10:22:00,196.43809509277344,196.50999450683597,196.2700042724609,196.4199981689453,353767.0
2026-07-30 10:23:00,196.42999267578125,196.6499938964844,196.4199981689453,196.55499267578125,352914.0
2026-07-30 10:24:00,196.56500244140625,196.83999633789065,196.5,196.55799865722656,490240.0
2026-07-30 10:25:00,196.5500030517578,196.67999267578125,196.5,196.6100006103516,248036.0
2026-07-30 10:26:00,196.610107421875,196.69500732421875,196.3072052001953,196.53500366210935,422645.0
2026-07-30 10:27:00,196.5399932861328,196.8600006103516,196.3999938964844,196.8500061035156,295575.0
2026-07-30 10:28:00,196.83999633789065,197.17999267578125,196.80999755859372,196.81500244140625,517439.0
2026-07-30 10:29:00,196.81500244140625,196.91000366210935,196.77999877929688,196.80999755859372,265460.0
2026-07-30 10:30:00,196.80999755859372,196.83990478515625,196.5,196.75999450683597,316331.0
2026-07-30 10:31:00,196.75999450683597,197.07000732421875,196.6300048828125,197.0,284399.0
2026-07-30 10:32:00,196.9850006103516,197.17999267578125,196.80999755859372,197.1501007080078,273645.0
2026-07-30 10:33:00,197.1499938964844,197.2400054931641,197.02040100097656,197.1000061035156,422085.0
2026-07-30 10:34:00,197.08999633789065,197.25,196.9705047607422,197.2350006103516,439739.0
2026-07-30 10:35:00,197.22000122070312,197.22999572753903,196.8699951171875,197.0498962402344,398801.0
2026-07-30 10:36:00,197.0301055908203,197.10499572753903,196.8600006103516,197.0399932861328,399614.0
2026-07-30 10:37:00,197.0500030517578,197.06979370117188,196.55999755859372,196.625,379474.0
2026-07-30 10:38:00,196.62130737304688,196.62130737304688,196.1199951171875,196.16409301757807,388659.0
2026-07-30 10:39:00,196.1699981689453,196.3280029296875,196.0800018310547,196.27999877929688,200528.0
2026-07-30 10:40:00,196.28509521484372,196.5500030517578,196.27099609375,196.43499755859372,251279.0
2026-07-30 10:41:00,196.42999267578125,196.6199951171875,196.3800048828125,196.47999572753903,249798.0
2026-07-30 10:42:00,196.4750061035156,196.5500030517578,196.3699951171875,196.47000122070312,218126.0
2026-07-30 10:43:00,196.4900054931641,196.4900054931641,196.1000061035156,196.1300048828125,249287.0
2026-07-30 10:44:00,196.13999938964844,196.25999450683597,195.91000366210935,195.97999572753903,349322.0
2026-07-30 10:45:00,195.9550018310547,196.0,195.5500030517578,195.6739959716797,352619.0
2026-07-30 10:46:00,195.67999267578125,195.72999572753903,195.22000122070312,195.2998962402344,318093.0
2026-07-30 10:47:00,195.25999450683597,195.3699951171875,195.1100006103516,195.14990234375,495527.0
2026-07-30 10:48:00,195.139892578125,195.55999755859372,195.0500030517578,195.5500030517578,304893.0
2026-07-30 10:49:00,195.5449981689453,195.6490936279297,195.30999755859372,195.6000061035156,264623.0
2026-07-30 10:50:00,195.60499572753903,195.639892578125,195.33999633789065,195.37440490722656,300068.0
2026-07-30 10:51:00,195.38999938964844,195.52999877929688,195.13499450683597,195.19000244140625,363686.0
2026-07-30 10:52:00,195.2100067138672,195.3699951171875,195.1300048828125,195.1649932861328,242856.0
2026-07-30 10:53:00,195.1649932861328,195.25,195.07000732421875,195.1199951171875,277186.0
2026-07-30 10:54:00,195.09500122070312,195.125,194.7100982666016,194.87989807128903,345180.0
2026-07-30 10:55:00,194.8820037841797,194.9149932861328,194.6529998779297,194.75,412779.0
2026-07-30 10:56:00,194.7449951171875,194.8000030517578,194.27999877929688,194.3000030517578,532738.0
2026-07-30 10:57:00,194.30499267578125,194.95989990234372,194.2400054931641,194.875,329283.0
2026-07-30 10:58:00,194.8699951171875,195.0399932861328,194.74009704589844,194.80999755859372,701163.0
2026-07-30 10:59:00,194.80999755859372,194.97999572753903,194.7991943359375,194.87730407714844,239316.0
2026-07-30 11:00:00,194.88999938964844,194.9199981689453,194.4080047607422,194.46499633789065,294564.0
2026-07-30 11:01:00,194.4557037353516,194.6699981689453,194.3300018310547,194.44000244140625,280616.0
2026-07-30 11:02:00,194.44000244140625,194.92999267578125,194.3699951171875,194.9199981689453,289120.0
2026-07-30 11:03:00,194.92999267578125,195.07000732421875,194.8300018310547,195.0621032714844,373101.0
2026-07-30 11:04:00,195.07000732421875,195.1475982666016,194.80999755859372,195.1199951171875,311647.0
2026-07-30 11:05:00,195.1150054931641,195.3249969482422,195.07000732421875,195.1499938964844,358341.0
2026-07-30 11:06:00,195.19000244140625,195.2050018310547,194.7301025390625,194.7709045410156,313963.0
2026-07-30 11:07:00,194.77999877929688,194.77999877929688,194.5200042724609,194.5998992919922,206507.0
2026-07-30 11:08:00,194.5500030517578,194.88499450683597,194.50999450683597,194.8650054931641,203919.0
2026-07-30 11:09:00,194.8699951171875,195.25999450683597,194.8603973388672,195.2400054931641,246696.0
2026-07-30 11:10:00,195.21499633789065,195.22999572753903,194.6100006103516,194.72000122070312,233369.0
2026-07-30 11:11:00,194.6999969482422,194.7700042724609,194.3800048828125,194.4199981689453,275479.0
2026-07-30 11:12:00,194.38999938964844,194.52999877929688,194.30999755859372,194.44000244140625,182283.0
2026-07-30 11:13:00,194.42999267578125,194.42999267578125,194.04010009765625,194.25,311603.0
2026-07-30 11:14:00,194.22000122070312,194.41000366210935,194.1356964111328,194.30499267578125,195889.0
2026-07-30 11:15:00,194.3000030517578,194.47000122070312,194.17999267578125,194.47000122070312,213075.0
2026-07-30 11:16:00,194.46499633789065,194.5399932861328,194.2700042724609,194.29010009765625,173225.0
2026-07-30 11:17:00,194.30999755859372,194.42739868164065,194.07000732421875,194.1199951171875,665224.0
2026-07-30 11:18:00,194.10499572753903,194.22999572753903,193.8999938964844,194.07000732421875,539309.0
2026-07-30 11:19:00,194.07000732421875,194.16000366210935,193.7653045654297,193.80999755859372,371557.0
2026-07-30 11:20:00,193.8002014160156,193.9967041015625,193.75,193.91000366210935,255405.0
2026-07-30 11:21:00,193.88999938964844,194.22999572753903,193.88999938964844,193.9759979248047,249047.0
2026-07-30 11:22:00,193.99989318847656,194.0200042724609,193.75999450683597,193.8800048828125,241757.0
2026-07-30 11:23:00,193.85009765625,193.8699951171875,193.5,193.78500366210935,321670.0
2026-07-30 11:24:00,193.78500366210935,193.91000366210935,193.6004943847656,193.8800048828125,357033.0
2026-07-30 11:25:00,193.87989807128903,194.1699981689453,193.7606964111328,193.83999633789065,236503.0
2026-07-30 11:26:00,193.8249969482422,193.83999633789065,193.43499755859372,193.8300018310547,274357.0
2026-07-30 11:27:00,193.8300018310547,193.94000244140625,193.6199951171875,193.6199951171875,194608.0
2026-07-30 11:28:00,193.6020965576172,193.72999572753903,193.4499969482422,193.6699981689453,204096.0
2026-07-30 11:29:00,193.67999267578125,193.8000030517578,193.47999572753903,193.50999450683597,363362.0
2026-07-30 11:30:00,193.50999450683597,193.58999633789065,193.16000366210935,193.1999969482422,314424.0
2026-07-30 11:31:00,193.2100067138672,193.389892578125,193.1199951171875,193.32000732421875,211633.0
2026-07-30 11:32:00,193.31500244140625,193.43499755859372,193.25,193.29010009765625,165899.0
2026-07-30 11:33:00,193.2736968994141,193.50999450683597,193.21099853515625,193.47999572753903,230368.0
2026-07-30 11:34:00,193.50999450683597,193.52999877929688,193.22000122070312,193.4199981689453,332541.0
2026-07-30 11:35:00,193.41000366210935,193.50909423828125,193.1499938964844,193.17010498046875,251473.0
2026-07-30 11:36:00,193.17999267578125,193.4199981689453,193.17630004882807,193.41000366210935,156441.0
2026-07-30 11:37:00,193.41000366210935,193.4127960205078,192.91000366210935,192.91000366210935,507890.0
2026-07-30 11:38:00,192.9149932861328,193.08999633789065,192.83090209960935,193.01499938964844,256039.0
2026-07-30 11:39:00,193.0200042724609,193.21499633789065,192.9600067138672,193.17999267578125,209212.0
2026-07-30 11:40:00,193.18499755859372,193.25999450683597,192.9600067138672,193.1000061035156,241409.0
2026-07-30 11:41:00,193.0850067138672,193.22349548339844,193.0399932861328,193.1300048828125,187688.0
2026-07-30 11:42:00,193.1450042724609,193.17999267578125,192.9438018798828,193.13499450683597,196811.0
2026-07-30 11:43:00,193.1454925537109,193.2700042724609,193.1000061035156,193.26499938964844,194944.0
2026-07-30 11:44:00,193.2718963623047,193.4199981689453,193.1499938964844,193.1499938964844,258397.0
2026-07-30 11:45:00,193.1699981689453,193.3500061035156,193.1649932861328,193.2700042724609,262547.0
2026-07-30 11:46:00,193.27999877929688,193.35780334472656,193.22000122070312,193.3300018310547,311182.0
2026-07-30 11:47:00,193.3300018310547,193.5200042724609,193.2899932861328,193.40989685058597,373076.0
2026-07-30 11:48:00,193.3999938964844,193.41000366210935,193.19000244140625,193.30999755859372,288851.0
2026-07-30 11:49:00,193.27999877929688,193.4199981689453,193.14419555664065,193.40499877929688,218888.0
2026-07-30 11:50:00,193.41000366210935,193.4600067138672,193.0,193.0500030517578,229369.0
2026-07-30 11:51:00,193.0449981689453,193.2899932861328,192.9499969482422,193.27999877929688,261507.0
2026-07-30 11:52:00,193.2386932373047,193.24989318847656,192.72999572753903,192.8600006103516,281287.0
2026-07-30 11:53:00,192.8600006103516,193.07000732421875,192.7899932861328,193.0399932861328,216151.0
2026-07-30 11:54:00,193.0500030517578,193.1728057861328,192.8999938964844,193.1699981689453,197706.0
2026-07-30 11:55:00,193.1501007080078,193.25,193.00010681152344,193.01319885253903,233022.0
2026-07-30 11:56:00,193.0200042724609,193.13999938964844,192.97999572753903,192.9900054931641,117043.0
2026-07-30 11:57:00,192.9900054931641,193.32000732421875,192.94500732421875,193.30999755859372,322136.0
2026-07-30 11:58:00,193.32000732421875,193.37179565429688,193.1199951171875,193.13999938964844,254023.0
2026-07-30 11:59:00,193.1194000244141,193.17999267578125,192.91000366210935,193.11090087890625,193319.0
2026-07-30 12:00:00,193.1199951171875,193.1199951171875,192.9750061035156,192.97999572753903,194522.0
2026-07-30 12:01:00,192.97000122070312,193.1499938964844,192.8500061035156,193.1199951171875,213851.0
2026-07-30 12:02:00,193.1300048828125,193.46499633789065,193.1150054931641,193.4600067138672,259999.0
2026-07-30 12:03:00,193.45350646972656,193.73989868164065,193.4499969482422,193.7100982666016,269071.0
2026-07-30 12:04:00,193.7250061035156,194.1000061035156,193.7250061035156,193.97000122070312,429137.0
2026-07-30 12:05:00,193.97000122070312,194.13999938964844,193.9499969482422,194.00999450683597,290184.0
2026-07-30 12:06:00,194.00999450683597,194.1499938964844,193.9600067138672,194.0,235035.0
2026-07-30 12:07:00,194.0,194.07000732421875,193.8600006103516,193.9550018310547,214878.0
2026-07-30 12:08:00,193.97000122070312,194.1699981689453,193.9499969482422,194.13980102539065,218611.0
2026-07-30 12:09:00,194.1199951171875,194.22999572753903,193.97000122070312,194.0800018310547,243391.0
2026-07-30 12:10:00,194.05999755859372,194.22999572753903,194.02999877929688,194.1300048828125,158426.0
2026-07-30 12:11:00,194.125,194.25,194.0399932861328,194.2100067138672,176301.0
2026-07-30 12:12:00,194.1999969482422,194.2899932861328,194.08999633789065,194.22999572753903,189535.0
2026-07-30 12:13:00,194.22000122070312,194.3699951171875,194.2100982666016,194.32000732421875,193845.0
2026-07-30 12:14:00,194.33999633789065,194.3500061035156,194.1450042724609,194.22000122070312,155443.0
2026-07-30 12:15:00,194.22000122070312,194.31500244140625,194.16000366210935,194.17320251464844,157894.0
2026-07-30 12:16:00,194.17999267578125,194.2700042724609,194.1499938964844,194.16000366210935,128968.0
2026-07-30 12:17:00,194.16000366210935,194.16000366210935,193.9600067138672,194.05999755859372,221756.0
2026-07-30 12:18:00,194.05999755859372,194.08999633789065,193.8300018310547,193.9750061035156,150371.0
2026-07-30 12:19:00,193.97999572753903,194.0800018310547,193.75999450683597,193.75999450683597,178052.0
2026-07-30 12:20:00,193.7700042724609,193.94000244140625,193.63999938964844,193.91000366210935,192748.0
2026-07-30 12:21:00,193.8999938964844,194.0200958251953,193.8287048339844,193.9980010986328,193204.0
2026-07-30 12:22:00,193.9949951171875,194.0500030517578,193.8699951171875,193.9178924560547,144038.0
2026-07-30 12:23:00,193.9199981689453,193.97999572753903,193.79220581054688,193.9600982666016,129212.0
2026-07-30 12:24:00,193.9600067138672,194.0,193.83999633789065,193.8699951171875,121129.0
2026-07-30 12:25:00,193.87989807128903,194.02999877929688,193.83999633789065,194.02999877929688,205291.0
2026-07-30 12:26:00,194.0200042724609,194.0500030517578,193.9199981689453,193.96139526367188,154410.0
2026-07-30 12:27:00,193.97999572753903,194.0399932861328,193.92100524902344,194.0,135193.0
2026-07-30 12:28:00,194.0,194.00999450683597,193.8000030517578,193.8600006103516,112637.0
2026-07-30 12:29:00,193.85940551757807,193.9199981689453,193.8000030517578,193.80999755859372,124084.0
2026-07-30 12:30:00,193.80999755859372,193.88999938964844,193.6300048828125,193.6699981689453,253134.0
2026-07-30 12:31:00,193.66000366210935,193.80999755859372,193.6499938964844,193.7949981689453,170127.0
2026-07-30 12:32:00,193.7899932861328,193.8000030517578,193.55999755859372,193.77999877929688,173201.0
2026-07-30 12:33:00,193.7899932861328,193.81500244140625,193.69900512695312,193.80499267578125,117810.0
2026-07-30 12:34:00,193.80999755859372,193.9499969482422,193.7899932861328,193.8999938964844,198692.0
2026-07-30 12:35:00,193.9199981689453,194.0050048828125,193.7700042724609,193.82000732421875,354908.0
2026-07-30 12:36:00,193.83999633789065,194.01499938964844,193.7949981689453,193.8300018310547,162215.0
2026-07-30 12:37:00,193.83999633789065,193.83999633789065,193.6501007080078,193.67999267578125,159880.0
2026-07-30 12:38:00,193.6499938964844,193.70989990234372,193.6000061035156,193.6699981689453,99786.0
2026-07-30 12:39:00,193.67010498046875,193.77999877929688,193.5,193.5050048828125,120303.0
2026-07-30 12:40:00,193.50030517578125,193.50999450683597,193.1450042724609,193.16000366210935,237981.0
2026-07-30 12:41:00,193.1501007080078,193.1699981689453,192.8800048828125,192.91000366210935,259248.0
2026-07-30 12:42:00,192.92990112304688,192.97999572753903,192.8500061035156,192.8699951171875,216882.0
2026-07-30 12:43:00,192.8699951171875,192.9069976806641,192.72000122070312,192.8000030517578,286221.0
2026-07-30 12:44:00,192.8000030517578,192.91000366210935,192.67999267578125,192.89959716796875,239139.0
2026-07-30 12:45:00,192.88999938964844,193.1000061035156,192.8600006103516,193.0500030517578,211733.0
2026-07-30 12:46:00,193.0399932861328,193.44000244140625,193.02999877929688,193.41000366210935,239170.0
2026-07-30 12:47:00,193.40499877929688,193.5500030517578,193.38999938964844,193.5050048828125,131580.0
2026-07-30 12:48:00,193.5,193.57969665527344,193.38999938964844,193.38999938964844,106663.0
2026-07-30 12:49:00,193.39100646972656,193.52999877929688,193.38999938964844,193.4199981689453,93665.0
2026-07-30 12:50:00,193.44500732421875,193.47999572753903,193.07000732421875,193.07000732421875,142071.0
2026-07-30 12:51:00,193.07000732421875,193.4600067138672,193.05999755859372,193.4600067138672,97310.0
2026-07-30 12:52:00,193.47000122070312,193.52999877929688,193.38009643554688,193.47999572753903,102970.0
2026-07-30 12:53:00,193.5,193.5200042724609,193.3000030517578,193.3800048828125,106570.0
2026-07-30 12:54:00,193.3800048828125,193.47000122070312,193.3800048828125,193.3950042724609,90695.0
2026-07-30 12:55:00,193.41000366210935,193.47000122070312,193.3699951171875,193.46499633789065,73384.0
2026-07-30 12:56:00,193.4499969482422,193.4900054931641,193.3800048828125,193.4098052978516,98213.0
2026-07-30 12:57:00,193.41000366210935,193.44000244140625,193.3000030517578,193.32000732421875,113167.0
2026-07-30 12:58:00,193.3300018310547,193.3800048828125,193.2400054931641,193.3350067138672,107188.0
2026-07-30 12:59:00,193.33999633789065,193.44509887695312,193.3000030517578,193.3950042724609,76907.0
2026-07-30 13:00:00,193.41000366210935,193.79840087890625,193.3999938964844,193.7299041748047,181828.0
2026-07-30 13:01:00,193.72999572753903,193.8697052001953,193.6999969482422,193.82000732421875,130046.0
2026-07-30 13:02:00,193.8300018310547,193.88999938964844,193.7100067138672,193.74989318847656,170319.0
2026-07-30 13:03:00,193.72999572753903,193.83999633789065,193.72999572753903,193.7749938964844,79500.0
2026-07-30 13:04:00,193.7899932861328,193.889892578125,193.7700042724609,193.8500061035156,73756.0
2026-07-30 13:05:00,193.8500061035156,193.8701019287109,193.75999450683597,193.8500061035156,89609.0
2026-07-30 13:06:00,193.83999633789065,194.00999450683597,193.8300018310547,193.9499969482422,128488.0
2026-07-30 13:07:00,193.9600067138672,193.97000122070312,193.76559448242188,193.8551025390625,141437.0
2026-07-30 13:08:00,193.8300018310547,193.8800048828125,193.67010498046875,193.69000244140625,165115.0
2026-07-30 13:09:00,193.67999267578125,193.68499755859372,193.47000122070312,193.52999877929688,187615.0
2026-07-30 13:10:00,193.5399932861328,193.6699981689453,193.42999267578125,193.5500030517578,150938.0
2026-07-30 13:11:00,193.5500030517578,193.61959838867188,193.5,193.6100006103516,94795.0
2026-07-30 13:12:00,193.6300048828125,193.66000366210935,193.5,193.5500946044922,146263.0
2026-07-30 13:13:00,193.55499267578125,193.6150054931641,193.5500030517578,193.58999633789065,73709.0
2026-07-30 13:14:00,193.58999633789065,193.6000061035156,193.4499969482422,193.5072021484375,97611.0
2026-07-30 13:15:00,193.50999450683597,193.57000732421875,193.43719482421875,193.4900054931641,103931.0
2026-07-30 13:16:00,193.5,193.69700622558597,193.47999572753903,193.6300048828125,105656.0
2026-07-30 13:17:00,193.63499450683597,193.8000030517578,193.63499450683597,193.8000030517578,122365.0
2026-07-30 13:18:00,193.7899932861328,193.8999938964844,193.69000244140625,193.75999450683597,143005.0
2026-07-30 13:19:00,193.75999450683597,193.9801025390625,193.75999450683597,193.9640045166016,143148.0
2026-07-30 13:20:00,193.9600067138672,193.9900054931641,193.8500061035156,193.90679931640625,102464.0
2026-07-30 13:21:00,193.8999938964844,193.97999572753903,193.8470001220703,193.8950042724609,122749.0
2026-07-30 13:22:00,193.88999938964844,193.88999938964844,193.72999572753903,193.75999450683597,96849.0
2026-07-30 13:23:00,193.7400054931641,193.88999938964844,193.72999572753903,193.8800048828125,99390.0
2026-07-30 13:24:00,193.8800048828125,193.91000366210935,193.7700042724609,193.91000366210935,118140.0
2026-07-30 13:25:00,193.8999938964844,193.8999938964844,193.7301025390625,193.77999877929688,78616.0
2026-07-30 13:26:00,193.7749938964844,193.7899932861328,193.69000244140625,193.71499633789065,109795.0
2026-07-30 13:27:00,193.7279052734375,193.84500122070312,193.7100067138672,193.7350006103516,79097.0
2026-07-30 13:28:00,193.72999572753903,193.7368011474609,193.5800018310547,193.67999267578125,120773.0
2026-07-30 13:29:00,193.67999267578125,193.72000122070312,193.610107421875,193.6199951171875,75217.0
2026-07-30 13:30:00,193.6199951171875,193.7100067138672,193.6000061035156,193.6000061035156,82405.0
2026-07-30 13:31:00,193.6000061035156,193.67999267578125,193.4900054931641,193.66000366210935,131356.0
2026-07-30 13:32:00,193.66000366210935,193.80999755859372,193.6499938964844,193.6649932861328,107371.0
2026-07-30 13:33:00,193.67010498046875,193.6999969482422,193.5,193.5500030517578,114517.0
2026-07-30 13:34:00,193.56500244140625,193.57000732421875,193.41000366210935,193.47000122070312,114604.0
2026-07-30 13:35:00,193.47000122070312,193.8000030517578,193.4600067138672,193.5050048828125,196027.0
2026-07-30 13:36:00,193.5050048828125,193.50999450683597,193.2899932861328,193.2899932861328,136454.0
2026-07-30 13:37:00,193.2899932861328,193.41000366210935,193.17999267578125,193.1999969482422,135146.0
2026-07-30 13:38:00,193.1999969482422,193.41000366210935,193.0601043701172,193.20970153808597,206612.0
2026-07-30 13:39:00,193.22000122070312,193.22999572753903,193.07000732421875,193.1100006103516,136905.0
2026-07-30 13:40:00,193.1100006103516,193.2350006103516,193.1100006103516,193.2100067138672,111807.0
2026-07-30 13:41:00,193.21499633789065,193.3699951171875,193.1999969482422,193.3699951171875,130620.0
2026-07-30 13:42:00,193.3699951171875,193.41000366210935,193.22999572753903,193.3000030517578,191582.0
2026-07-30 13:43:00,193.3000030517578,193.55999755859372,193.28500366210935,193.47000122070312,162630.0
2026-07-30 13:44:00,193.4600067138672,193.75,193.41000366210935,193.66009521484372,166693.0
2026-07-30 13:45:00,193.66000366210935,193.80999755859372,193.6300048828125,193.7400054931641,156476.0
2026-07-30 13:46:00,193.7420959472656,193.86990356445312,193.72999572753903,193.8500061035156,122876.0
2026-07-30 13:47:00,193.8600006103516,194.00999450683597,193.8500061035156,193.95309448242188,175980.0
2026-07-30 13:48:00,193.9499969482422,193.95700073242188,193.8300018310547,193.9199981689453,112693.0
2026-07-30 13:49:00,193.9102935791016,193.94000244140625,193.7899932861328,193.79800415039065,101051.0
2026-07-30 13:50:00,193.82000732421875,193.8300018310547,193.72999572753903,193.82989501953125,112890.0
2026-07-30 13:51:00,193.82000732421875,194.02999877929688,193.80999755859372,193.9600067138672,230073.0
2026-07-30 13:52:00,193.968994140625,193.9900054931641,193.7700042724609,193.8600006103516,134771.0
2026-07-30 13:53:00,193.8650054931641,193.8699951171875,193.67999267578125,193.72000122070312,110919.0
2026-07-30 13:54:00,193.69000244140625,193.82000732421875,193.6699981689453,193.7050018310547,68337.0
2026-07-30 13:55:00,193.70899963378903,193.72000122070312,193.5749969482422,193.6999969482422,83922.0
2026-07-30 13:56:00,193.69070434570312,193.80990600585935,193.6649932861328,193.7550048828125,100771.0
2026-07-30 13:57:00,193.75,193.88999938964844,193.72000122070312,193.80999755859372,102936.0
2026-07-30 13:58:00,193.81500244140625,193.8699951171875,193.7400054931641,193.7700042724609,127557.0
2026-07-30 13:59:00,193.75999450683597,193.8278045654297,193.72000122070312,193.7700042724609,67213.0
2026-07-30 14:00:00,193.75050354003903,193.92999267578125,193.75050354003903,193.85499572753903,99049.0
2026-07-30 14:01:00,193.8600006103516,194.07000732421875,193.8500061035156,193.9920959472656,210133.0
2026-07-30 14:02:00,194.0050048828125,194.0050048828125,193.8999938964844,193.94000244140625,95934.0
2026-07-30 14:03:00,193.92999267578125,193.94679260253903,193.8249969482422,193.8300018310547,152146.0
2026-07-30 14:04:00,193.8300018310547,193.83999633789065,193.75999450683597,193.77999877929688,85398.0
2026-07-30 14:05:00,193.75999450683597,193.8350067138672,193.72999572753903,193.76010131835935,109851.0
2026-07-30 14:06:00,193.75999450683597,193.82000732421875,193.69000244140625,193.82000732421875,115277.0
2026-07-30 14:07:00,193.80999755859372,193.97999572753903,193.8000030517578,193.91000366210935,229408.0
2026-07-30 14:08:00,193.88999938964844,193.91000366210935,193.7899932861328,193.8990020751953,93709.0
2026-07-30 14:09:00,193.89010620117188,193.9237060546875,193.82000732421875,193.8600006103516,73925.0
2026-07-30 14:10:00,193.88999938964844,193.92999267578125,193.8000030517578,193.92999267578125,125059.0
2026-07-30 14:11:00,193.9250030517578,193.9378967285156,193.85499572753903,193.88999938964844,58706.0
2026-07-30 14:12:00,193.8999938964844,193.8999938964844,193.585693359375,193.63999938964844,156133.0
2026-07-30 14:13:00,193.63999938964844,193.69960021972656,193.58999633789065,193.69000244140625,86630.0
2026-07-30 14:14:00,193.6999969482422,193.75,193.6699981689453,193.6898956298828,109452.0
2026-07-30 14:15:00,193.68499755859372,193.72999572753903,193.58009338378903,193.6300048828125,138338.0
2026-07-30 14:16:00,193.6300048828125,193.6499938964844,193.5399932861328,193.5500030517578,109752.0
2026-07-30 14:17:00,193.55499267578125,193.55999755859372,193.44000244140625,193.5,164503.0
2026-07-30 14:18:00,193.4949951171875,193.58999633789065,193.4550018310547,193.5500030517578,113074.0
2026-07-30 14:19:00,193.5500030517578,193.55999755859372,193.2700042724609,193.27999877929688,158207.0
2026-07-30 14:20:00,193.3000030517578,193.4199066162109,193.2400054931641,193.37789916992188,162715.0
2026-07-30 14:21:00,193.3600006103516,193.50999450683597,193.33999633789065,193.42999267578125,170120.0
2026-07-30 14:22:00,193.4149932861328,193.5800018310547,193.4075927734375,193.5500030517578,129118.0
2026-07-30 14:23:00,193.5449981689453,193.57989501953125,193.44000244140625,193.5,142746.0
2026-07-30 14:24:00,193.4949951171875,193.54379272460935,193.4600067138672,193.49969482421875,71749.0
2026-07-30 14:25:00,193.5,193.5399932861328,193.4199981689453,193.42999267578125,80036.0
2026-07-30 14:26:00,193.42999267578125,193.5200042724609,193.4199981689453,193.5198974609375,70966.0
2026-07-30 14:27:00,193.5200042724609,193.5800018310547,193.42999267578125,193.43499755859372,165744.0
2026-07-30 14:28:00,193.42999267578125,193.50999450683597,193.41000366210935,193.4850006103516,93065.0
2026-07-30 14:29:00,193.4900054931641,193.54379272460935,193.42999267578125,193.4900054931641,76487.0
2026-07-30 14:30:00,193.4900054931641,193.8300018310547,193.44000244140625,193.82000732421875,213903.0
2026-07-30 14:31:00,193.80999755859372,193.8325042724609,193.55999755859372,193.5868988037109,189481.0
2026-07-30 14:32:00,193.5998992919922,193.6100006103516,193.5,193.5500030517578,121465.0
2026-07-30 14:33:00,193.54010009765625,193.6000061035156,193.45150756835935,193.4698944091797,100575.0
2026-07-30 14:34:00,193.4600067138672,193.4600067138672,193.3600006103516,193.4199981689453,95600.0
2026-07-30 14:35:00,193.41000366210935,193.4499969482422,193.25,193.30499267578125,145839.0
2026-07-30 14:36:00,193.3000030517578,193.3699951171875,193.27999877929688,193.32000732421875,88488.0
2026-07-30 14:37:00,193.32000732421875,193.32000732421875,193.2100067138672,193.2698974609375,102870.0
2026-07-30 14:38:00,193.27999877929688,193.5,193.25999450683597,193.27999877929688,157108.0
2026-07-30 14:39:00,193.2808074951172,193.28500366210935,193.13999938964844,193.22000122070312,119864.0
2026-07-30 14:40:00,193.2100067138672,193.22000122070312,193.13999938964844,193.21499633789065,123460.0
2026-07-30 14:41:00,193.2250061035156,193.2599029541016,193.17999267578125,193.22999572753903,118237.0
2026-07-30 14:42:00,193.2350006103516,193.38999938964844,193.18499755859372,193.2100067138672,189873.0
2026-07-30 14:43:00,193.20989990234372,193.32000732421875,193.1999969482422,193.29010009765625,184602.0
2026-07-30 14:44:00,193.2978057861328,193.33999633789065,193.2400054931641,193.32000732421875,146266.0
2026-07-30 14:45:00,193.31500244140625,193.5751037597656,193.31500244140625,193.57000732421875,189803.0
2026-07-30 14:46:00,193.5601043701172,193.65989685058597,193.47999572753903,193.6450042724609,109538.0
2026-07-30 14:47:00,193.64990234375,193.66700744628903,193.57000732421875,193.61990356445312,132662.0
2026-07-30 14:48:00,193.6100006103516,193.7400054931641,193.6087951660156,193.71499633789065,106828.0
2026-07-30 14:49:00,193.72799682617188,193.72799682617188,193.6699981689453,193.6999969482422,103465.0
2026-07-30 14:50:00,193.6999969482422,193.7480010986328,193.64010620117188,193.6450042724609,108848.0
2026-07-30 14:51:00,193.63999938964844,193.66000366210935,193.5500030517578,193.6199951171875,130958.0
2026-07-30 14:52:00,193.6132049560547,193.7100067138672,193.6000061035156,193.69500732421875,82539.0
2026-07-30 14:53:00,193.69500732421875,193.7350006103516,193.6150054931641,193.6598052978516,126866.0
2026-07-30 14:54:00,193.65499877929688,193.71910095214844,193.5404052734375,193.5500030517578,119008.0
2026-07-30 14:55:00,193.55999755859372,193.55999755859372,193.4600067138672,193.4600067138672,179172.0
2026-07-30 14:56:00,193.4499969482422,193.5077972412109,193.41000366210935,193.4900054931641,122726.0
2026-07-30 14:57:00,193.4821929931641,193.52999877929688,193.3800048828125,193.4199981689453,136641.0
2026-07-30 14:58:00,193.4199981689453,193.44000244140625,193.27999877929688,193.31500244140625,220464.0
2026-07-30 14:59:00,193.31500244140625,193.55999755859372,193.31500244140625,193.5200042724609,237475.0
2026-07-30 15:00:00,193.52980041503903,193.5449981689453,193.4199981689453,193.5200042724609,196274.0
2026-07-30 15:01:00,193.5249938964844,193.6100006103516,193.44500732421875,193.5399932861328,182192.0
2026-07-30 15:02:00,193.55499267578125,193.66879272460935,193.52999877929688,193.6199951171875,156994.0
2026-07-30 15:03:00,193.6300048828125,193.7700042724609,193.6300048828125,193.69009399414065,177698.0
2026-07-30 15:04:00,193.7100067138672,193.72999572753903,193.63999938964844,193.66000366210935,110824.0
2026-07-30 15:05:00,193.66050720214844,193.77999877929688,193.62030029296875,193.7602996826172,167152.0
2026-07-30 15:06:00,193.7602996826172,194.0399932861328,193.75999450683597,194.01499938964844,345423.0
2026-07-30 15:07:00,194.0198974609375,194.3000030517578,194.00999450683597,194.2949981689453,276564.0
2026-07-30 15:08:00,194.2899932861328,194.4996032714844,194.22999572753903,194.4900054931641,250967.0
2026-07-30 15:09:00,194.5,194.57989501953125,194.3600006103516,194.4178009033203,253978.0
2026-07-30 15:10:00,194.40020751953125,194.66000366210935,194.38999938964844,194.6499938964844,214131.0
2026-07-30 15:11:00,194.64010620117188,194.72000122070312,194.64010620117188,194.66000366210935,215009.0
2026-07-30 15:12:00,194.6699981689453,194.77999877929688,194.66000366210935,194.7404937744141,225645.0
2026-07-30 15:13:00,194.7449951171875,194.75,194.66009521484372,194.6808013916016,213137.0
2026-07-30 15:14:00,194.6800994873047,194.72999572753903,194.5800018310547,194.58999633789065,224905.0
2026-07-30 15:15:00,194.5800018310547,194.6100006103516,194.42999267578125,194.46499633789065,171719.0
2026-07-30 15:16:00,194.46499633789065,194.6499938964844,194.44000244140625,194.6300048828125,177414.0
2026-07-30 15:17:00,194.6300048828125,194.6699981689453,194.58999633789065,194.65499877929688,166714.0
2026-07-30 15:18:00,194.66000366210935,194.9250030517578,194.6199951171875,194.90679931640625,418894.0
2026-07-30 15:19:00,194.90499877929688,194.90989685058597,194.7250061035156,194.81500244140625,221708.0
2026-07-30 15:20:00,194.8300018310547,194.83999633789065,194.6300048828125,194.639892578125,236764.0
2026-07-30 15:21:00,194.63499450683597,194.6499938964844,194.44000244140625,194.44000244140625,203913.0
2026-07-30 15:22:00,194.4499969482422,194.5,194.3699951171875,194.4501037597656,190532.0
2026-07-30 15:23:00,194.4600067138672,194.55999755859372,194.44009399414065,194.4900054931641,164326.0
2026-07-30 15:24:00,194.4900054931641,194.5399932861328,194.31179809570312,194.33999633789065,208481.0
2026-07-30 15:25:00,194.33999633789065,194.33999633789065,194.1999969482422,194.2350006103516,159184.0
2026-07-30 15:26:00,194.2301025390625,194.25,194.1100006103516,194.22000122070312,163897.0
2026-07-30 15:27:00,194.22999572753903,194.24989318847656,194.07000732421875,194.1499938964844,183268.0
2026-07-30 15:28:00,194.13999938964844,194.16000366210935,194.02999877929688,194.07020568847656,157780.0
2026-07-30 15:29:00,194.0749969482422,194.1100006103516,193.9949951171875,194.05499267578125,155178.0
2026-07-30 15:30:00,194.0399932861328,194.20970153808597,194.03500366210935,194.1999969482422,204763.0
2026-07-30 15:31:00,194.2100067138672,194.21499633789065,193.9900054931641,194.1000061035156,256656.0
2026-07-30 15:32:00,194.08360290527344,194.16000366210935,194.0601043701172,194.1000061035156,191671.0
2026-07-30 15:33:00,194.10499572753903,194.13999938964844,194.0500030517578,194.05999755859372,158643.0
2026-07-30 15:34:00,194.06500244140625,194.25999450683597,194.05999755859372,194.1199951171875,320313.0
2026-07-30 15:35:00,194.13499450683597,194.2001953125,194.1199951171875,194.16000366210935,184249.0
2026-07-30 15:36:00,194.16000366210935,194.16000366210935,194.02999877929688,194.03030395507807,210846.0
2026-07-30 15:37:00,194.03900146484372,194.17999267578125,194.02999877929688,194.0500030517578,206292.0
2026-07-30 15:38:00,194.05909729003903,194.2899932861328,194.05909729003903,194.19500732421875,247977.0
2026-07-30 15:39:00,194.1999969482422,194.3600006103516,194.19000244140625,194.3300018310547,183947.0
2026-07-30 15:40:00,194.3300018310547,194.6199951171875,194.3000030517578,194.56500244140625,263953.0
2026-07-30 15:41:00,194.55999755859372,194.7400054931641,194.55999755859372,194.7001037597656,330260.0
2026-07-30 15:42:00,194.7050018310547,194.7998962402344,194.6699981689453,194.7550048828125,243827.0
2026-07-30 15:43:00,194.75999450683597,194.8249969482422,194.68499755859372,194.7700042724609,216742.0
2026-07-30 15:44:00,194.76499938964844,194.80499267578125,194.72000122070312,194.75010681152344,202616.0
2026-07-30 15:45:00,194.75999450683597,194.8500061035156,194.7400054931641,194.8000030517578,212453.0
2026-07-30 15:46:00,194.80499267578125,195.0449981689453,194.7899932861328,194.9936065673828,352621.0
2026-07-30 15:47:00,194.97999572753903,195.0,194.860107421875,194.94679260253903,204487.0
2026-07-30 15:48:00,194.92999267578125,194.9900054931641,194.86700439453125,194.8800048828125,219762.0
2026-07-30 15:49:00,194.875,194.9499969482422,194.77999877929688,194.94000244140625,311082.0
2026-07-30 15:50:00,194.92999267578125,194.97999572753903,194.5800018310547,194.94500732421875,488961.0
2026-07-30 15:51:00,194.94000244140625,195.0800018310547,194.80999755859372,194.8800048828125,815085.0
2026-07-30 15:52:00,194.8999938964844,195.0,194.8401031494141,194.9750061035156,360372.0
2026-07-30 15:53:00,194.97000122070312,195.05999755859372,194.69000244140625,194.6999969482422,472900.0
2026-07-30 15:54:00,194.6750030517578,195.32550048828125,194.55999755859372,195.1300048828125,831786.0
2026-07-30 15:55:00,195.1199951171875,195.1199951171875,194.72999572753903,194.8800048828125,689880.0
2026-07-30 15:56:00,194.88999938964844,195.0,194.7899932861328,194.8600006103516,505832.0
2026-07-30 15:57:00,194.8600006103516,195.02999877929688,194.7899932861328,194.9624938964844,386796.0
2026-07-30 15:58:00,194.9600067138672,195.07000732421875,194.8999938964844,195.00999450683597,639248.0
2026-07-30 15:59:00,195.00999450683597,195.32000732421875,194.9499969482422,195.1499938964844,2031964.0
2026-07-31 09:30:00,198.4405059814453,198.63800048828125,197.1100006103516,197.63999938964844,5711970.0
2026-07-31 09:31:00,197.6300048828125,197.8800048828125,197.1699981689453,197.6499938964844,545087.0
2026-07-31 09:32:00,197.6450042724609,198.29269409179688,197.2400054931641,198.25,650108.0
2026-07-31 09:33:00,198.22999572753903,198.9499969482422,198.19000244140625,198.65499877929688,734127.0
2026-07-31 09:34:00,198.6199951171875,199.7100067138672,198.25010681152344,199.56500244140625,886961.0
2026-07-31 09:35:00,199.5399932861328,200.08999633789065,199.4600067138672,199.82650756835935,1511887.0
2026-07-31 09:36:00,199.8249969482422,199.9199981689453,199.5500030517578,199.7350006103516,595709.0
2026-07-31 09:37:00,199.6499938964844,199.6699981689453,198.92999267578125,198.9600067138672,545983.0
2026-07-31 09:38:00,198.94500732421875,199.2073974609375,198.4900054931641,198.6499938964844,501503.0
2026-07-31 09:39:00,198.66000366210935,198.9425048828125,198.5,198.5800018310547,516510.0
2026-07-31 09:40:00,198.5843048095703,199.57000732421875,198.4499969482422,199.50050354003903,549352.0
2026-07-31 09:41:00,199.5,199.58999633789065,198.6199951171875,198.7460021972656,705265.0
2026-07-31 09:42:00,198.75999450683597,198.75999450683597,198.0800018310547,198.16000366210935,597626.0
2026-07-31 09:43:00,198.1300048828125,198.44000244140625,197.4499969482422,197.77999877929688,614891.0
2026-07-31 09:44:00,197.7303924560547,198.00999450683597,197.41000366210935,197.51510620117188,446109.0
2026-07-31 09:45:00,197.5200042724609,198.3699951171875,197.4199981689453,198.3650054931641,499893.0
2026-07-31 09:46:00,198.3699951171875,198.50259399414065,197.75,197.889892578125,307633.0
2026-07-31 09:47:00,197.8800048828125,197.91000366210935,197.3999938964844,197.52999877929688,370687.0
2026-07-31 09:48:00,197.52999877929688,197.6300048828125,196.93820190429688,197.3800048828125,509197.0
2026-07-31 09:49:00,197.3800048828125,197.8000030517578,197.07000732421875,197.6781005859375,339624.0
2026-07-31 09:50:00,197.6699981689453,198.2899932861328,197.4600067138672,197.8500061035156,371586.0
2026-07-31 09:51:00,197.860107421875,198.22000122070312,197.72000122070312,198.1100006103516,272296.0
2026-07-31 09:52:00,198.1150054931641,198.2700042724609,197.5800018310547,197.72000122070312,316916.0
2026-07-31 09:53:00,197.7700042724609,197.8990020751953,197.41549682617188,197.7801971435547,307718.0
2026-07-31 09:54:00,197.8000030517578,197.83009338378903,197.42010498046875,197.80999755859372,316953.0
2026-07-31 09:55:00,197.83999633789065,198.07989501953125,197.5399932861328,197.94000244140625,376503.0
2026-07-31 09:56:00,197.94000244140625,198.22950744628903,197.83999633789065,198.18899536132807,384044.0
2026-07-31 09:57:00,198.16000366210935,198.3191070556641,197.9499969482422,197.9850006103516,294463.0
2026-07-31 09:58:00,197.9750061035156,198.02999877929688,197.5500030517578,197.6499938964844,209609.0
2026-07-31 09:59:00,197.65499877929688,197.82989501953125,197.6000061035156,197.69000244140625,182006.0
2026-07-31 10:00:00,197.6699981689453,197.8999938964844,197.3999938964844,197.6450042724609,377328.0
2026-07-31 10:01:00,197.63999938964844,197.72999572753903,197.1501007080078,197.22000122070312,400060.0
2026-07-31 10:02:00,197.2449951171875,197.35499572753903,196.8300018310547,197.0525054931641,396794.0
2026-07-31 10:03:00,197.0800018310547,197.1999969482422,196.7100067138672,196.8999938964844,292570.0
2026-07-31 10:04:00,196.90499877929688,196.91000366210935,196.17999267578125,196.1885986328125,323311.0
2026-07-31 10:05:00,196.18499755859372,196.72000122070312,196.0500030517578,196.67999267578125,370713.0
2026-07-31 10:06:00,196.66000366210935,196.9600067138672,196.32000732421875,196.3500061035156,242873.0
2026-07-31 10:07:00,196.34500122070312,196.4600067138672,195.9199981689453,196.22000122070312,466065.0
2026-07-31 10:08:00,196.19500732421875,196.42999267578125,195.6999969482422,195.94500732421875,346165.0
2026-07-31 10:09:00,195.94500732421875,196.0399932861328,195.4900054931641,195.7100067138672,401380.0
2026-07-31 10:10:00,195.72000122070312,195.88499450683597,195.27999877929688,195.3300018310547,415113.0
2026-07-31 10:11:00,195.3999938964844,195.8999938964844,195.22999572753903,195.8950042724609,327447.0
2026-07-31 10:12:00,195.9149932861328,195.97000122070312,195.4600067138672,195.5500030517578,344101.0
2026-07-31 10:13:00,195.5800018310547,195.58999633789065,195.1199951171875,195.17999267578125,272451.0
2026-07-31 10:14:00,195.2050018310547,195.55999755859372,194.9499969482422,195.47799682617188,492554.0
2026-07-31 10:15:00,195.46499633789065,195.6000061035156,195.0500946044922,195.42999267578125,323194.0
2026-07-31 10:16:00,195.4250030517578,195.5800018310547,195.08999633789065,195.47999572753903,290988.0
2026-07-31 10:17:00,195.50999450683597,195.97000122070312,195.44000244140625,195.69509887695312,402319.0
2026-07-31 10:18:00,195.72000122070312,196.32000732421875,195.6750030517578,196.25,332264.0
2026-07-31 10:19:00,196.2577972412109,196.4499969482422,196.1000061035156,196.1000061035156,358382.0
2026-07-31 10:20:00,196.0800018310547,196.9199981689453,195.8600006103516,196.88999938964844,372668.0
2026-07-31 10:21:00,196.88999938964844,196.9900054931641,196.2700958251953,196.50579833984372,360851.0
2026-07-31 10:22:00,196.5,197.1150054931641,196.46499633789065,197.0695953369141,224894.0
2026-07-31 10:23:00,197.0399932861328,197.25,196.8600006103516,197.19439697265625,245103.0
2026-07-31 10:24:00,197.17010498046875,197.1999053955078,196.6000061035156,196.8000030517578,174813.0
2026-07-31 10:25:00,196.81500244140625,197.0399932861328,196.5,196.5200042724609,207168.0
2026-07-31 10:26:00,196.51499938964844,196.58999633789065,196.07009887695312,196.19000244140625,207000.0
2026-07-31 10:27:00,196.19000244140625,196.4900054931641,195.91000366210935,196.3999938964844,267425.0
2026-07-31 10:28:00,196.41000366210935,196.9600067138672,196.33999633789065,196.9250030517578,267914.0
2026-07-31 10:29:00,196.9499053955078,197.1300048828125,196.8500061035156,196.9949951171875,190633.0
2026-07-31 10:30:00,197.0,197.22999572753903,196.9199981689453,197.2100067138672,191002.0
2026-07-31 10:31:00,197.22999572753903,197.52999877929688,197.1999969482422,197.4149932861328,271597.0
2026-07-31 10:32:00,197.42999267578125,197.44000244140625,196.8999938964844,197.1699981689453,259330.0
2026-07-31 10:33:00,197.17999267578125,197.30999755859372,196.9900054931641,196.9900054931641,168599.0
2026-07-31 10:34:00,196.9900054931641,197.19000244140625,196.77020263671875,197.1300048828125,178608.0
2026-07-31 10:35:00,197.1300048828125,197.6699981689453,197.09500122070312,197.6300048828125,206463.0
2026-07-31 10:36:00,197.6000061035156,197.72999572753903,197.44000244140625,197.7100067138672,195582.0
2026-07-31 10:37:00,197.7322998046875,197.9799041748047,197.67100524902344,197.75,208644.0
2026-07-31 10:38:00,197.7400054931641,197.8300018310547,197.52999877929688,197.52999877929688,150103.0
2026-07-31 10:39:00,197.5500030517578,197.81500244140625,197.47999572753903,197.6750030517578,188206.0
2026-07-31 10:40:00,197.6699981689453,198.0399932861328,197.5800018310547,197.8699951171875,266318.0
2026-07-31 10:41:00,197.8800048828125,198.02999877929688,197.51010131835935,197.55999755859372,206960.0
2026-07-31 10:42:00,197.5699005126953,197.62680053710935,197.27999877929688,197.5213928222656,190545.0
2026-07-31 10:43:00,197.5576934814453,197.8999938964844,197.46820068359372,197.8950042724609,167121.0
2026-07-31 10:44:00,197.88999938964844,198.07000732421875,197.74009704589844,197.85499572753903,196248.0
2026-07-31 10:45:00,197.8800048828125,198.0155029296875,197.6999969482422,197.7704925537109,208688.0
2026-07-31 10:46:00,197.76499938964844,198.35989379882807,197.5399932861328,198.17999267578125,293428.0
2026-07-31 10:47:00,198.17999267578125,198.25,197.8600006103516,198.22999572753903,218366.0
2026-07-31 10:48:00,198.2400054931641,198.43499755859372,198.10009765625,198.42999267578125,251490.0
2026-07-31 10:49:00,198.42599487304688,198.72000122070312,198.3300018310547,198.62600708007807,302759.0
2026-07-31 10:50:00,198.6300048828125,198.8699951171875,198.5850067138672,198.7700042724609,315662.0
2026-07-31 10:51:00,198.7998046875,198.8699951171875,198.50100708007807,198.5200042724609,412370.0
2026-07-31 10:52:00,198.5,198.85499572753903,198.3600006103516,198.7949981689453,523481.0
2026-07-31 10:53:00,198.7899932861328,198.92999267578125,198.67999267578125,198.7877960205078,350476.0
2026-07-31 10:54:00,198.80499267578125,198.86669921875,198.22000122070312,198.2350006103516,295298.0
2026-07-31 10:55:00,198.2350006103516,198.2700042724609,197.82000732421875,197.8491058349609,392016.0
2026-07-31 10:56:00,197.8350067138672,198.4499969482422,197.6000061035156,198.33680725097656,532592.0
2026-07-31 10:57:00,198.3000030517578,198.44000244140625,198.05999755859372,198.1199951171875,320648.0
2026-07-31 10:58:00,198.1100006103516,198.27999877929688,197.91000366210935,198.2550048828125,243163.0
2026-07-31 10:59:00,198.25999450683597,198.27999877929688,198.0500030517578,198.110107421875,172430.0
2026-07-31 11:00:00,198.1199951171875,198.33999633789065,197.83999633789065,197.8600006103516,261213.0
2026-07-31 11:01:00,197.8699951171875,198.02999877929688,197.8600006103516,197.8699951171875,153501.0
2026-07-31 11:02:00,197.8600006103516,198.1649932861328,197.38999938964844,197.5500946044922,361393.0
2026-07-31 11:03:00,197.5500030517578,197.6199951171875,197.3000030517578,197.4199981689453,272603.0
2026-07-31 11:04:00,197.4250030517578,197.72999572753903,197.38999938964844,197.6999969482422,150093.0
2026-07-31 11:05:00,197.7001037597656,197.83999633789065,197.5,197.5177001953125,172740.0
2026-07-31 11:06:00,197.5200042724609,197.6999969482422,197.44000244140625,197.4822998046875,180428.0
2026-07-31 11:07:00,197.47999572753903,197.6199951171875,197.38999938964844,197.5449981689453,143641.0
2026-07-31 11:08:00,197.52999877929688,197.6199951171875,197.3600006103516,197.40499877929688,240909.0
2026-07-31 11:09:00,197.41000366210935,197.53990173339844,197.25,197.5,234120.0
2026-07-31 11:10:00,197.5050048828125,197.5800018310547,197.2749938964844,197.3000030517578,160096.0
2026-07-31 11:11:00,197.3000030517578,197.30999755859372,196.8031005859375,196.8350067138672,298481.0
2026-07-31 11:12:00,196.8500061035156,197.1999969482422,196.6199951171875,197.16000366210935,340395.0
2026-07-31 11:13:00,197.1750030517578,197.25,196.9499969482422,197.1620941162109,130202.0
2026-07-31 11:14:00,197.17779541015625,197.47000122070312,197.08999633789065,197.1999053955078,168576.0
2026-07-31 11:15:00,197.1499938964844,197.9199981689453,197.13999938964844,197.6199951171875,261168.0
2026-07-31 11:16:00,197.58999633789065,197.6150054931641,196.91000366210935,197.0050048828125,235027.0
2026-07-31 11:17:00,197.0050048828125,197.0399932861328,196.75,196.77999877929688,167548.0
2026-07-31 11:18:00,196.7949981689453,196.8999938964844,196.5800018310547,196.8300018310547,244859.0
2026-07-31 11:19:00,196.8300018310547,196.8999938964844,196.6300048828125,196.656494140625,160972.0
2026-07-31 11:20:00,196.6100006103516,196.6999969482422,196.32000732421875,196.41000366210935,251436.0
2026-07-31 11:21:00,196.41000366210935,196.5500030517578,196.08999633789065,196.1450042724609,188342.0
2026-07-31 11:22:00,196.1199951171875,196.27999877929688,195.9600067138672,196.0218048095703,328466.0
2026-07-31 11:23:00,196.0216064453125,196.16000366210935,195.8699951171875,196.09620666503903,250191.0
2026-07-31 11:24:00,196.1150054931641,196.1150054931641,195.8000030517578,195.8330993652344,258548.0
2026-07-31 11:25:00,195.8300018310547,195.95989990234372,195.63999938964844,195.71499633789065,273445.0
2026-07-31 11:26:00,195.7100067138672,195.7599029541016,195.32000732421875,195.4600067138672,397139.0
2026-07-31 11:27:00,195.4600067138672,195.6499938964844,195.3500061035156,195.41000366210935,268454.0
2026-07-31 11:28:00,195.42999267578125,195.82400512695312,195.3600006103516,195.81320190429688,207710.0
2026-07-31 11:29:00,195.8300018310547,195.8800048828125,195.48550415039065,195.6199951171875,277425.0
2026-07-31 11:30:00,195.6000061035156,195.7449951171875,195.5200042724609,195.65499877929688,194228.0
2026-07-31 11:31:00,195.6652984619141,195.9499969482422,195.63999938964844,195.6499938964844,234695.0
2026-07-31 11:32:00,195.6300048828125,195.6300048828125,195.3800048828125,195.5800018310547,210395.0
2026-07-31 11:33:00,195.58189392089844,195.58189392089844,195.3650054931641,195.43499755859372,155316.0
2026-07-31 11:34:00,195.42999267578125,195.8199005126953,195.2386932373047,195.7978973388672,235908.0
2026-07-31 11:35:00,195.7899932861328,196.07000732421875,195.75,195.8600006103516,286997.0
2026-07-31 11:36:00,195.8800048828125,196.1999969482422,195.85009765625,195.95989990234372,248459.0
2026-07-31 11:37:00,195.9499969482422,196.33999633789065,195.9499969482422,196.28500366210935,251065.0
2026-07-31 11:38:00,196.30999755859372,196.6699981689453,196.25999450683597,196.5200042724609,261511.0
2026-07-31 11:39:00,196.52029418945312,196.5800018310547,196.44000244140625,196.4900054931641,142203.0
2026-07-31 11:40:00,196.4949951171875,196.64990234375,196.4199981689453,196.47999572753903,154815.0
2026-07-31 11:41:00,196.47999572753903,196.48989868164065,195.93569946289065,195.9945068359375,246958.0
2026-07-31 11:42:00,195.9949951171875,196.0399932861328,195.83999633789065,195.9398956298828,139615.0
2026-07-31 11:43:00,195.93499755859372,196.139892578125,195.8209991455078,196.1300048828125,127645.0
2026-07-31 11:44:00,196.1219940185547,196.2400054931641,196.0901031494141,196.1898956298828,127240.0
2026-07-31 11:45:00,196.19000244140625,196.2899932861328,196.0,196.06500244140625,173917.0
2026-07-31 11:46:00,196.07000732421875,196.1898956298828,195.7700042724609,195.8500061035156,236647.0
2026-07-31 11:47:00,195.85809326171875,195.97000122070312,195.6199951171875,195.8000030517578,232438.0
2026-07-31 11:48:00,195.7700042724609,195.93800354003903,195.6999969482422,195.92999267578125,98143.0
2026-07-31 11:49:00,195.93499755859372,196.0493927001953,195.80499267578125,195.9199981689453,100972.0
2026-07-31 11:50:00,195.92999267578125,196.14190673828125,195.8800048828125,195.97509765625,172012.0
2026-07-31 11:51:00,195.97999572753903,196.2400054931641,195.92999267578125,196.2303009033203,155012.0
2026-07-31 11:52:00,196.23800659179688,196.4199981689453,196.1300048828125,196.35499572753903,131168.0
2026-07-31 11:53:00,196.3699951171875,196.41000366210935,196.1199951171875,196.1699981689453,106105.0
2026-07-31 11:54:00,196.16000366210935,196.50999450683597,196.13999938964844,196.41000366210935,125316.0
2026-07-31 11:55:00,196.3950042724609,196.4900054931641,196.22219848632807,196.32000732421875,153909.0
2026-07-31 11:56:00,196.32000732421875,196.39210510253903,196.17999267578125,196.25489807128903,148792.0
2026-07-31 11:57:00,196.2899932861328,196.37989807128903,196.22999572753903,196.2749938964844,95083.0
2026-07-31 11:58:00,196.2700042724609,196.4600067138672,196.17999267578125,196.2008056640625,219115.0
2026-07-31 11:59:00,196.19000244140625,196.32000732421875,196.0200042724609,196.27999877929688,121207.0
2026-07-31 12:00:00,196.2749938964844,196.56900024414065,196.21499633789065,196.52999877929688,169087.0
2026-07-31 12:01:00,196.5399932861328,196.72000122070312,196.5399932861328,196.6199951171875,198777.0
2026-07-31 12:02:00,196.6199951171875,196.6750030517578,196.3701019287109,196.4250030517578,133214.0
2026-07-31 12:03:00,196.4403076171875,196.66000366210935,196.41000366210935,196.6199951171875,137541.0
2026-07-31 12:04:00,196.6100006103516,196.7998962402344,196.6000061035156,196.6199951171875,143038.0
2026-07-31 12:05:00,196.6199951171875,196.6699981689453,196.4600067138672,196.4600067138672,136815.0
2026-07-31 12:06:00,196.46499633789065,196.5,196.22000122070312,196.4091033935547,167758.0
2026-07-31 12:07:00,196.375,196.4250030517578,196.17999267578125,196.34500122070312,127956.0
2026-07-31 12:08:00,196.3300018310547,196.61729431152344,196.30999755859372,196.59500122070312,80557.0
2026-07-31 12:09:00,196.6100006103516,196.6999969482422,196.5478973388672,196.6499938964844,99606.0
2026-07-31 12:10:00,196.66000366210935,196.7400054931641,196.5,196.55999755859372,75019.0
2026-07-31 12:11:00,196.55999755859372,196.7100067138672,196.4600067138672,196.6999969482422,116119.0
2026-07-31 12:12:00,196.7299041748047,196.80999755859372,196.5904998779297,196.66000366210935,172959.0
2026-07-31 12:13:00,196.63499450683597,196.7144012451172,196.5249938964844,196.69009399414065,75978.0
2026-07-31 12:14:00,196.7050018310547,196.75,196.4600067138672,196.6150054931641,145525.0
2026-07-31 12:15:00,196.625,196.67550659179688,196.22999572753903,196.25999450683597,123580.0
2026-07-31 12:16:00,196.25,196.3800048828125,196.1499938964844,196.3300018310547,162077.0
2026-07-31 12:17:00,196.3524932861328,196.5399932861328,196.30999755859372,196.5,114821.0
2026-07-31 12:18:00,196.4900054931641,196.5850067138672,196.4010009765625,196.57000732421875,149957.0
2026-07-31 12:19:00,196.5800018310547,196.6000061035156,196.46560668945312,196.5449981689453,125422.0
2026-07-31 12:20:00,196.5500030517578,196.80999755859372,196.547607421875,196.80499267578125,134173.0
2026-07-31 12:21:00,196.80499267578125,196.9600067138672,196.77999877929688,196.88999938964844,194493.0
2026-07-31 12:22:00,196.88999938964844,197.27999877929688,196.8800048828125,197.22999572753903,230434.0
2026-07-31 12:23:00,197.2250061035156,197.38999938964844,197.19859313964844,197.3800048828125,147532.0
2026-07-31 12:24:00,197.3699951171875,197.55999755859372,197.3699951171875,197.4700927734375,175695.0
2026-07-31 12:25:00,197.47999572753903,197.49989318847656,197.30999755859372,197.3800048828125,142459.0
2026-07-31 12:26:00,197.3809967041016,197.42999267578125,197.2100067138672,197.41000366210935,163838.0
2026-07-31 12:27:00,197.42999267578125,197.6499938964844,197.42999267578125,197.5500030517578,183452.0
2026-07-31 12:28:00,197.5200042724609,197.75999450683597,197.5,197.72000122070312,198246.0
2026-07-31 12:29:00,197.72000122070312,198.0200042724609,197.6999969482422,198.0200042724609,217114.0
2026-07-31 12:30:00,198.0449981689453,198.2899932861328,197.75,197.7749938964844,515365.0
2026-07-31 12:31:00,197.7899932861328,197.96499633789065,197.7100067138672,197.9149932861328,178468.0
2026-07-31 12:32:00,197.92999267578125,198.10989379882807,197.9199981689453,198.0500030517578,143827.0
2026-07-31 12:33:00,198.05999755859372,198.1300048828125,197.94500732421875,198.10499572753903,156960.0
2026-07-31 12:34:00,198.10499572753903,198.13499450683597,197.92999267578125,197.99020385742188,165859.0
2026-07-31 12:35:00,197.9949951171875,198.22000122070312,197.9949951171875,198.125,155870.0
2026-07-31 12:36:00,198.1300048828125,198.1999969482422,197.9600067138672,197.9900054931641,138552.0
2026-07-31 12:37:00,198.0,198.05999755859372,197.9499969482422,198.05999755859372,116092.0
2026-07-31 12:38:00,198.0749969482422,198.13499450683597,197.8300018310547,197.875,179235.0
2026-07-31 12:39:00,197.8800048828125,197.97999572753903,197.8500061035156,197.97999572753903,95723.0
2026-07-31 12:40:00,197.9750061035156,198.0491943359375,197.9199981689453,197.94000244140625,115312.0
2026-07-31 12:41:00,197.9499969482422,197.97999572753903,197.58999633789065,197.58999633789065,172674.0
2026-07-31 12:42:00,197.58999633789065,197.75999450683597,197.5,197.72999572753903,160361.0
2026-07-31 12:43:00,197.72000122070312,197.75999450683597,197.6699981689453,197.7250061035156,75997.0
2026-07-31 12:44:00,197.7400054931641,197.76499938964844,197.5800018310547,197.69500732421875,109036.0
2026-07-31 12:45:00,197.67999267578125,197.8500061035156,197.57000732421875,197.75,117124.0
2026-07-31 12:46:00,197.75999450683597,197.8999938964844,197.61070251464844,197.8999938964844,134145.0
2026-07-31 12:47:00,197.8800048828125,197.97129821777344,197.8600006103516,197.9199981689453,142692.0
2026-07-31 12:48:00,197.9199981689453,197.9199981689453,197.7700042724609,197.83999633789065,80650.0
2026-07-31 12:49:00,197.80499267578125,197.9613037109375,197.7400054931641,197.9600067138672,124724.0
2026-07-31 12:50:00,197.9750061035156,198.07000732421875,197.88499450683597,198.0198974609375,172951.0
2026-07-31 12:51:00,198.0,198.42990112304688,197.9600067138672,198.30999755859372,206311.0
2026-07-31 12:52:00,198.30999755859372,198.3800048828125,198.1000061035156,198.1000061035156,166925.0
2026-07-31 12:53:00,198.1199951171875,198.1696014404297,198.0800018310547,198.16000366210935,81385.0
2026-07-31 12:54:00,198.16000366210935,198.30990600585935,198.1000061035156,198.1150054931641,169610.0
2026-07-31 12:55:00,198.1000061035156,198.2899932861328,198.0,198.2050018310547,202670.0
2026-07-31 12:56:00,198.1999969482422,198.3300018310547,198.1999969482422,198.3000030517578,141635.0
2026-07-31 12:57:00,198.30999755859372,198.5200042724609,198.2899932861328,198.44000244140625,221802.0
2026-07-31 12:58:00,198.44000244140625,198.5,198.32000732421875,198.3600006103516,154605.0
2026-07-31 12:59:00,198.33999633789065,198.35009765625,198.22000122070312,198.22000122070312,139499.0
2026-07-31 13:00:00,198.22000122070312,198.41000366210935,198.1300048828125,198.38999938964844,107148.0
2026-07-31 13:01:00,198.3699951171875,198.56300354003903,198.3500061035156,198.5200042724609,139101.0
2026-07-31 13:02:00,198.5200042724609,198.6100006103516,198.50999450683597,198.53500366210935,133376.0
2026-07-31 13:03:00,198.5355987548828,198.6000061035156,198.4600067138672,198.58999633789065,122473.0
2026-07-31 13:04:00,198.59500122070312,198.639892578125,198.5200042724609,198.5399932861328,122027.0
2026-07-31 13:05:00,198.5200042724609,198.5299072265625,198.41009521484372,198.43499755859372,134069.0
2026-07-31 13:06:00,198.44000244140625,198.4600067138672,198.33999633789065,198.3401031494141,113592.0
2026-07-31 13:07:00,198.33999633789065,198.3500061035156,198.22999572753903,198.2350006103516,100780.0
2026-07-31 13:08:00,198.22999572753903,198.3300018310547,198.19769287109372,198.2899932861328,141465.0
2026-07-31 13:09:00,198.3000030517578,198.3800048828125,198.2700042724609,198.3699951171875,78746.0
2026-07-31 13:10:00,198.33999633789065,198.48989868164065,198.32000732421875,198.42999267578125,125392.0
2026-07-31 13:11:00,198.43460083007807,198.6499938964844,198.41000366210935,198.58999633789065,87963.0
2026-07-31 13:12:00,198.625,198.72999572753903,198.6150054931641,198.6150054931641,269832.0
2026-07-31 13:13:00,198.6100006103516,198.8300018310547,198.6000061035156,198.82000732421875,186170.0
2026-07-31 13:14:00,198.8271942138672,198.8350067138672,198.66000366210935,198.7100067138672,124388.0
2026-07-31 13:15:00,198.70460510253903,199.02999877929688,198.67999267578125,198.91000366210935,375045.0
2026-07-31 13:16:00,198.91949462890625,198.97999572753903,198.80999755859372,198.831298828125,189773.0
2026-07-31 13:17:00,198.83999633789065,198.97000122070312,198.80999755859372,198.9600067138672,98739.0
2026-07-31 13:18:00,198.9499969482422,199.1100006103516,198.9102935791016,198.92999267578125,193785.0
2026-07-31 13:19:00,198.94000244140625,199.07000732421875,198.92999267578125,199.03500366210935,135559.0
2026-07-31 13:20:00,199.02999877929688,199.05999755859372,198.9499969482422,198.9499969482422,154080.0
2026-07-31 13:21:00,198.95030212402344,198.9600067138672,198.80999755859372,198.82000732421875,122557.0
2026-07-31 13:22:00,198.82000732421875,198.8999938964844,198.72999572753903,198.8999938964844,187136.0
2026-07-31 13:23:00,198.88999938964844,198.9600067138672,198.8249969482422,198.87860107421875,107016.0
2026-07-31 13:24:00,198.8800048828125,199.1699981689453,198.8699951171875,199.1300048828125,184674.0
2026-07-31 13:25:00,199.13499450683597,199.22000122070312,199.07000732421875,199.19000244140625,140486.0
2026-07-31 13:26:00,199.19000244140625,199.2050018310547,199.09100341796875,199.2050018310547,108058.0
2026-07-31 13:27:00,199.2050018310547,199.3199005126953,199.18499755859372,199.18499755859372,191982.0
2026-07-31 13:28:00,199.19500732421875,199.2400054931641,199.1199951171875,199.1649932861328,141771.0
2026-07-31 13:29:00,199.16009521484372,199.3000030517578,199.16000366210935,199.2550048828125,118153.0
2026-07-31 13:30:00,199.2550048828125,199.27999877929688,199.1499938964844,199.20989990234372,130399.0
2026-07-31 13:31:00,199.19500732421875,199.3350067138672,199.19000244140625,199.25999450683597,118717.0
2026-07-31 13:32:00,199.25999450683597,199.30999755859372,199.1499938964844,199.25,118408.0
2026-07-31 13:33:00,199.2301025390625,199.42999267578125,199.22999572753903,199.4250030517578,132343.0
2026-07-31 13:34:00,199.43499755859372,199.47999572753903,199.35009765625,199.375,155241.0
2026-07-31 13:35:00,199.3699951171875,199.5399932861328,199.35499572753903,199.52999877929688,155728.0
2026-07-31 13:36:00,199.5200958251953,199.6699981689453,199.5,199.65499877929688,261839.0
2026-07-31 13:37:00,199.65040588378903,199.9499969482422,199.6499938964844,199.9199981689453,320162.0
2026-07-31 13:38:00,199.91009521484372,199.97000122070312,199.5249938964844,199.5249938964844,263456.0
2026-07-31 13:39:00,199.52999877929688,199.5449981689453,199.2700042724609,199.27999877929688,234429.0
2026-07-31 13:40:00,199.2700042724609,199.41000366210935,199.22999572753903,199.375,170460.0
2026-07-31 13:41:00,199.3800048828125,199.3999938964844,199.22999572753903,199.34500122070312,128390.0
2026-07-31 13:42:00,199.33999633789065,199.3600006103516,199.19000244140625,199.25010681152344,199308.0
2026-07-31 13:43:00,199.25,199.4199981689453,199.17999267578125,199.4199981689453,162856.0
2026-07-31 13:44:00,199.41000366210935,199.4499053955078,199.25999450683597,199.33999633789065,116273.0
2026-07-31 13:45:00,199.3350067138672,199.41700744628903,199.310302734375,199.3421936035156,154309.0
2026-07-31 13:46:00,199.3600006103516,199.5399932861328,199.3600006103516,199.4499053955078,246109.0
2026-07-31 13:47:00,199.44500732421875,199.44500732421875,199.1000061035156,199.1000061035156,213423.0
2026-07-31 13:48:00,199.1199951171875,199.1499938964844,198.97000122070312,199.1199951171875,197747.0
2026-07-31 13:49:00,199.13980102539065,199.16000366210935,199.0500030517578,199.1499938964844,96963.0
2026-07-31 13:50:00,199.1199951171875,199.2899932861328,199.1000061035156,199.25,110209.0
2026-07-31 13:51:00,199.2400054931641,199.49099731445312,199.16000366210935,199.4900054931641,129210.0
2026-07-31 13:52:00,199.5,199.63999938964844,199.4700927734375,199.50010681152344,172243.0
2026-07-31 13:53:00,199.50999450683597,199.53990173339844,199.3800048828125,199.4199981689453,113128.0
2026-07-31 13:54:00,199.4199981689453,199.4850006103516,199.38999938964844,199.44000244140625,106886.0
2026-07-31 13:55:00,199.44500732421875,199.58999633789065,199.4161071777344,199.56500244140625,136967.0
2026-07-31 13:56:00,199.5623016357422,199.70970153808597,199.5623016357422,199.63999938964844,164196.0
2026-07-31 13:57:00,199.63999938964844,199.6499938964844,199.5,199.63999938964844,117049.0
2026-07-31 13:58:00,199.63999938964844,199.6699066162109,199.5200042724609,199.5200042724609,90436.0
2026-07-31 13:59:00,199.5200042724609,199.52999877929688,199.42300415039065,199.4949951171875,97074.0
2026-07-31 14:00:00,199.4949951171875,199.6499938964844,199.3701019287109,199.6479034423828,136023.0
2026-07-31 14:01:00,199.63999938964844,199.789794921875,199.63999938964844,199.6499938964844,153006.0
2026-07-31 14:02:00,199.6499938964844,199.6699981689453,199.52999877929688,199.60020446777344,110405.0
2026-07-31 14:03:00,199.6100006103516,199.66000366210935,199.50999450683597,199.53030395507807,129006.0
2026-07-31 14:04:00,199.54010009765625,199.63499450683597,199.50999450683597,199.5500030517578,120413.0
2026-07-31 14:05:00,199.55999755859372,199.5800018310547,199.41000366210935,199.4900054931641,153946.0
2026-07-31 14:06:00,199.49270629882807,199.75010681152344,199.49270629882807,199.6699981689453,138392.0
2026-07-31 14:07:00,199.6649932861328,199.6999969482422,199.61160278320312,199.66000366210935,147948.0
2026-07-31 14:08:00,199.64990234375,199.74989318847656,199.6000061035156,199.6598052978516,128170.0
2026-07-31 14:09:00,199.6450042724609,199.66000366210935,199.58999633789065,199.60499572753903,75195.0
2026-07-31 14:10:00,199.6100006103516,199.62989807128903,199.44000244140625,199.44500732421875,118693.0
2026-07-31 14:11:00,199.44500732421875,199.46099853515625,199.1999969482422,199.22000122070312,176997.0
2026-07-31 14:12:00,199.25999450683597,199.25999450683597,199.1100006103516,199.1450042724609,159367.0
2026-07-31 14:13:00,199.16000366210935,199.1999053955078,199.0,199.1150054931641,303864.0
2026-07-31 14:14:00,199.1100006103516,199.1300048828125,198.83999633789065,198.91319274902344,214599.0
2026-07-31 14:15:00,198.91000366210935,199.07000732421875,198.8699951171875,199.00999450683597,178487.0
2026-07-31 14:16:00,199.01499938964844,199.08999633789065,198.9300994873047,198.9900054931641,144756.0
2026-07-31 14:17:00,199.0,199.19000244140625,198.9900054931641,199.08999633789065,241538.0
2026-07-31 14:18:00,199.10989379882807,199.22999572753903,199.01010131835935,199.0102996826172,193438.0
2026-07-31 14:19:00,199.0249938964844,199.07000732421875,198.8500061035156,198.88999938964844,138918.0
2026-07-31 14:20:00,198.8999938964844,199.0500030517578,198.83999633789065,198.9499969482422,110498.0
2026-07-31 14:21:00,198.9600067138672,199.0800018310547,198.8699951171875,199.02980041503903,108172.0
2026-07-31 14:22:00,199.0200042724609,199.07000732421875,198.97000122070312,199.0579071044922,131872.0
2026-07-31 14:23:00,199.0500030517578,199.05999755859372,198.9499969482422,198.97000122070312,72904.0
2026-07-31 14:24:00,198.97000122070312,199.0399932861328,198.8699951171875,198.90989685058597,601257.0
2026-07-31 14:25:00,198.8999938964844,198.91000366210935,198.63999938964844,198.6968994140625,207699.0
2026-07-31 14:26:00,198.67999267578125,198.75,198.63999938964844,198.69000244140625,104744.0
2026-07-31 14:27:00,198.67999267578125,198.6999969482422,198.5399932861328,198.65499877929688,201982.0
2026-07-31 14:28:00,198.6499938964844,198.6768035888672,198.5800018310547,198.5800018310547,80046.0
2026-07-31 14:29:00,198.5749969482422,198.6199951171875,198.4900054931641,198.5500946044922,159397.0
2026-07-31 14:30:00,198.59500122070312,198.7949981689453,198.59500122070312,198.78500366210935,168287.0
2026-07-31 14:31:00,198.77999877929688,198.8350067138672,198.72000122070312,198.8168029785156,151197.0
2026-07-31 14:32:00,198.81500244140625,198.8300018310547,198.67999267578125,198.7100067138672,356056.0
2026-07-31 14:33:00,198.6999969482422,198.7400054931641,198.5800018310547,198.71499633789065,98315.0
2026-07-31 14:34:00,198.72000122070312,198.8780059814453,198.7100067138672,198.77999877929688,1136559.0
2026-07-31 14:35:00,198.75999450683597,198.7700042724609,198.52999877929688,198.6450042724609,119999.0
2026-07-31 14:36:00,198.65499877929688,198.72000122070312,198.57000732421875,198.5850067138672,78599.0
2026-07-31 14:37:00,198.57000732421875,198.64990234375,198.4810028076172,198.6381072998047,144017.0
2026-07-31 14:38:00,198.6199951171875,198.72999572753903,198.6199951171875,198.70989990234372,75203.0
2026-07-31 14:39:00,198.6999969482422,198.7050018310547,198.63999938964844,198.67999267578125,88240.0
2026-07-31 14:40:00,198.6699981689453,198.7100067138672,198.6000061035156,198.6300048828125,80091.0
2026-07-31 14:41:00,198.63009643554688,198.7998962402344,198.6300048828125,198.69000244140625,123577.0
2026-07-31 14:42:00,198.69500732421875,198.7749938964844,198.6300048828125,198.75999450683597,79883.0
2026-07-31 14:43:00,198.76499938964844,198.77999877929688,198.7250061035156,198.72999572753903,51198.0
2026-07-31 14:44:00,198.72000122070312,198.75999450683597,198.68719482421875,198.7250061035156,60478.0
2026-07-31 14:45:00,198.72000122070312,198.8800048828125,198.72000122070312,198.8249969482422,126099.0
2026-07-31 14:46:00,198.8300018310547,198.9499969482422,198.8249969482422,198.86669921875,158570.0
2026-07-31 14:47:00,198.83999633789065,198.8500061035156,198.7400054931641,198.80499267578125,121285.0
2026-07-31 14:48:00,198.7899932861328,198.9499969482422,198.75999450683597,198.92010498046875,155018.0
2026-07-31 14:49:00,198.93499755859372,199.06979370117188,198.9290008544922,199.0500030517578,176949.0
2026-07-31 14:50:00,199.0500030517578,199.32989501953125,199.0399932861328,199.23989868164065,202693.0
2026-07-31 14:51:00,199.2400054931641,199.2700042724609,199.17010498046875,199.25,121927.0
2026-07-31 14:52:00,199.25,199.2749938964844,199.1199951171875,199.13999938964844,201110.0
2026-07-31 14:53:00,199.13999938964844,199.1499938964844,199.0399932861328,199.1208038330078,94541.0
2026-07-31 14:54:00,199.1300048828125,199.17999267578125,199.0200042724609,199.1499938964844,106166.0
2026-07-31 14:55:00,199.13999938964844,199.2700042724609,199.0500030517578,199.05499267578125,136612.0
2026-07-31 14:56:00,199.0500030517578,199.08999633789065,198.97300720214844,199.0399932861328,143643.0
2026-07-31 14:57:00,199.0249938964844,199.03990173339844,198.8300018310547,198.9600067138672,132096.0
2026-07-31 14:58:00,198.97000122070312,199.0,198.93499755859372,198.9900054931641,178632.0
2026-07-31 14:59:00,198.9850006103516,199.0,198.9001007080078,198.97000122070312,108105.0
2026-07-31 15:00:00,198.9600067138672,199.1000061035156,198.90499877929688,198.9102935791016,200116.0
2026-07-31 15:01:00,198.9149932861328,198.9900054931641,198.8220977783203,198.8500061035156,106129.0
2026-07-31 15:02:00,198.8600006103516,198.87989807128903,198.77999877929688,198.8000030517578,103753.0
2026-07-31 15:03:00,198.7899932861328,198.8697052001953,198.72999572753903,198.80999755859372,126270.0
2026-07-31 15:04:00,198.80990600585935,198.82009887695312,198.6100006103516,198.639892578125,142156.0
2026-07-31 15:05:00,198.6300048828125,198.72000122070312,198.47999572753903,198.69000244140625,158948.0
2026-07-31 15:06:00,198.6999969482422,198.7100067138672,198.3999938964844,198.4199981689453,222130.0
2026-07-31 15:07:00,198.4199981689453,198.47000122070312,198.25999450683597,198.4199981689453,215210.0
2026-07-31 15:08:00,198.44000244140625,198.4799041748047,198.2899932861328,198.4149932861328,121492.0
2026-07-31 15:09:00,198.42999267578125,198.48989868164065,198.32009887695312,198.38999938964844,105471.0
2026-07-31 15:10:00,198.3800048828125,198.4900054931641,198.2949981689453,198.42990112304688,137415.0
2026-07-31 15:11:00,198.41000366210935,198.5,198.33999633789065,198.38999938964844,154575.0
2026-07-31 15:12:00,198.3950042724609,198.7400054931641,198.3650054931641,198.7400054931641,163236.0
2026-07-31 15:13:00,198.72000122070312,198.7899932861328,198.64100646972656,198.65989685058597,130952.0
2026-07-31 15:14:00,198.6499938964844,198.7198944091797,198.6199951171875,198.6999969482422,67158.0
2026-07-31 15:15:00,198.70590209960935,199.3300018310547,198.6999969482422,199.32000732421875,320514.0
2026-07-31 15:16:00,199.30999755859372,199.9199981689453,199.3000030517578,199.77999877929688,571146.0
2026-07-31 15:17:00,199.77999877929688,200.22000122070312,199.72999572753903,200.05999755859372,890478.0
2026-07-31 15:18:00,200.05999755859372,200.1999969482422,200.00999450683597,200.10499572753903,371422.0
2026-07-31 15:19:00,200.1199951171875,200.5500030517578,200.1000061035156,200.50360107421875,585784.0
2026-07-31 15:20:00,200.5200042724609,200.9199981689453,200.5200042724609,200.9149932861328,554295.0
2026-07-31 15:21:00,200.9149932861328,200.97000122070312,200.6499938964844,200.83999633789065,2284558.0
2026-07-31 15:22:00,200.8500061035156,201.1199951171875,200.8000946044922,200.82000732421875,661018.0
2026-07-31 15:23:00,200.8300018310547,200.8999938964844,200.63999938964844,200.72000122070312,474566.0
2026-07-31 15:24:00,200.72000122070312,200.72000122070312,200.2301025390625,200.25999450683597,478840.0
2026-07-31 15:25:00,200.2350006103516,200.3300018310547,200.1000061035156,200.3300018310547,455680.0
2026-07-31 15:26:00,200.32000732421875,200.3800048828125,200.2449951171875,200.33999633789065,287804.0
2026-07-31 15:27:00,200.3500061035156,200.4900054931641,200.32000732421875,200.48989868164065,248184.0
2026-07-31 15:28:00,200.4850006103516,200.6000061035156,200.3300018310547,200.3625030517578,335021.0
2026-07-31 15:29:00,200.3699951171875,200.3999938964844,200.28500366210935,200.30499267578125,263917.0
2026-07-31 15:30:00,200.30499267578125,200.3115997314453,199.9199981689453,200.10299682617188,539592.0
2026-07-31 15:31:00,200.1000061035156,200.1000061035156,199.8800048828125,200.0249938964844,267772.0
2026-07-31 15:32:00,200.02999877929688,200.1197967529297,199.9102935791016,200.1197967529297,307940.0
2026-07-31 15:33:00,200.1199951171875,200.2599029541016,200.1199951171875,200.25,301630.0
2026-07-31 15:34:00,200.25,200.45599365234372,200.18499755859372,200.38499450683597,267496.0
2026-07-31 15:35:00,200.38499450683597,200.4810028076172,200.3009033203125,200.4810028076172,256832.0
2026-07-31 15:36:00,200.47000122070312,200.57000732421875,200.3950042724609,200.52999877929688,277039.0
2026-07-31 15:37:00,200.5249938964844,200.5767974853516,200.3600006103516,200.4550018310547,373909.0
2026-07-31 15:38:00,200.47000122070312,200.57000732421875,200.34100341796875,200.5050048828125,368785.0
2026-07-31 15:39:00,200.5,200.625,200.47999572753903,200.6100006103516,279847.0
2026-07-31 15:40:00,200.6000061035156,200.67999267578125,200.3999938964844,200.43499755859372,309144.0
2026-07-31 15:41:00,200.4199981689453,200.6000061035156,200.32000732421875,200.4550018310547,355416.0
2026-07-31 15:42:00,200.4600067138672,200.6999969482422,200.38999938964844,200.67999267578125,260748.0
2026-07-31 15:43:00,200.67999267578125,200.8101043701172,200.6300048828125,200.8101043701172,376062.0
2026-07-31 15:44:00,200.8249969482422,201.08999633789065,200.7519989013672,201.08999633789065,445791.0
2026-07-31 15:45:00,201.1000061035156,201.2899932861328,201.08999633789065,201.17999267578125,490479.0
2026-07-31 15:46:00,201.1750030517578,201.44949340820312,201.1300048828125,201.42999267578125,448223.0
2026-07-31 15:47:00,201.4250030517578,201.60499572753903,201.0399932861328,201.0399932861328,553480.0
2026-07-31 15:48:00,201.0399932861328,201.16940307617188,201.0200042724609,201.1499938964844,384848.0
2026-07-31 15:49:00,201.1450042724609,201.625,201.08999633789065,201.625,374080.0
2026-07-31 15:50:00,201.6100006103516,201.97000122070312,201.4600067138672,201.5126953125,1094948.0
2026-07-31 15:51:00,201.50999450683597,201.50999450683597,201.2100982666016,201.42999267578125,526773.0
2026-07-31 15:52:00,201.4250030517578,201.8300018310547,201.4250030517578,201.80999755859372,527477.0
2026-07-31 15:53:00,201.8300018310547,201.8500061035156,201.6501007080078,201.6999969482422,557159.0
2026-07-31 15:54:00,201.69000244140625,201.9499969482422,201.66000366210935,201.7899932861328,900754.0
2026-07-31 15:55:00,201.8000030517578,201.8300018310547,201.27999877929688,201.6499938964844,1050894.0
2026-07-31 15:56:00,201.66000366210935,201.9499969482422,201.66000366210935,201.88499450683597,1733905.0
2026-07-31 15:57:00,201.88999938964844,201.91000366210935,201.4900054931641,201.5500030517578,1031767.0
2026-07-31 15:58:00,201.5399932861328,201.80999755859372,201.3999938964844,201.77999877929688,1322897.0
2026-07-31 15:59:00,201.7899932861328,201.8800048828125,200.6199951171875,200.80999755859372,3666834.0
2026-08-03 09:30:00,198.5,198.5800018310547,198.5,198.54010009765625,5449506.0
2026-08-03 09:31:00,198.5800018310547,198.88999938964844,198.3600006103516,198.77999877929688,508674.0
2026-08-03 09:32:00,198.80999755859372,199.82989501953125,198.6199951171875,199.3800048828125,639060.0
2026-08-03 09:33:00,199.3300018310547,199.3500061035156,198.30999755859372,198.31100463867188,529242.0
2026-08-03 09:34:00,198.33999633789065,199.4900054931641,198.33999633789065,199.4750061035156,512934.0
2026-08-03 09:35:00,199.5,199.72999572753903,198.8800048828125,199.17999267578125,559451.0
2026-08-03 09:36:00,199.1999969482422,199.6999969482422,199.08999633789065,199.44500732421875,422774.0
2026-08-03 09:37:00,199.44500732421875,199.8300018310547,199.1000061035156,199.13499450683597,447926.0
2026-08-03 09:38:00,199.1199951171875,199.33999633789065,198.75999450683597,199.125,531326.0
2026-08-03 09:39:00,199.1768951416016,199.5,199.02999877929688,199.1450042724609,345117.0
2026-08-03 09:40:00,199.12550354003903,199.20989990234372,198.41000366210935,198.6699981689453,531645.0
2026-08-03 09:41:00,198.6499938964844,198.9499969482422,198.5500030517578,198.5500030517578,342049.0
2026-08-03 09:42:00,198.5500030517578,198.7449951171875,198.15020751953125,198.25,350428.0
2026-08-03 09:43:00,198.26649475097656,198.5363006591797,198.08999633789065,198.4499969482422,281730.0
2026-08-03 09:44:00,198.47000122070312,198.968994140625,198.38499450683597,198.8500061035156,264185.0
2026-08-03 09:45:00,198.8800048828125,199.07000732421875,198.7700042724609,198.82000732421875,298139.0
2026-08-03 09:46:00,198.80999755859372,199.10450744628903,198.67999267578125,198.7700042724609,257054.0
2026-08-03 09:47:00,198.8267974853516,199.4600067138672,198.76780700683597,199.4499969482422,365965.0
2026-08-03 09:48:00,199.47000122070312,199.8468017578125,199.2700042724609,199.5800018310547,505514.0
2026-08-03 09:49:00,199.55999755859372,199.94000244140625,199.3999938964844,199.72000122070312,278713.0
2026-08-03 09:50:00,199.67999267578125,199.8600006103516,199.33999633789065,199.50999450683597,333097.0
2026-08-03 09:51:00,199.51499938964844,199.8600006103516,199.4499969482422,199.52999877929688,297808.0
2026-08-03 09:52:00,199.5249938964844,199.8800048828125,199.47000122070312,199.7250061035156,382230.0
2026-08-03 09:53:00,199.7400054931641,200.17579650878903,199.6699981689453,200.13499450683597,502476.0
2026-08-03 09:54:00,200.1199951171875,200.22000122070312,199.83999633789065,200.21499633789065,438630.0
2026-08-03 09:55:00,200.22509765625,200.3699951171875,199.94000244140625,200.17999267578125,365890.0
2026-08-03 09:56:00,200.21499633789065,200.72999572753903,200.1999969482422,200.6999969482422,361875.0
2026-08-03 09:57:00,200.7001037597656,201.52999877929688,200.7001037597656,201.4199981689453,574384.0
2026-08-03 09:58:00,201.42999267578125,202.05999755859372,201.32000732421875,201.875,714152.0
2026-08-03 09:59:00,201.88499450683597,202.3500061035156,201.7700042724609,202.2624053955078,521592.0
2026-08-03 10:00:00,202.22999572753903,202.47250366210935,201.9900054931641,202.43499755859372,629240.0
2026-08-03 10:01:00,202.4445953369141,202.72999572753903,202.30999755859372,202.3867950439453,902540.0
2026-08-03 10:02:00,202.3999938964844,202.44000244140625,201.50999450683597,201.77999877929688,667390.0
2026-08-03 10:03:00,201.80999755859372,202.33999633789065,201.75999450683597,202.13999938964844,767403.0
2026-08-03 10:04:00,202.1499938964844,202.4799041748047,201.8011932373047,202.3999938964844,369612.0
2026-08-03 10:05:00,202.3699951171875,202.9550018310547,202.13999938964844,202.9550018310547,582127.0
2026-08-03 10:06:00,202.94000244140625,203.875,202.8600006103516,203.76519775390625,1133020.0
2026-08-03 10:07:00,203.7350006103516,203.9600067138672,203.3699951171875,203.41000366210935,618849.0
2026-08-03 10:08:00,203.4001007080078,204.05999755859372,203.16009521484372,203.8917999267578,784773.0
2026-08-03 10:09:00,203.93499755859372,204.0399932861328,203.7700042724609,203.9698944091797,384057.0
2026-08-03 10:10:00,203.97000122070312,204.6999053955078,203.91000366210935,204.57000732421875,604152.0
2026-08-03 10:11:00,204.57009887695312,205.3300018310547,204.52999877929688,205.0941925048828,938167.0
2026-08-03 10:12:00,205.08999633789065,205.58999633789065,204.8504943847656,204.8999938964844,661769.0
2026-08-03 10:13:00,204.8999938964844,204.92999267578125,204.3000030517578,204.34500122070312,536903.0
2026-08-03 10:14:00,204.32000732421875,204.33999633789065,203.9199981689453,204.2100067138672,409108.0
2026-08-03 10:15:00,204.1999969482422,204.2899932861328,203.9499969482422,204.1699981689453,285356.0
2026-08-03 10:16:00,204.1699981689453,204.76510620117188,204.1699981689453,204.6100006103516,442855.0
2026-08-03 10:17:00,204.6300048828125,205.07000732421875,204.3999938964844,205.0399932861328,407451.0
2026-08-03 10:18:00,205.00010681152344,205.2100067138672,204.91000366210935,205.0,394105.0
2026-08-03 10:19:00,204.9949951171875,205.02999877929688,204.3600006103516,204.375,363552.0
2026-08-03 10:20:00,204.375,205.0890045166016,204.2301025390625,205.0850067138672,375815.0
2026-08-03 10:21:00,205.0749969482422,205.3892974853516,205.0,205.31509399414065,418254.0
2026-08-03 10:22:00,205.30999755859372,205.63999938964844,205.16000366210935,205.42999267578125,490581.0
2026-08-03 10:23:00,205.44000244140625,205.6199951171875,205.3500061035156,205.47999572753903,369312.0
2026-08-03 10:24:00,205.5200042724609,205.72000122070312,205.24009704589844,205.4550018310547,420937.0
2026-08-03 10:25:00,205.44000244140625,205.6499938964844,205.30999755859372,205.33009338378903,272442.0
2026-08-03 10:26:00,205.335205078125,205.66000366210935,205.1499938964844,205.4550018310547,364098.0
2026-08-03 10:27:00,205.4550018310547,205.4600067138672,204.75,204.9600067138672,395942.0
2026-08-03 10:28:00,204.94000244140625,205.1916046142578,204.88999938964844,204.94500732421875,341996.0
2026-08-03 10:29:00,204.92190551757807,205.39010620117188,204.8950042724609,205.39010620117188,407442.0
2026-08-03 10:30:00,205.38999938964844,205.42599487304688,204.8000946044922,204.9499969482422,430648.0
2026-08-03 10:31:00,204.94500732421875,205.3699951171875,204.94000244140625,205.16000366210935,318374.0
2026-08-03 10:32:00,205.1499938964844,205.42999267578125,204.97999572753903,205.2749938964844,396059.0
2026-08-03 10:33:00,205.27999877929688,205.4900054931641,205.2400054931641,205.4199981689453,300201.0
2026-08-03 10:34:00,205.42010498046875,205.75,205.3661956787109,205.47000122070312,478527.0
2026-08-03 10:35:00,205.47999572753903,205.69790649414065,205.3699951171875,205.69790649414065,382903.0
2026-08-03 10:36:00,205.75,205.8800048828125,205.52999877929688,205.6699981689453,329876.0
2026-08-03 10:37:00,205.7050018310547,205.88999938964844,205.6000061035156,205.60499572753903,388978.0
2026-08-03 10:38:00,205.6100006103516,205.7899932861328,205.5749969482422,205.7899932861328,280670.0
2026-08-03 10:39:00,205.8000030517578,206.2700042724609,205.75,205.8800048828125,651896.0
2026-08-03 10:40:00,205.8950042724609,206.31500244140625,205.80999755859372,206.2350006103516,357267.0
2026-08-03 10:41:00,206.2350006103516,206.3699951171875,205.88999938964844,206.08999633789065,385051.0
2026-08-03 10:42:00,206.125,206.16000366210935,205.7400054931641,205.8000030517578,363283.0
2026-08-03 10:43:00,205.80499267578125,205.91000366210935,205.50999450683597,205.8300018310547,321624.0
2026-08-03 10:44:00,205.80999755859372,206.1100006103516,205.69000244140625,206.00999450683597,272991.0
2026-08-03 10:45:00,206.00999450683597,206.0749969482422,205.71499633789065,205.7404937744141,211139.0
2026-08-03 10:46:00,205.75,206.2700042724609,205.74009704589844,206.05999755859372,312976.0
2026-08-03 10:47:00,206.0500030517578,206.06919860839844,205.875,205.97999572753903,212482.0
2026-08-03 10:48:00,205.9759979248047,206.3999938964844,205.9499969482422,206.10499572753903,288157.0
2026-08-03 10:49:00,206.11990356445312,206.375,206.0500946044922,206.17999267578125,279618.0
2026-08-03 10:50:00,206.1499938964844,206.4550018310547,206.0,206.2400054931641,369974.0
2026-08-03 10:51:00,206.2550048828125,206.4499969482422,206.08009338378903,206.3717041015625,373650.0
2026-08-03 10:52:00,206.3650054931641,206.4600067138672,206.19009399414065,206.2801055908203,189294.0
2026-08-03 10:53:00,206.30999755859372,206.57000732421875,206.27999877929688,206.3699951171875,333940.0
2026-08-03 10:54:00,206.32000732421875,206.4250030517578,206.0500030517578,206.1199951171875,240723.0
2026-08-03 10:55:00,206.16000366210935,206.44000244140625,206.0800018310547,206.375,217669.0
2026-08-03 10:56:00,206.375,206.6000061035156,206.33999633789065,206.35499572753903,286953.0
2026-08-03 10:57:00,206.3699951171875,206.5500030517578,206.16000366210935,206.52999877929688,246750.0
2026-08-03 10:58:00,206.52999877929688,206.52999877929688,206.18209838867188,206.3950042724609,304294.0
2026-08-03 10:59:00,206.38999938964844,206.4900054931641,206.17999267578125,206.2899932861328,231711.0
2026-08-03 11:00:00,206.2919006347656,206.2919006347656,206.0800018310547,206.2299041748047,280207.0
2026-08-03 11:01:00,206.23989868164065,206.47000122070312,206.17999267578125,206.3650054931641,275778.0
2026-08-03 11:02:00,206.3800048828125,206.6199951171875,206.2700042724609,206.55499267578125,376144.0
2026-08-03 11:03:00,206.55499267578125,206.8800048828125,206.47999572753903,206.7949981689453,544991.0
2026-08-03 11:04:00,206.8000030517578,207.08999633789065,206.63999938964844,207.0800018310547,629545.0
2026-08-03 11:05:00,207.0800018310547,207.2100067138672,206.82000732421875,206.9696044921875,383706.0
2026-08-03 11:06:00,206.97999572753903,206.97999572753903,206.55050659179688,206.6499938964844,329206.0
2026-08-03 11:07:00,206.66000366210935,206.9900054931641,206.4102935791016,206.86990356445312,420745.0
2026-08-03 11:08:00,206.85499572753903,207.1199951171875,206.7400054931641,206.88499450683597,321801.0
2026-08-03 11:09:00,206.8699951171875,206.91000366210935,206.3999938964844,206.4499969482422,309164.0
2026-08-03 11:10:00,206.44000244140625,206.72000122070312,206.27999877929688,206.6699981689453,293899.0
2026-08-03 11:11:00,206.6495056152344,206.64990234375,206.25,206.55999755859372,236024.0
2026-08-03 11:12:00,206.5500030517578,206.8000030517578,206.4600982666016,206.7949981689453,266496.0
2026-08-03 11:13:00,206.77999877929688,207.08999633789065,206.6999969482422,206.6999969482422,335528.0
2026-08-03 11:14:00,206.69000244140625,206.8500061035156,206.5345001220703,206.63499450683597,205913.0
2026-08-03 11:15:00,206.63499450683597,207.0500030517578,206.6199951171875,206.97450256347656,239766.0
2026-08-03 11:16:00,206.97000122070312,207.22000122070312,206.8995056152344,207.04730224609372,342619.0
2026-08-03 11:17:00,207.03500366210935,207.0500030517578,206.6000061035156,206.78990173339844,302196.0
2026-08-03 11:18:00,206.78990173339844,206.97000122070312,206.7100067138672,206.94000244140625,161774.0
2026-08-03 11:19:00,206.94000244140625,207.1000061035156,206.83999633789065,207.0,273566.0
2026-08-03 11:20:00,207.00999450683597,207.3300018310547,207.0050048828125,207.32000732421875,311244.0
2026-08-03 11:21:00,207.3300018310547,207.3999938964844,207.0,207.05999755859372,283844.0
2026-08-03 11:22:00,207.0800018310547,207.0800018310547,206.82000732421875,207.01499938964844,230967.0
2026-08-03 11:23:00,207.0200958251953,207.1999969482422,206.9900054931641,207.1649932861328,245767.0
2026-08-03 11:24:00,207.1649932861328,207.27999877929688,206.94309997558597,206.9499969482422,226533.0
2026-08-03 11:25:00,206.9499969482422,207.21499633789065,206.8500061035156,207.0500030517578,389541.0
2026-08-03 11:26:00,207.0449981689453,207.17999267578125,206.92999267578125,206.97000122070312,401072.0
2026-08-03 11:27:00,206.9600067138672,207.0399932861328,206.8000030517578,207.0249938964844,204318.0
2026-08-03 11:28:00,207.0200042724609,207.05999755859372,206.38999938964844,206.67999267578125,315463.0
2026-08-03 11:29:00,206.6898956298828,206.8300018310547,206.3999938964844,206.4149932861328,190508.0
2026-08-03 11:30:00,206.4199981689453,207.1000061035156,206.41000366210935,206.8800048828125,258388.0
2026-08-03 11:31:00,206.88609313964844,207.2400054931641,206.8699951171875,206.90499877929688,332688.0
2026-08-03 11:32:00,206.94000244140625,207.0099029541016,206.7200927734375,206.7819976806641,188065.0
2026-08-03 11:33:00,206.8000030517578,207.0,206.7400054931641,206.97999572753903,166828.0
2026-08-03 11:34:00,206.9600067138672,207.15989685058597,206.9149932861328,207.0399932861328,211935.0
2026-08-03 11:35:00,207.0399932861328,207.05999755859372,206.7447052001953,206.92999267578125,927793.0
2026-08-03 11:36:00,206.9300994873047,206.9799041748047,206.63499450683597,206.6649932861328,319518.0
2026-08-03 11:37:00,206.66000366210935,206.75999450683597,206.3699951171875,206.4084930419922,229779.0
2026-08-03 11:38:00,206.40989685058597,206.4600067138672,206.2700042724609,206.34829711914065,208671.0
2026-08-03 11:39:00,206.3000030517578,206.57000732421875,206.29969787597656,206.55499267578125,160271.0
2026-08-03 11:40:00,206.5399932861328,206.8800048828125,206.52999877929688,206.7350006103516,188123.0
2026-08-03 11:41:00,206.7350006103516,206.8500061035156,206.66000366210935,206.7400054931641,116465.0
2026-08-03 11:42:00,206.7400054931641,206.77999877929688,206.66000366210935,206.7162933349609,153218.0
2026-08-03 11:43:00,206.72999572753903,206.7550048828125,206.53070068359372,206.67999267578125,139671.0
2026-08-03 11:44:00,206.67999267578125,206.6999969482422,206.55999755859372,206.63499450683597,90871.0
2026-08-03 11:45:00,206.63499450683597,206.7700042724609,206.6300048828125,206.7100067138672,151233.0
2026-08-03 11:46:00,206.75,206.77999877929688,206.6100006103516,206.67999267578125,130935.0
2026-08-03 11:47:00,206.6699981689453,206.75999450683597,206.63999938964844,206.6999969482422,88233.0
2026-08-03 11:48:00,206.70050048828125,206.8000030517578,206.6499938964844,206.7100067138672,135643.0
2026-08-03 11:49:00,206.6999969482422,206.9900054931641,206.6649932861328,206.8999938964844,179087.0
2026-08-03 11:50:00,206.88999938964844,207.12579345703125,206.8800048828125,207.0699005126953,258842.0
2026-08-03 11:51:00,207.07000732421875,207.1199951171875,206.7801055908203,206.8600006103516,133562.0
2026-08-03 11:52:00,206.8600006103516,206.97000122070312,206.80999755859372,206.96609497070312,113918.0
2026-08-03 11:53:00,206.9499969482422,207.1000061035156,206.91000366210935,207.1000061035156,894909.0
2026-08-03 11:54:00,207.1000061035156,207.1300048828125,206.9499969482422,206.96029663085935,137061.0
2026-08-03 11:55:00,206.9600067138672,207.1499938964844,206.8300018310547,207.07000732421875,235635.0
2026-08-03 11:56:00,207.0800018310547,207.19000244140625,207.0200042724609,207.03500366210935,171729.0
2026-08-03 11:57:00,207.03500366210935,207.0449981689453,206.72999572753903,206.8500061035156,163669.0
2026-08-03 11:58:00,206.8300018310547,206.90499877929688,206.7700042724609,206.80999755859372,105671.0
2026-08-03 11:59:00,206.80999755859372,206.88999938964844,206.75,206.77999877929688,194251.0
2026-08-03 12:00:00,206.7749938964844,206.88499450683597,206.67010498046875,206.6831970214844,194397.0
2026-08-03 12:01:00,206.69500732421875,206.8000030517578,206.6100006103516,206.7100067138672,130245.0
2026-08-03 12:02:00,206.6999969482422,206.8800048828125,206.6999969482422,206.85499572753903,95353.0
2026-08-03 12:03:00,206.8500061035156,206.91000366210935,206.7539978027344,206.8302001953125,147360.0
2026-08-03 12:04:00,206.83999633789065,206.92999267578125,206.75999450683597,206.8300018310547,117907.0
2026-08-03 12:05:00,206.84689331054688,207.05499267578125,206.82000732421875,206.94000244140625,187786.0
2026-08-03 12:06:00,206.94000244140625,206.9568023681641,206.83999633789065,206.8500061035156,208765.0
2026-08-03 12:07:00,206.8800048828125,206.9600067138672,206.73590087890625,206.8600006103516,116219.0
2026-08-03 12:08:00,206.8285980224609,207.1100006103516,206.8022003173828,206.8600006103516,232754.0
2026-08-03 12:09:00,206.8699951171875,207.07989501953125,206.80999755859372,207.07000732421875,110748.0
2026-08-03 12:10:00,207.08999633789065,207.16000366210935,206.97999572753903,206.9900054931641,142636.0
2026-08-03 12:11:00,206.9900054931641,207.039306640625,206.91000366210935,207.0,91885.0
2026-08-03 12:12:00,206.97999572753903,207.125,206.9550018310547,207.0500030517578,122712.0
2026-08-03 12:13:00,207.05999755859372,207.13999938964844,206.94000244140625,207.08999633789065,84883.0
2026-08-03 12:14:00,207.08999633789065,207.22999572753903,206.9501037597656,207.1300048828125,174975.0
2026-08-03 12:15:00,207.1199951171875,207.22999572753903,207.0500030517578,207.13999938964844,127547.0
2026-08-03 12:16:00,207.13999938964844,207.31500244140625,207.13999938964844,207.25999450683597,165562.0
2026-08-03 12:17:00,207.25,207.4250030517578,207.2400054931641,207.26060485839844,184872.0
2026-08-03 12:18:00,207.2700042724609,207.30999755859372,207.11129760742188,207.25,163611.0
2026-08-03 12:19:00,207.25999450683597,207.3300018310547,207.14010620117188,207.18499755859372,140003.0
2026-08-03 12:20:00,207.19000244140625,207.19000244140625,207.0330047607422,207.08999633789065,167609.0
2026-08-03 12:21:00,207.1100006103516,207.33999633789065,207.1000061035156,207.25999450683597,205153.0
2026-08-03 12:22:00,207.25,207.47999572753903,207.25,207.3999938964844,178483.0
2026-08-03 12:23:00,207.4001007080078,207.47999572753903,207.26319885253903,207.30999755859372,137008.0
2026-08-03 12:24:00,207.3240966796875,207.34500122070312,207.0,207.0778961181641,131118.0
2026-08-03 12:25:00,207.0749969482422,207.27639770507807,207.0749969482422,207.13999938964844,106561.0
2026-08-03 12:26:00,207.1199951171875,207.1367950439453,206.8999938964844,207.0200958251953,170846.0
2026-08-03 12:27:00,207.0301055908203,207.139892578125,207.01499938964844,207.05999755859372,173368.0
2026-08-03 12:28:00,207.05679321289065,207.2100067138672,207.00999450683597,207.1999969482422,108397.0
2026-08-03 12:29:00,207.1999969482422,207.21499633789065,207.0500946044922,207.08999633789065,97761.0
2026-08-03 12:30:00,207.08680725097656,207.10499572753903,206.92999267578125,207.02999877929688,147249.0
2026-08-03 12:31:00,207.0249938964844,207.0399932861328,206.91000366210935,206.97000122070312,148055.0
2026-08-03 12:32:00,206.9600067138672,206.97999572753903,206.69000244140625,206.80499267578125,152339.0
2026-08-03 12:33:00,206.7899932861328,206.97999572753903,206.7700042724609,206.91000366210935,367409.0
2026-08-03 12:34:00,206.88999938964844,206.97999572753903,206.83999633789065,206.8699951171875,122075.0
2026-08-03 12:35:00,206.8699951171875,207.0399932861328,206.7899932861328,206.9900054931641,141675.0
2026-08-03 12:36:00,206.9850006103516,207.1199951171875,206.88999938964844,206.9199981689453,171570.0
2026-08-03 12:37:00,206.91000366210935,206.92990112304688,206.75999450683597,206.7700042724609,120304.0
2026-08-03 12:38:00,206.7700042724609,207.00999450683597,206.7400054931641,206.9949951171875,117544.0
2026-08-03 12:39:00,207.0,207.00999450683597,206.8650054931641,206.9499969482422,84191.0
2026-08-03 12:40:00,206.9750061035156,207.13499450683597,206.9250030517578,207.0699005126953,152462.0
2026-08-03 12:41:00,207.0399932861328,207.0901031494141,206.9199981689453,207.00999450683597,97229.0
2026-08-03 12:42:00,207.0,207.0399932861328,206.7801971435547,206.87989807128903,155442.0
2026-08-03 12:43:00,206.8600006103516,207.0,206.72000122070312,206.9600067138672,137199.0
2026-08-03 12:44:00,206.9600067138672,207.1100006103516,206.9600067138672,207.08999633789065,125574.0
2026-08-03 12:45:00,207.1000061035156,207.2700042724609,206.92999267578125,207.19000244140625,206337.0
2026-08-03 12:46:00,207.19500732421875,207.32000732421875,207.1699981689453,207.1699981689453,109035.0
2026-08-03 12:47:00,207.16009521484372,207.2899932861328,207.09500122070312,207.1656951904297,108125.0
2026-08-03 12:48:00,207.1999969482422,207.22999572753903,207.1199951171875,207.1699981689453,74173.0
2026-08-03 12:49:00,207.17999267578125,207.2100067138672,207.10499572753903,207.10499572753903,74277.0
2026-08-03 12:50:00,207.11099243164065,207.23989868164065,207.05999755859372,207.2100067138672,101094.0
2026-08-03 12:51:00,207.1999969482422,207.2050018310547,207.00999450683597,207.1100006103516,120714.0
2026-08-03 12:52:00,207.1100006103516,207.1499938964844,206.97000122070312,207.01010131835935,89596.0
2026-08-03 12:53:00,207.00999450683597,207.07000732421875,206.9199981689453,206.9900054931641,136861.0
2026-08-03 12:54:00,206.9949951171875,207.0800018310547,206.9600067138672,206.97999572753903,79475.0
2026-08-03 12:55:00,206.9700927734375,207.0290985107422,206.8999938964844,206.92010498046875,89106.0
2026-08-03 12:56:00,206.92999267578125,207.13999938964844,206.92010498046875,207.1000061035156,106381.0
2026-08-03 12:57:00,207.08999633789065,207.08999633789065,206.97000122070312,207.02999877929688,71390.0
2026-08-03 12:58:00,207.0399932861328,207.0399932861328,206.9199981689453,206.9600067138672,77534.0
2026-08-03 12:59:00,206.9600067138672,206.97000122070312,206.8600006103516,206.8999938964844,138041.0
2026-08-03 13:00:00,206.8999938964844,206.9378967285156,206.82000732421875,206.83999633789065,92532.0
2026-08-03 13:01:00,206.85499572753903,207.02999877929688,206.8500061035156,206.92999267578125,123030.0
2026-08-03 13:02:00,206.92999267578125,207.1300048828125,206.9001007080078,207.02999877929688,113621.0
2026-08-03 13:03:00,207.0296936035156,207.0296936035156,206.8600006103516,206.9900054931641,139064.0
2026-08-03 13:04:00,206.9900054931641,207.1000061035156,206.92579650878903,207.07000732421875,158545.0
2026-08-03 13:05:00,207.05999755859372,207.14990234375,206.92999267578125,206.99989318847656,127540.0
2026-08-03 13:06:00,207.0200042724609,207.0399932861328,206.9600982666016,207.0399932861328,64512.0
2026-08-03 13:07:00,207.03509521484372,207.1103057861328,207.0,207.0850067138672,84490.0
2026-08-03 13:08:00,207.0800018310547,207.1199951171875,207.0301055908203,207.07000732421875,108625.0
2026-08-03 13:09:00,207.05999755859372,207.2749938964844,207.05999755859372,207.13980102539065,179488.0
2026-08-03 13:10:00,207.1201019287109,207.5,207.1201019287109,207.44000244140625,303545.0
2026-08-03 13:11:00,207.42999267578125,207.6000061035156,207.41000366210935,207.55999755859372,350918.0
2026-08-03 13:12:00,207.5500030517578,207.6199951171875,207.4199981689453,207.4250030517578,176169.0
2026-08-03 13:13:00,207.4250030517578,207.6100006103516,207.42019653320312,207.55999755859372,254580.0
2026-08-03 13:14:00,207.55999755859372,207.6000061035156,207.4750061035156,207.53500366210935,136509.0
2026-08-03 13:15:00,207.52999877929688,207.6100006103516,207.4600067138672,207.4720001220703,338433.0
2026-08-03 13:16:00,207.46499633789065,207.5498962402344,207.3600006103516,207.47000122070312,139984.0
2026-08-03 13:17:00,207.45309448242188,207.52999877929688,207.41000366210935,207.4600982666016,154336.0
2026-08-03 13:18:00,207.47000122070312,207.58999633789065,207.42999267578125,207.57000732421875,196122.0
2026-08-03 13:19:00,207.5749969482422,207.875,207.55999755859372,207.8699951171875,246177.0
2026-08-03 13:20:00,207.85499572753903,207.91000366210935,207.7209930419922,207.72999572753903,167617.0
2026-08-03 13:21:00,207.7400054931641,207.8350067138672,207.69000244140625,207.7700042724609,105501.0
2026-08-03 13:22:00,207.76010131835935,208.06979370117188,207.76010131835935,208.0449981689453,447792.0
2026-08-03 13:23:00,208.05999755859372,208.1699981689453,208.0399932861328,208.1300048828125,215734.0
2026-08-03 13:24:00,208.1100006103516,208.3300018310547,208.08999633789065,208.2899932861328,307159.0
2026-08-03 13:25:00,208.2899932861328,208.32000732421875,208.20989990234372,208.25,164046.0
2026-08-03 13:26:00,208.2449951171875,208.47000122070312,208.2400054931641,208.4499969482422,204498.0
2026-08-03 13:27:00,208.4550018310547,208.63499450683597,208.41000366210935,208.5800018310547,268471.0
2026-08-03 13:28:00,208.5800018310547,208.67990112304688,208.55999755859372,208.56500244140625,244775.0
2026-08-03 13:29:00,208.5601043701172,208.63999938964844,208.5200042724609,208.59500122070312,173475.0
2026-08-03 13:30:00,208.5998992919922,208.6439971923828,208.47000122070312,208.5200042724609,169070.0
2026-08-03 13:31:00,208.51499938964844,208.6199951171875,208.42999267578125,208.44000244140625,216164.0
2026-08-03 13:32:00,208.4250030517578,208.5399932861328,208.3500061035156,208.40499877929688,178547.0
2026-08-03 13:33:00,208.3928985595703,208.53970336914065,208.3500061035156,208.47000122070312,168808.0
2026-08-03 13:34:00,208.4700927734375,208.7100067138672,208.44500732421875,208.6699981689453,226757.0
2026-08-03 13:35:00,208.67779541015625,208.67999267578125,208.57000732421875,208.6100006103516,137358.0
2026-08-03 13:36:00,208.6199951171875,208.66940307617188,208.5500030517578,208.5500030517578,115489.0
2026-08-03 13:37:00,208.55999755859372,208.6067047119141,208.3800048828125,208.38999938964844,349477.0
2026-08-03 13:38:00,208.3997039794922,208.4199981689453,208.1831970214844,208.25999450683597,227362.0
2026-08-03 13:39:00,208.25999450683597,208.25999450683597,207.92999267578125,207.94000244140625,231630.0
2026-08-03 13:40:00,207.9550018310547,207.96209716796875,207.80999755859372,207.8600006103516,142645.0
2026-08-03 13:41:00,207.8650054931641,207.8999938964844,207.7700042724609,207.80999755859372,164460.0
2026-08-03 13:42:00,207.80999755859372,207.84500122070312,207.75,207.7899932861328,141202.0
2026-08-03 13:43:00,207.77999877929688,207.9095001220703,207.6902008056641,207.8950042724609,188002.0
2026-08-03 13:44:00,207.9098052978516,207.97000122070312,207.8500061035156,207.96499633789065,152779.0
2026-08-03 13:45:00,207.9499969482422,207.9900054931641,207.8500061035156,207.875,163920.0
2026-08-03 13:46:00,207.8800048828125,207.8950042724609,207.67999267578125,207.69009399414065,159727.0
2026-08-03 13:47:00,207.69000244140625,207.8500061035156,207.67999267578125,207.83999633789065,128388.0
2026-08-03 13:48:00,207.8300018310547,207.84500122070312,207.6699981689453,207.72000122070312,116407.0
2026-08-03 13:49:00,207.72509765625,207.82000732421875,207.66000366210935,207.80999755859372,158830.0
2026-08-03 13:50:00,207.80999755859372,207.8199005126953,207.7001037597656,207.7700042724609,181343.0
2026-08-03 13:51:00,207.75,207.83790588378903,207.7400054931641,207.83790588378903,117561.0
2026-08-03 13:52:00,207.82009887695312,207.88999938964844,207.75,207.7949981689453,192759.0
2026-08-03 13:53:00,207.7949981689453,207.8600006103516,207.7700042724609,207.8500061035156,101290.0
2026-08-03 13:54:00,207.8300018310547,207.9900054931641,207.8000030517578,207.97999572753903,432126.0
2026-08-03 13:55:00,207.9801025390625,208.22999572753903,207.9801025390625,208.13999938964844,307649.0
2026-08-03 13:56:00,208.1300048828125,208.2637939453125,208.1300048828125,208.24969482421875,183158.0
2026-08-03 13:57:00,208.25,208.44000244140625,208.24200439453125,208.3999938964844,232358.0
2026-08-03 13:58:00,208.3999938964844,208.4499969482422,208.30999755859372,208.3300018310547,209748.0
2026-08-03 13:59:00,208.3000030517578,208.34500122070312,208.11090087890625,208.11090087890625,305611.0
2026-08-03 14:00:00,208.11990356445312,208.32989501953125,208.05999755859372,208.2899932861328,197148.0
2026-08-03 14:01:00,208.30990600585935,208.4499969482422,208.2200927734375,208.25,212160.0
2026-08-03 14:02:00,208.25,208.32000732421875,208.17010498046875,208.3000030517578,182836.0
2026-08-03 14:03:00,208.30999755859372,208.3699951171875,208.25999450683597,208.3500061035156,178363.0
2026-08-03 14:04:00,208.33999633789065,208.3800048828125,208.2700042724609,208.3600006103516,151849.0
2026-08-03 14:05:00,208.3800048828125,208.5500030517578,208.360107421875,208.44509887695312,194633.0
2026-08-03 14:06:00,208.4499969482422,208.4600067138672,208.25999450683597,208.26939392089844,138626.0
2026-08-03 14:07:00,208.2700042724609,208.36990356445312,208.25,208.3500061035156,209070.0
2026-08-03 14:08:00,208.3401031494141,208.5193023681641,208.28030395507807,208.4900054931641,117656.0
2026-08-03 14:09:00,208.50999450683597,208.55499267578125,208.47999572753903,208.5200042724609,219373.0
2026-08-03 14:10:00,208.5200042724609,208.7400054931641,208.5200042724609,208.64849853515625,205574.0
2026-08-03 14:11:00,208.63999938964844,208.63999938964844,208.4750061035156,208.5,137053.0
2026-08-03 14:12:00,208.4801025390625,208.52999877929688,208.31500244140625,208.4550018310547,126885.0
2026-08-03 14:13:00,208.46499633789065,208.53900146484372,208.3280029296875,208.36990356445312,145043.0
2026-08-03 14:14:00,208.35499572753903,208.3800048828125,208.25999450683597,208.25999450683597,132108.0
2026-08-03 14:15:00,208.27999877929688,208.3999938964844,208.2700042724609,208.35069274902344,118726.0
2026-08-03 14:16:00,208.3500061035156,208.4499969482422,208.3500061035156,208.38999938964844,133934.0
2026-08-03 14:17:00,208.40499877929688,208.50999450683597,208.3300018310547,208.3650054931641,120432.0
2026-08-03 14:18:00,208.3650054931641,208.42999267578125,208.1499938964844,208.1649932861328,136963.0
2026-08-03 14:19:00,208.16000366210935,208.17999267578125,208.0200042724609,208.0500030517578,163750.0
2026-08-03 14:20:00,208.05499267578125,208.0838928222656,207.6999969482422,207.8294982910156,281323.0
2026-08-03 14:21:00,207.8300018310547,208.02999877929688,207.7709045410156,207.8500061035156,233922.0
2026-08-03 14:22:00,207.8500061035156,208.0749969482422,207.77999877929688,208.05499267578125,212585.0
2026-08-03 14:23:00,208.06500244140625,208.17990112304688,208.0500030517578,208.1499938964844,131784.0
2026-08-03 14:24:00,208.13999938964844,208.2100067138672,208.02999877929688,208.02999877929688,174628.0
2026-08-03 14:25:00,208.02999877929688,208.110107421875,208.0,208.0901031494141,77044.0
2026-08-03 14:26:00,208.08999633789065,208.1100006103516,207.82000732421875,207.88999938964844,115730.0
2026-08-03 14:27:00,207.88999938964844,207.88999938964844,207.72999572753903,207.8000030517578,153021.0
2026-08-03 14:28:00,207.80499267578125,207.8300018310547,207.57000732421875,207.60299682617188,178859.0
2026-08-03 14:29:00,207.6150054931641,207.72000122070312,207.6150054931641,207.7100067138672,147179.0
2026-08-03 14:30:00,207.6999969482422,207.8699951171875,207.66009521484372,207.6699981689453,178162.0
2026-08-03 14:31:00,207.66050720214844,207.82000732421875,207.66050720214844,207.7700042724609,143556.0
2026-08-03 14:32:00,207.7700042724609,207.8000030517578,207.7050018310547,207.7749938964844,72169.0
2026-08-03 14:33:00,207.7700042724609,207.8000030517578,207.61050415039065,207.6300048828125,165454.0
2026-08-03 14:34:00,207.6300048828125,207.7400054931641,207.6000061035156,207.6999969482422,112841.0
2026-08-03 14:35:00,207.6829071044922,207.8000030517578,207.63999938964844,207.77999877929688,108884.0
2026-08-03 14:36:00,207.77999877929688,207.8300018310547,207.6499938964844,207.8000030517578,147034.0
2026-08-03 14:37:00,207.8000946044922,207.8300018310547,207.7301025390625,207.8300018310547,195963.0
2026-08-03 14:38:00,207.83999633789065,207.83999633789065,207.69000244140625,207.82000732421875,100177.0
2026-08-03 14:39:00,207.8101043701172,207.91000366210935,207.8000030517578,207.83999633789065,114373.0
2026-08-03 14:40:00,207.8419952392578,207.92999267578125,207.81300354003903,207.83999633789065,87891.0
2026-08-03 14:41:00,207.8650054931641,207.94000244140625,207.8000946044922,207.92999267578125,84965.0
2026-08-03 14:42:00,207.94000244140625,207.97000122070312,207.8249969482422,207.9499969482422,127506.0
2026-08-03 14:43:00,207.9499969482422,208.02999877929688,207.8670959472656,208.00999450683597,163367.0
2026-08-03 14:44:00,208.01499938964844,208.07000732421875,207.97000122070312,208.0,144629.0
2026-08-03 14:45:00,208.0,208.1100006103516,207.8999938964844,208.0,134280.0
2026-08-03 14:46:00,207.9900054931641,207.9900054931641,207.83099365234372,207.97999572753903,102549.0
2026-08-03 14:47:00,207.97000122070312,207.9700927734375,207.7700042724609,207.81719970703125,98122.0
2026-08-03 14:48:00,207.83999633789065,207.8995056152344,207.7700042724609,207.85499572753903,119176.0
2026-08-03 14:49:00,207.8500061035156,207.9499969482422,207.8500061035156,207.90499877929688,103734.0
2026-08-03 14:50:00,207.9113006591797,207.9600067138672,207.8300018310547,207.8600006103516,77912.0
2026-08-03 14:51:00,207.85499572753903,207.94009399414065,207.8000030517578,207.92019653320312,79958.0
2026-08-03 14:52:00,207.9199981689453,207.9900054931641,207.8950042724609,207.91000366210935,101794.0
2026-08-03 14:53:00,207.94000244140625,208.0200042724609,207.8950042724609,208.01499938964844,109384.0
2026-08-03 14:54:00,208.0200042724609,208.07000732421875,207.91000366210935,207.91000366210935,200625.0
2026-08-03 14:55:00,207.9199981689453,207.9600067138672,207.860107421875,207.860107421875,92736.0
2026-08-03 14:56:00,207.8650054931641,207.8999938964844,207.6999969482422,207.7050018310547,101979.0
2026-08-03 14:57:00,207.6999969482422,207.9579925537109,207.69500732421875,207.9579925537109,117636.0
2026-08-03 14:58:00,207.94000244140625,208.10989379882807,207.92010498046875,208.08999633789065,190677.0
2026-08-03 14:59:00,208.08999633789065,208.17999267578125,208.05999755859372,208.16000366210935,175560.0
2026-08-03 15:00:00,208.15499877929688,208.6396942138672,208.15499877929688,208.3699951171875,346635.0
2026-08-03 15:01:00,208.3800048828125,208.5500030517578,208.32000732421875,208.4900054931641,334790.0
2026-08-03 15:02:00,208.50999450683597,208.6499938964844,208.4900054931641,208.57000732421875,224325.0
2026-08-03 15:03:00,208.55999755859372,208.6100006103516,208.4600067138672,208.5200042724609,177196.0
2026-08-03 15:04:00,208.5200958251953,208.66000366210935,208.44000244140625,208.65989685058597,185778.0
2026-08-03 15:05:00,208.63900756835935,208.69700622558597,208.4600067138672,208.66009521484372,214572.0
2026-08-03 15:06:00,208.6699981689453,208.72000122070312,208.5,208.58030700683597,200671.0
2026-08-03 15:07:00,208.58999633789065,208.6000061035156,208.3500061035156,208.3500061035156,150117.0
2026-08-03 15:08:00,208.34019470214844,208.37989807128903,208.19000244140625,208.3600006103516,227951.0
2026-08-03 15:09:00,208.35499572753903,208.3999938964844,208.25999450683597,208.3699951171875,179692.0
2026-08-03 15:10:00,208.3800048828125,208.42999267578125,208.2698974609375,208.2698974609375,158155.0
2026-08-03 15:11:00,208.2657928466797,208.32000732421875,208.1999969482422,208.2749938964844,170791.0
2026-08-03 15:12:00,208.27999877929688,208.30499267578125,207.9949951171875,208.00030517578125,264660.0
2026-08-03 15:13:00,208.0,208.0,207.63999938964844,207.7899932861328,232380.0
2026-08-03 15:14:00,207.77999877929688,207.80999755859372,207.69000244140625,207.74989318847656,196236.0
2026-08-03 15:15:00,207.75,207.90969848632807,207.71499633789065,207.88499450683597,270963.0
2026-08-03 15:16:00,207.88499450683597,207.9001007080078,207.78500366210935,207.78500366210935,201287.0
2026-08-03 15:17:00,207.78500366210935,208.0,207.67999267578125,207.94000244140625,274983.0
2026-08-03 15:18:00,207.9499969482422,208.02999877929688,207.9102020263672,207.9499969482422,158556.0
2026-08-03 15:19:00,207.9600067138672,208.1000061035156,207.92999267578125,208.03500366210935,155005.0
2026-08-03 15:20:00,208.04010009765625,208.07000732421875,207.9010009765625,207.9199981689453,184374.0
2026-08-03 15:21:00,207.9499969482422,208.0500030517578,207.9499969482422,208.0099029541016,98497.0
2026-08-03 15:22:00,208.0,208.07000732421875,207.97000122070312,208.0500030517578,109701.0
2026-08-03 15:23:00,208.0449981689453,208.0800018310547,207.9499969482422,207.99020385742188,162023.0
2026-08-03 15:24:00,207.9900054931641,208.00999450683597,207.92999267578125,207.97000122070312,111741.0
2026-08-03 15:25:00,207.96029663085935,208.14599609375,207.9499969482422,208.0200042724609,200077.0
2026-08-03 15:26:00,208.0249938964844,208.0249938964844,207.9199981689453,208.0050048828125,136551.0
2026-08-03 15:27:00,208.0200042724609,208.08999633789065,207.9600067138672,208.0800018310547,161017.0
2026-08-03 15:28:00,208.07000732421875,208.1000061035156,207.88299560546875,207.8919982910156,261611.0
2026-08-03 15:29:00,207.88999938964844,208.0,207.7949981689453,207.83999633789065,198477.0
2026-08-03 15:30:00,207.8500061035156,207.9199981689453,207.7100067138672,207.7250061035156,209502.0
2026-08-03 15:31:00,207.7350006103516,207.88999938964844,207.5399932861328,207.66200256347656,313595.0
2026-08-03 15:32:00,207.6699981689453,207.7899932861328,207.66009521484372,207.7400054931641,228705.0
2026-08-03 15:33:00,207.72999572753903,207.72999572753903,207.51010131835935,207.5500946044922,226785.0
2026-08-03 15:34:00,207.55999755859372,207.70509338378903,207.55499267578125,207.69000244140625,189741.0
2026-08-03 15:35:00,207.67999267578125,207.8300018310547,207.63999938964844,207.75999450683597,191536.0
2026-08-03 15:36:00,207.76010131835935,207.82000732421875,207.6000061035156,207.6199951171875,185752.0
2026-08-03 15:37:00,207.610107421875,207.67999267578125,207.42999267578125,207.4499969482422,237126.0
2026-08-03 15:38:00,207.4600067138672,207.5200042724609,207.3600006103516,207.41000366210935,180175.0
2026-08-03 15:39:00,207.4199981689453,207.4199981689453,207.2100067138672,207.22999572753903,265505.0
2026-08-03 15:40:00,207.2400054931641,207.47000122070312,207.1000061035156,207.4199981689453,344165.0
2026-08-03 15:41:00,207.4134979248047,207.4499969482422,207.16009521484372,207.2350006103516,329328.0
2026-08-03 15:42:00,207.22999572753903,207.27999877929688,207.22000122070312,207.25,149435.0
2026-08-03 15:43:00,207.25,207.25999450683597,207.1150054931641,207.19679260253903,135133.0
2026-08-03 15:44:00,207.19000244140625,207.33999633789065,207.19000244140625,207.2700042724609,192831.0
2026-08-03 15:45:00,207.2749938964844,207.30999755859372,207.2209930419922,207.27999877929688,138544.0
2026-08-03 15:46:00,207.2998962402344,207.2998962402344,207.19000244140625,207.2100067138672,137846.0
2026-08-03 15:47:00,207.1999969482422,207.41000366210935,207.16000366210935,207.3350067138672,225243.0
2026-08-03 15:48:00,207.3500061035156,207.44000244140625,207.27999877929688,207.3000030517578,158660.0
2026-08-03 15:49:00,207.2899932861328,207.3000030517578,207.10499572753903,207.13999938964844,204246.0
2026-08-03 15:50:00,207.1499938964844,207.3000030517578,206.8999938964844,207.08999633789065,571209.0
2026-08-03 15:51:00,207.08999633789065,207.19000244140625,206.98049926757807,207.07000732421875,463883.0
2026-08-03 15:52:00,207.0500946044922,207.1699981689453,206.97000122070312,206.97999572753903,298063.0
2026-08-03 15:53:00,206.97000122070312,207.02999877929688,206.3531951904297,206.44790649414065,655371.0
2026-08-03 15:54:00,206.4199981689453,206.45730590820312,205.9199981689453,206.18499755859372,1080974.0
2026-08-03 15:55:00,206.19000244140625,206.5,206.0749969482422,206.0749969482422,836971.0
2026-08-03 15:56:00,206.07000732421875,206.2899932861328,206.0,206.2899932861328,638244.0
2026-08-03 15:57:00,206.3000030517578,206.6100006103516,206.2949981689453,206.5850067138672,658756.0
2026-08-03 15:58:00,206.5800018310547,206.67999267578125,206.4774932861328,206.67999267578125,745880.0
2026-08-03 15:59:00,206.67999267578125,206.75999450683597,206.52999877929688,206.69000244140625,1749741.0
2026-08-04 09:30:00,210.67999267578125,210.7100067138672,210.66009521484372,210.66009521484372,6410376.0
2026-08-04 09:31:00,210.69000244140625,211.75,210.6499938964844,211.58999633789065,824332.0
2026-08-04 09:32:00,211.5800018310547,212.1708984375,210.88999938964844,211.27999877929688,854495.0
2026-08-04 09:33:00,211.2749938964844,211.5099029541016,210.47999572753903,210.5850067138672,533457.0
2026-08-04 09:34:00,210.6000061035156,210.9197998046875,210.50010681152344,210.8999938964844,461799.0
2026-08-04 09:35:00,210.9199981689453,211.47999572753903,210.63999938964844,211.3350067138672,613466.0
2026-08-04 09:36:00,211.3600006103516,211.7400054931641,211.04220581054688,211.07000732421875,593344.0
2026-08-04 09:37:00,211.07000732421875,211.2899932861328,210.8249969482422,211.27999877929688,415530.0
2026-08-04 09:38:00,211.27999877929688,211.5500030517578,210.8000030517578,210.8000030517578,546506.0
2026-08-04 09:39:00,210.8000030517578,210.97000122070312,210.52999877929688,210.9600067138672,499223.0
2026-08-04 09:40:00,210.97720336914065,211.1999969482422,210.81500244140625,210.9199981689453,541556.0
2026-08-04 09:41:00,211.0,211.3999938964844,211.0,211.11990356445312,418073.0
2026-08-04 09:42:00,211.1300048828125,211.3800048828125,210.9499969482422,211.1499938964844,438215.0
2026-08-04 09:43:00,211.15550231933597,211.25999450683597,210.7816925048828,211.1000061035156,401219.0
2026-08-04 09:44:00,211.0850067138672,211.42999267578125,211.05999755859372,211.2068023681641,322113.0
2026-08-04 09:45:00,211.25,211.83999633789065,211.24989318847656,211.83999633789065,616930.0
2026-08-04 09:46:00,211.82200622558597,212.1100006103516,211.7899932861328,211.9499969482422,665852.0
2026-08-04 09:47:00,211.9550018310547,211.97000122070312,211.47000122070312,211.60499572753903,522716.0
2026-08-04 09:48:00,211.6499938964844,211.83999633789065,211.1300048828125,211.1602020263672,378340.0
2026-08-04 09:49:00,211.1649932861328,211.6000061035156,210.69000244140625,210.7749938964844,743995.0
2026-08-04 09:50:00,210.7700042724609,211.24989318847656,210.5800018310547,210.58009338378903,688584.0
2026-08-04 09:51:00,210.55499267578125,210.8500061035156,210.5500030517578,210.80990600585935,369731.0
2026-08-04 09:52:00,210.79249572753903,210.91000366210935,210.57000732421875,210.8350067138672,321648.0
2026-08-04 09:53:00,210.8500061035156,210.8800048828125,210.5648956298828,210.72000122070312,352941.0
2026-08-04 09:54:00,210.7400054931641,210.9250030517578,210.6150054931641,210.9250030517578,372188.0
2026-08-04 09:55:00,210.9149932861328,210.91799926757807,210.2100067138672,210.2700042724609,411410.0
2026-08-04 09:56:00,210.2700042724609,210.3571929931641,209.5301055908203,209.5850067138672,772725.0
2026-08-04 09:57:00,209.58819580078125,209.8094024658203,209.19000244140625,209.38999938964844,489319.0
2026-08-04 09:58:00,209.3999938964844,209.97000122070312,209.38999938964844,209.81900024414065,454146.0
2026-08-04 09:59:00,209.82000732421875,210.0399932861328,209.5901031494141,210.0399932861328,342073.0
2026-08-04 10:00:00,210.0,210.28500366210935,209.80999755859372,210.27999877929688,334216.0
2026-08-04 10:01:00,210.2400054931641,210.25,209.88999938964844,210.0518951416016,293581.0
2026-08-04 10:02:00,210.0500030517578,210.1300048828125,209.7899932861328,210.01449584960935,299986.0
2026-08-04 10:03:00,210.0200042724609,210.1199951171875,209.8300018310547,209.9900054931641,219346.0
2026-08-04 10:04:00,210.0493011474609,210.1100006103516,209.8699951171875,209.9900054931641,214675.0
2026-08-04 10:05:00,209.9900054931641,210.1999969482422,209.8999938964844,210.1199951171875,227485.0
2026-08-04 10:06:00,210.1649932861328,210.2554931640625,210.0379943847656,210.1649932861328,254994.0
2026-08-04 10:07:00,210.1699981689453,210.7700042724609,210.0699005126953,210.72999572753903,581749.0
2026-08-04 10:08:00,210.7299041748047,210.83999633789065,210.4521942138672,210.4900054931641,264982.0
2026-08-04 10:09:00,210.4900054931641,210.6150054931641,210.2400054931641,210.35020446777344,293795.0
2026-08-04 10:10:00,210.3600006103516,210.41000366210935,210.02999877929688,210.3500061035156,334618.0
2026-08-04 10:11:00,210.3500061035156,210.41000366210935,210.0200042724609,210.13999938964844,248368.0
2026-08-04 10:12:00,210.1300048828125,210.32000732421875,209.97000122070312,210.18499755859372,282348.0
2026-08-04 10:13:00,210.1999969482422,210.2550048828125,209.97999572753903,210.1150054931641,226676.0
2026-08-04 10:14:00,210.1000061035156,210.389892578125,210.00999450683597,210.22000122070312,254084.0
2026-08-04 10:15:00,210.22000122070312,210.29849243164065,209.91000366210935,209.94500732421875,228304.0
2026-08-04 10:16:00,209.97000122070312,209.97000122070312,209.61329650878903,209.75,358641.0
2026-08-04 10:17:00,209.73269653320312,209.889892578125,209.6385955810547,209.75999450683597,305748.0
2026-08-04 10:18:00,209.7899932861328,209.91000366210935,209.6499938964844,209.8699951171875,159738.0
2026-08-04 10:19:00,209.8699951171875,210.08909606933597,209.625,209.71499633789065,295301.0
2026-08-04 10:20:00,209.72999572753903,209.72999572753903,209.2080993652344,209.2301025390625,416972.0
2026-08-04 10:21:00,209.22000122070312,209.33999633789065,209.1150054931641,209.32000732421875,276682.0
2026-08-04 10:22:00,209.32000732421875,209.63999938964844,209.2100067138672,209.58999633789065,347212.0
2026-08-04 10:23:00,209.6000061035156,209.7400054931641,209.30999755859372,209.58999633789065,236422.0
2026-08-04 10:24:00,209.60989379882807,209.6100006103516,209.22999572753903,209.5800018310547,258336.0
2026-08-04 10:25:00,209.58990478515625,210.0800018310547,209.4900054931641,210.07989501953125,413362.0
2026-08-04 10:26:00,210.0868988037109,210.32000732421875,210.06280517578125,210.1300048828125,340998.0
2026-08-04 10:27:00,210.1649932861328,210.3950042724609,210.1199951171875,210.1699981689453,256904.0
2026-08-04 10:28:00,210.19000244140625,210.3500061035156,210.17999267578125,210.27999877929688,162823.0
2026-08-04 10:29:00,210.26010131835935,210.3000030517578,210.00999450683597,210.2624053955078,224404.0
2026-08-04 10:30:00,210.2400054931641,210.25860595703125,209.78500366210935,209.8300018310547,284067.0
2026-08-04 10:31:00,209.8300018310547,210.1499938964844,209.8000030517578,209.88999938964844,268882.0
2026-08-04 10:32:00,209.88499450683597,210.08999633789065,209.80999755859372,210.0749969482422,208467.0
2026-08-04 10:33:00,210.1000061035156,210.2400054931641,210.02999877929688,210.1499938964844,255729.0
2026-08-04 10:34:00,210.1450042724609,210.2100067138672,210.0,210.1840057373047,197919.0
2026-08-04 10:35:00,210.1750030517578,210.4499969482422,210.1499938964844,210.32000732421875,319148.0
2026-08-04 10:36:00,210.3000030517578,210.58999633789065,210.3000030517578,210.50999450683597,423563.0
2026-08-04 10:37:00,210.4900054931641,210.72999572753903,210.2899932861328,210.4850006103516,462149.0
2026-08-04 10:38:00,210.4900054931641,210.5500030517578,210.2400054931641,210.30999755859372,439580.0
2026-08-04 10:39:00,210.32000732421875,210.39990234375,210.17999267578125,210.30499267578125,175769.0
2026-08-04 10:40:00,210.30999755859372,210.3227996826172,209.9129943847656,210.0200042724609,239373.0
2026-08-04 10:41:00,209.9949951171875,210.1150054931641,209.91000366210935,209.92999267578125,226973.0
2026-08-04 10:42:00,209.92999267578125,210.1448974609375,209.8300018310547,210.05499267578125,216958.0
2026-08-04 10:43:00,210.05499267578125,210.07000732421875,209.8999938964844,209.97999572753903,158207.0
2026-08-04 10:44:00,209.9499969482422,210.17999267578125,209.8999938964844,210.1649932861328,142550.0
2026-08-04 10:45:00,210.1300048828125,210.17990112304688,209.9900054931641,210.08999633789065,323509.0
2026-08-04 10:46:00,210.0850067138672,210.27980041503903,210.05999755859372,210.2050018310547,186061.0
2026-08-04 10:47:00,210.19000244140625,210.72000122070312,210.16000366210935,210.72000122070312,227748.0
2026-08-04 10:48:00,210.7100067138672,211.0,210.63009643554688,210.97999572753903,459490.0
2026-08-04 10:49:00,210.97999572753903,211.03990173339844,210.8101043701172,210.9199981689453,397541.0
2026-08-04 10:50:00,210.90249633789065,211.0200042724609,210.0800018310547,210.0800018310547,506157.0
2026-08-04 10:51:00,210.07000732421875,210.07000732421875,209.69500732421875,209.88079833984372,370793.0
2026-08-04 10:52:00,209.90550231933597,210.26499938964844,209.8600006103516,210.1499938964844,293719.0
2026-08-04 10:53:00,210.13999938964844,210.25,209.8500061035156,209.88949584960935,336651.0
2026-08-04 10:54:00,209.8699951171875,209.88999938964844,209.35450744628903,209.59500122070312,474635.0
2026-08-04 10:55:00,209.6300048828125,209.72999572753903,209.50999450683597,209.55999755859372,294445.0
2026-08-04 10:56:00,209.57000732421875,209.6499938964844,209.3999938964844,209.4600067138672,248488.0
2026-08-04 10:57:00,209.4499969482422,209.4499969482422,209.0500030517578,209.08999633789065,386884.0
2026-08-04 10:58:00,209.07000732421875,209.50999450683597,209.05999755859372,209.38499450683597,288767.0
2026-08-04 10:59:00,209.3999938964844,209.6199951171875,209.3701019287109,209.57000732421875,190924.0
2026-08-04 11:00:00,209.55999755859372,209.9499053955078,209.5399932861328,209.7700042724609,353566.0
2026-08-04 11:01:00,209.79910278320312,209.88949584960935,209.7100067138672,209.78990173339844,167202.0
2026-08-04 11:02:00,209.77999877929688,209.8350067138672,209.5,209.7250061035156,206087.0
2026-08-04 11:03:00,209.72000122070312,210.0,209.69500732421875,209.8699951171875,248283.0
2026-08-04 11:04:00,209.91000366210935,210.05999755859372,209.8800048828125,209.8999938964844,267961.0
2026-08-04 11:05:00,209.8999938964844,209.97000122070312,209.75999450683597,209.80999755859372,158135.0
2026-08-04 11:06:00,209.80999755859372,209.88980102539065,209.7200927734375,209.8350067138672,156441.0
2026-08-04 11:07:00,209.8350067138672,209.92999267578125,209.7700042724609,209.8999938964844,211307.0
2026-08-04 11:08:00,209.88999938964844,209.9199981689453,209.77999877929688,209.8249969482422,208507.0
2026-08-04 11:09:00,209.8300018310547,209.8954925537109,209.7400054931641,209.760498046875,117694.0
2026-08-04 11:10:00,209.7700042724609,209.7949981689453,209.6499938964844,209.77999877929688,145535.0
2026-08-04 11:11:00,209.75999450683597,209.76499938964844,209.57000732421875,209.6905059814453,229184.0
2026-08-04 11:12:00,209.6999969482422,209.7899932861328,209.69000244140625,209.7749938964844,147835.0
2026-08-04 11:13:00,209.77999877929688,209.9113006591797,209.7449951171875,209.82000732421875,135041.0
2026-08-04 11:14:00,209.82000732421875,210.11749267578125,209.8000030517578,210.0449981689453,243846.0
2026-08-04 11:15:00,210.0399932861328,210.25,209.9900054931641,210.13499450683597,227006.0
2026-08-04 11:16:00,210.1125030517578,210.1699981689453,209.92999267578125,210.0749969482422,192141.0
2026-08-04 11:17:00,210.07000732421875,210.1300048828125,210.00999450683597,210.05999755859372,131471.0
2026-08-04 11:18:00,210.06500244140625,210.22999572753903,209.97999572753903,210.07000732421875,156821.0
2026-08-04 11:19:00,210.0850067138672,210.2949981689453,210.0016021728516,210.22000122070312,336857.0
2026-08-04 11:20:00,210.22000122070312,210.2899932861328,210.1199951171875,210.22000122070312,169590.0
2026-08-04 11:21:00,210.21499633789065,210.3800048828125,210.1499938964844,210.3650054931641,227939.0
2026-08-04 11:22:00,210.389892578125,210.45140075683597,210.08999633789065,210.1999053955078,305392.0
2026-08-04 11:23:00,210.17999267578125,210.38999938964844,210.1499938964844,210.2400054931641,189651.0
2026-08-04 11:24:00,210.22999572753903,210.28500366210935,210.0,210.0800018310547,235103.0
2026-08-04 11:25:00,210.0800018310547,210.1100006103516,209.96499633789065,209.9900054931641,143121.0
2026-08-04 11:26:00,209.97999572753903,210.1000061035156,209.8699951171875,210.08999633789065,209247.0
2026-08-04 11:27:00,210.0850067138672,210.1300048828125,209.8600006103516,209.875,154585.0
2026-08-04 11:28:00,209.8999938964844,210.03500366210935,209.8500061035156,209.9700927734375,172823.0
2026-08-04 11:29:00,209.97999572753903,209.9900054931641,209.8800048828125,209.8999938964844,79285.0
2026-08-04 11:30:00,209.8999938964844,209.94000244140625,209.77999877929688,209.92990112304688,190418.0
2026-08-04 11:31:00,209.9199981689453,209.9799041748047,209.8000030517578,209.84190368652344,125149.0
2026-08-04 11:32:00,209.8350067138672,209.83999633789065,209.6999969482422,209.7400054931641,169270.0
2026-08-04 11:33:00,209.72999572753903,209.82000732421875,209.6699981689453,209.67999267578125,153368.0
2026-08-04 11:34:00,209.69009399414065,209.7899932861328,209.6199951171875,209.7704925537109,158218.0
2026-08-04 11:35:00,209.7700042724609,209.81500244140625,209.67999267578125,209.81500244140625,161724.0
2026-08-04 11:36:00,209.7700042724609,209.87989807128903,209.7010040283203,209.8498992919922,110567.0
2026-08-04 11:37:00,209.8502960205078,210.07000732421875,209.8500061035156,209.9900054931641,221626.0
2026-08-04 11:38:00,209.9900054931641,210.1999969482422,209.9199981689453,210.19000244140625,244048.0
2026-08-04 11:39:00,210.19000244140625,210.2899932861328,210.1004943847656,210.2044982910156,177986.0
2026-08-04 11:40:00,210.2050018310547,210.38999938964844,210.1999969482422,210.35989379882807,146316.0
2026-08-04 11:41:00,210.3600006103516,210.4398956298828,210.27999877929688,210.32000732421875,160869.0
2026-08-04 11:42:00,210.30999755859372,210.3699951171875,210.22000122070312,210.2949981689453,138950.0
2026-08-04 11:43:00,210.27999877929688,210.53700256347656,210.25010681152344,210.5249938964844,188752.0
2026-08-04 11:44:00,210.5200042724609,210.63999938964844,210.4499969482422,210.63699340820312,181136.0
2026-08-04 11:45:00,210.63999938964844,210.7700042724609,210.6199951171875,210.69500732421875,181576.0
2026-08-04 11:46:00,210.69500732421875,210.9499969482422,210.69500732421875,210.92999267578125,200200.0
2026-08-04 11:47:00,210.92999267578125,210.9499969482422,210.71499633789065,210.7449951171875,193217.0
2026-08-04 11:48:00,210.7400054931641,210.80499267578125,210.6999969482422,210.77999877929688,141485.0
2026-08-04 11:49:00,210.7700042724609,210.7700042724609,210.6000061035156,210.63499450683597,167162.0
2026-08-04 11:50:00,210.6300048828125,210.72999572753903,210.5749969482422,210.635498046875,188532.0
2026-08-04 11:51:00,210.6499938964844,210.8300018310547,210.6499938964844,210.8300018310547,203506.0
2026-08-04 11:52:00,210.82000732421875,210.8600006103516,210.72999572753903,210.7700042724609,133299.0
2026-08-04 11:53:00,210.77999877929688,210.83999633789065,210.6999969482422,210.72000122070312,132680.0
2026-08-04 11:54:00,210.6999969482422,210.8000030517578,210.67999267578125,210.69500732421875,164362.0
2026-08-04 11:55:00,210.69949340820312,210.88499450683597,210.6699981689453,210.8600006103516,200425.0
2026-08-04 11:56:00,210.8500061035156,210.90499877929688,210.7700958251953,210.7743988037109,106427.0
2026-08-04 11:57:00,210.7749938964844,210.8800048828125,210.7602996826172,210.8600006103516,108211.0
2026-08-04 11:58:00,210.8600006103516,210.8999938964844,210.75,210.75999450683597,170594.0
2026-08-04 11:59:00,210.75,210.8300018310547,210.67999267578125,210.7749938964844,129161.0
2026-08-04 12:00:00,210.7700042724609,210.8300018310547,210.6100006103516,210.69639587402344,162503.0
2026-08-04 12:01:00,210.67999267578125,210.7400054931641,210.4499969482422,210.5249938964844,155950.0
2026-08-04 12:02:00,210.5200042724609,210.6977996826172,210.5,210.6750030517578,147030.0
2026-08-04 12:03:00,210.6649932861328,210.69500732421875,210.50999450683597,210.50999450683597,107654.0
2026-08-04 12:04:00,210.5200042724609,210.6699066162109,210.4821014404297,210.66000366210935,154594.0
2026-08-04 12:05:00,210.67999267578125,210.71969604492188,210.6100006103516,210.7100067138672,153640.0
2026-08-04 12:06:00,210.7100067138672,210.7899932861328,210.60009765625,210.6313018798828,211590.0
2026-08-04 12:07:00,210.639892578125,210.6499938964844,210.52999877929688,210.610107421875,114275.0
2026-08-04 12:08:00,210.6199951171875,210.69000244140625,210.44000244140625,210.4900054931641,165136.0
2026-08-04 12:09:00,210.4900054931641,210.5200042724609,210.4331970214844,210.4900054931641,119336.0
2026-08-04 12:10:00,210.4700927734375,210.6300048828125,210.42010498046875,210.6031951904297,131732.0
2026-08-04 12:11:00,210.6100006103516,210.6199951171875,210.3800048828125,210.3800048828125,118940.0
2026-08-04 12:12:00,210.38999938964844,210.55999755859372,210.3701019287109,210.5500030517578,149672.0
2026-08-04 12:13:00,210.55499267578125,210.6300048828125,210.42999267578125,210.57009887695312,140212.0
2026-08-04 12:14:00,210.5800018310547,210.6000061035156,210.47999572753903,210.50999450683597,93253.0
2026-08-04 12:15:00,210.52999877929688,210.58999633789065,210.47000122070312,210.55999755859372,98247.0
2026-08-04 12:16:00,210.57049560546875,210.65989685058597,210.50999450683597,210.52999877929688,145241.0
2026-08-04 12:17:00,210.52020263671875,210.6199951171875,210.47999572753903,210.5605010986328,139528.0
2026-08-04 12:18:00,210.5800018310547,210.67999267578125,210.57000732421875,210.6499938964844,110279.0
2026-08-04 12:19:00,210.6499938964844,210.88980102539065,210.63999938964844,210.88980102539065,201833.0
2026-08-04 12:20:00,210.88009643554688,210.91000366210935,210.7550048828125,210.7700042724609,166673.0
2026-08-04 12:21:00,210.7899932861328,210.8800048828125,210.72000122070312,210.8000030517578,190796.0
2026-08-04 12:22:00,210.80499267578125,210.8300018310547,210.72000122070312,210.72999572753903,161151.0
2026-08-04 12:23:00,210.71499633789065,210.75999450683597,210.58560180664065,210.58999633789065,205490.0
2026-08-04 12:24:00,210.58999633789065,210.6499938964844,210.50999450683597,210.5189971923828,149432.0
2026-08-04 12:25:00,210.50999450683597,210.63999938964844,210.2700042724609,210.6199951171875,279935.0
2026-08-04 12:26:00,210.6100006103516,210.63999938964844,210.50999450683597,210.50999450683597,114950.0
2026-08-04 12:27:00,210.5198974609375,210.56939697265625,210.4600067138672,210.4929962158203,109214.0
2026-08-04 12:28:00,210.47999572753903,210.47999572753903,210.3000030517578,210.3300018310547,239306.0
2026-08-04 12:29:00,210.34500122070312,210.3600006103516,210.17010498046875,210.2203063964844,153793.0
2026-08-04 12:30:00,210.22000122070312,210.2550048828125,210.0601043701172,210.25,154120.0
2026-08-04 12:31:00,210.25,210.36990356445312,210.2400054931641,210.2899932861328,230462.0
2026-08-04 12:32:00,210.2949981689453,210.4199981689453,210.2949981689453,210.34500122070312,125950.0
2026-08-04 12:33:00,210.33999633789065,210.38999938964844,210.13499450683597,210.2250061035156,146260.0
2026-08-04 12:34:00,210.22999572753903,210.2350006103516,210.0,210.01499938964844,176453.0
2026-08-04 12:35:00,210.0110015869141,210.1300048828125,209.94000244140625,210.02999877929688,182699.0
2026-08-04 12:36:00,210.00999450683597,210.139892578125,210.00010681152344,210.0800018310547,114445.0
2026-08-04 12:37:00,210.07009887695312,210.3000030517578,210.07000732421875,210.27999877929688,152474.0
2026-08-04 12:38:00,210.2700042724609,210.2700958251953,210.1100006103516,210.2100067138672,185950.0
2026-08-04 12:39:00,210.22000122070312,210.33999633789065,210.19900512695312,210.2100067138672,133361.0
2026-08-04 12:40:00,210.1999969482422,210.22000122070312,210.1199951171875,210.1199951171875,103651.0
2026-08-04 12:41:00,210.1300048828125,210.22000122070312,210.1199951171875,210.1999969482422,90091.0
2026-08-04 12:42:00,210.17999267578125,210.32000732421875,210.16050720214844,210.30999755859372,134690.0
2026-08-04 12:43:00,210.3101043701172,210.5200042724609,210.3000030517578,210.4949951171875,162514.0
2026-08-04 12:44:00,210.4949951171875,210.56500244140625,210.4600067138672,210.4900054931641,181488.0
2026-08-04 12:45:00,210.4900054931641,210.5399932861328,210.3800048828125,210.4900054931641,104264.0
2026-08-04 12:46:00,210.48150634765625,210.5200042724609,210.44000244140625,210.47999572753903,101009.0
2026-08-04 12:47:00,210.47999572753903,210.50680541992188,210.42999267578125,210.5,93486.0
2026-08-04 12:48:00,210.50999450683597,210.56460571289065,210.4322052001953,210.4322052001953,115555.0
2026-08-04 12:49:00,210.44000244140625,210.4900054931641,210.38009643554688,210.4900054931641,102994.0
2026-08-04 12:50:00,210.45899963378903,210.58999633789065,210.4501037597656,210.57000732421875,183474.0
2026-08-04 12:51:00,210.57000732421875,210.6959991455078,210.57000732421875,210.6100006103516,188976.0
2026-08-04 12:52:00,210.6499938964844,210.72000122070312,210.6201019287109,210.69000244140625,149997.0
2026-08-04 12:53:00,210.6990966796875,210.72000122070312,210.63890075683597,210.71499633789065,85624.0
2026-08-04 12:54:00,210.7100067138672,210.7749938964844,210.6999969482422,210.7350006103516,115928.0
2026-08-04 12:55:00,210.75999450683597,210.7700042724609,210.6000061035156,210.63999938964844,186584.0
2026-08-04 12:56:00,210.63999938964844,210.7030029296875,210.610107421875,210.7030029296875,112843.0
2026-08-04 12:57:00,210.6999053955078,210.75,210.6300048828125,210.72000122070312,0.0
2026-08-04 12:58:00,210.71209716796875,210.71499633789065,210.55999755859372,210.55999755859372,113748.0
2026-08-04 12:59:00,210.57000732421875,210.6320953369141,210.52999877929688,210.62399291992188,110219.0
2026-08-04 13:00:00,210.6468048095703,210.77999877929688,210.6000061035156,210.75999450683597,324618.0
2026-08-04 13:01:00,210.75999450683597,210.91000366210935,210.75999450683597,210.84100341796875,154736.0
2026-08-04 13:02:00,210.83999633789065,210.86990356445312,210.75999450683597,210.77999877929688,151157.0
2026-08-04 13:03:00,210.7801055908203,210.8600006103516,210.75010681152344,210.8500061035156,176487.0
2026-08-04 13:04:00,210.8401031494141,211.1000061035156,210.83999633789065,211.1000061035156,389820.0
2026-08-04 13:05:00,211.08999633789065,211.2799072265625,211.05999755859372,211.0800018310547,244855.0
2026-08-04 13:06:00,211.07000732421875,211.33999633789065,211.0399932861328,211.30999755859372,276805.0
2026-08-04 13:07:00,211.32000732421875,211.3800048828125,211.22000122070312,211.33999633789065,326774.0
2026-08-04 13:08:00,211.33999633789065,211.33999633789065,211.1999969482422,211.3000030517578,126825.0
2026-08-04 13:09:00,211.2949981689453,211.3600006103516,211.2100067138672,211.2700042724609,115676.0
2026-08-04 13:10:00,211.27999877929688,211.3000030517578,211.17300415039065,211.22999572753903,122595.0
2026-08-04 13:11:00,211.22999572753903,211.2700042724609,211.19500732421875,211.22000122070312,141569.0
2026-08-04 13:12:00,211.22999572753903,211.3000030517578,211.2100067138672,211.2700042724609,101785.0
2026-08-04 13:13:00,211.25999450683597,211.26919555664065,211.1000061035156,211.2200927734375,114742.0
2026-08-04 13:14:00,211.22000122070312,211.3000030517578,211.19700622558597,211.2700042724609,141741.0
2026-08-04 13:15:00,211.2700042724609,211.38999938964844,211.17999267578125,211.3699951171875,225273.0
2026-08-04 13:16:00,211.3600006103516,211.3999938964844,211.21099853515625,211.25,177959.0
2026-08-04 13:17:00,211.25,211.3699951171875,211.18499755859372,211.3350067138672,145721.0
2026-08-04 13:18:00,211.3350067138672,211.4149932861328,211.2899932861328,211.3600006103516,193701.0
2026-08-04 13:19:00,211.3600006103516,211.4199981689453,211.3000030517578,211.3600006103516,114695.0
2026-08-04 13:20:00,211.3800048828125,211.3999938964844,211.2001037597656,211.21499633789065,156678.0
2026-08-04 13:21:00,211.2001037597656,211.33999633789065,211.19000244140625,211.2899932861328,123635.0
2026-08-04 13:22:00,211.2899932861328,211.3600006103516,211.2400054931641,211.3000030517578,115713.0
2026-08-04 13:23:00,211.3000030517578,211.4199981689453,211.22000122070312,211.41000366210935,139559.0
2026-08-04 13:24:00,211.3999938964844,211.4900054931641,211.2700042724609,211.27999877929688,152519.0
2026-08-04 13:25:00,211.27999877929688,211.3999938964844,211.26499938964844,211.3950042724609,90894.0
2026-08-04 13:26:00,211.3950042724609,211.5399932861328,211.3950042724609,211.4600067138672,212807.0
2026-08-04 13:27:00,211.45989990234372,211.6300048828125,211.44000244140625,211.5800018310547,201016.0
2026-08-04 13:28:00,211.6000061035156,211.6499938964844,211.5001983642578,211.5001983642578,113777.0
2026-08-04 13:29:00,211.5128936767578,211.5500030517578,211.3999938964844,211.4600067138672,123116.0
2026-08-04 13:30:00,211.4698944091797,211.4698944091797,211.2400054931641,211.3999938964844,170891.0
2026-08-04 13:31:00,211.4076995849609,211.4149932861328,211.3000030517578,211.3600006103516,99899.0
2026-08-04 13:32:00,211.3600006103516,211.3999938964844,211.26800537109372,211.35499572753903,129569.0
2026-08-04 13:33:00,211.3699951171875,211.4199981689453,211.2400054931641,211.24989318847656,91463.0
2026-08-04 13:34:00,211.2400054931641,211.3600006103516,211.1649932861328,211.3401031494141,147803.0
2026-08-04 13:35:00,211.3500061035156,211.4149932861328,211.2700958251953,211.3000030517578,140719.0
2026-08-04 13:36:00,211.2899932861328,211.42999267578125,211.2749938964844,211.42999267578125,127552.0
2026-08-04 13:37:00,211.42999267578125,211.69520568847656,211.4199981689453,211.67979431152344,198701.0
2026-08-04 13:38:00,211.68499755859372,211.8000030517578,211.6499938964844,211.65159606933597,283776.0
2026-08-04 13:39:00,211.65899658203125,211.77999877929688,211.6300048828125,211.7100982666016,155464.0
2026-08-04 13:40:00,211.7100067138672,211.8300018310547,211.7100067138672,211.8300018310547,137569.0
2026-08-04 13:41:00,211.82009887695312,211.88980102539065,211.72000122070312,211.76499938964844,174669.0
2026-08-04 13:42:00,211.76499938964844,211.7700042724609,211.60009765625,211.63999938964844,146234.0
2026-08-04 13:43:00,211.63999938964844,211.72999572753903,211.6300048828125,211.72000122070312,161628.0
2026-08-04 13:44:00,211.71499633789065,211.7700042724609,211.7100067138672,211.75999450683597,133446.0
2026-08-04 13:45:00,211.7700042724609,211.8300018310547,211.7400054931641,211.79010009765625,181690.0
2026-08-04 13:46:00,211.8000030517578,211.8699951171875,211.77999877929688,211.84500122070312,174568.0
2026-08-04 13:47:00,211.83999633789065,211.8699951171875,211.76019287109372,211.81500244140625,171605.0
2026-08-04 13:48:00,211.8105926513672,212.1199951171875,211.80999755859372,212.1100006103516,820356.0
2026-08-04 13:49:00,212.1100006103516,212.1150054931641,211.88999938964844,211.9250030517578,230907.0
2026-08-04 13:50:00,211.9199981689453,211.9199981689453,211.5832977294922,211.58999633789065,201512.0
2026-08-04 13:51:00,211.58999633789065,211.60989379882807,211.4225006103516,211.50999450683597,170249.0
2026-08-04 13:52:00,211.5,211.55990600585935,211.3999938964844,211.5399932861328,121968.0
2026-08-04 13:53:00,211.5500030517578,211.7899932861328,211.5500030517578,211.7400054931641,158956.0
2026-08-04 13:54:00,211.7400054931641,211.82000732421875,211.6802978515625,211.7100067138672,743941.0
2026-08-04 13:55:00,211.6999969482422,211.72000122070312,211.55999755859372,211.67999267578125,144502.0
2026-08-04 13:56:00,211.6781005859375,211.83990478515625,211.6699981689453,211.72000122070312,165240.0
2026-08-04 13:57:00,211.72000122070312,211.8300018310547,211.72000122070312,211.75999450683597,131898.0
2026-08-04 13:58:00,211.7700042724609,211.8600006103516,211.72000122070312,211.72000122070312,136835.0
2026-08-04 13:59:00,211.7100067138672,211.72439575195312,211.47000122070312,211.47999572753903,183400.0
2026-08-04 14:00:00,211.4900054931641,211.57000732421875,211.13999938964844,211.2100067138672,222894.0
2026-08-04 14:01:00,211.2198944091797,211.52999877929688,211.16000366210935,211.5209045410156,162601.0
2026-08-04 14:02:00,211.52999877929688,211.66000366210935,211.41000366210935,211.51499938964844,191553.0
2026-08-04 14:03:00,211.50999450683597,211.5500030517578,211.3842010498047,211.4300994873047,108868.0
2026-08-04 14:04:00,211.42999267578125,211.42999267578125,211.06500244140625,211.1150054931641,188606.0
2026-08-04 14:05:00,211.1199951171875,211.27999877929688,211.0399932861328,211.27999877929688,157130.0
2026-08-04 14:06:00,211.3000030517578,211.32000732421875,211.1000061035156,211.1999969482422,124096.0
2026-08-04 14:07:00,211.2050018310547,211.47999572753903,211.1999969482422,211.3350067138672,146675.0
2026-08-04 14:08:00,211.32000732421875,211.4199981689453,211.30999755859372,211.3800048828125,143771.0
2026-08-04 14:09:00,211.38999938964844,211.52999877929688,211.3300018310547,211.5,130541.0
2026-08-04 14:10:00,211.4850006103516,211.52999877929688,211.38499450683597,211.4501037597656,96849.0
2026-08-04 14:11:00,211.4600067138672,211.50999450683597,211.375,211.3800048828125,90109.0
2026-08-04 14:12:00,211.3800048828125,211.5364990234375,211.33999633789065,211.41009521484372,141968.0
2026-08-04 14:13:00,211.44000244140625,211.57000732421875,211.38999938964844,211.5500030517578,124285.0
2026-08-04 14:14:00,211.5500030517578,211.67999267578125,211.4501037597656,211.66009521484372,168121.0
2026-08-04 14:15:00,211.6699981689453,211.8000030517578,211.66000366210935,211.7700042724609,202943.0
2026-08-04 14:16:00,211.75999450683597,211.89990234375,211.7400054931641,211.8000030517578,187402.0
2026-08-04 14:17:00,211.77999877929688,211.8800048828125,211.7100067138672,211.7400054931641,106004.0
2026-08-04 14:18:00,211.7332000732422,211.88999938964844,211.72999572753903,211.8800048828125,121371.0
2026-08-04 14:19:00,211.8800048828125,211.92999267578125,211.82000732421875,211.8999938964844,164975.0
2026-08-04 14:20:00,211.8999938964844,212.13999938964844,211.8699951171875,212.1201019287109,339208.0
2026-08-04 14:21:00,212.1300048828125,212.19000244140625,211.9499969482422,212.00999450683597,239955.0
2026-08-04 14:22:00,212.00999450683597,212.16000366210935,211.9900054931641,212.0500030517578,180104.0
2026-08-04 14:23:00,212.0500030517578,212.16000366210935,212.02999877929688,212.05999755859372,100373.0
2026-08-04 14:24:00,212.05999755859372,212.1699981689453,212.02999877929688,212.1699981689453,133954.0
2026-08-04 14:25:00,212.1649932861328,212.32000732421875,212.1499938964844,212.30999755859372,931676.0
2026-08-04 14:26:00,212.28509521484372,212.3500061035156,212.2400054931641,212.3401031494141,194844.0
2026-08-04 14:27:00,212.3600006103516,212.50999450683597,212.30999755859372,212.41000366210935,386031.0
2026-08-04 14:28:00,212.3999938964844,212.6499938964844,212.3999938964844,212.56500244140625,348201.0
2026-08-04 14:29:00,212.57000732421875,212.58990478515625,212.44500732421875,212.55999755859372,187591.0
2026-08-04 14:30:00,212.57000732421875,212.69000244140625,212.5500030517578,212.68299865722656,206426.0
2026-08-04 14:31:00,212.68499755859372,212.72999572753903,212.61219787597656,212.66000366210935,255302.0
2026-08-04 14:32:00,212.66000366210935,212.747802734375,212.5904998779297,212.7100067138672,162457.0
2026-08-04 14:33:00,212.7032012939453,212.72000122070312,212.6024932861328,212.70989990234372,180965.0
2026-08-04 14:34:00,212.7100067138672,212.80999755859372,212.63389587402344,212.7899932861328,269614.0
2026-08-04 14:35:00,212.77999877929688,212.9199981689453,212.69000244140625,212.7169952392578,350579.0
2026-08-04 14:36:00,212.72999572753903,212.9900054931641,212.72000122070312,212.989501953125,276483.0
2026-08-04 14:37:00,212.9801025390625,213.0,212.67999267578125,212.7449951171875,545661.0
2026-08-04 14:38:00,212.75,212.75999450683597,212.59030151367188,212.6100006103516,242474.0
2026-08-04 14:39:00,212.63999938964844,212.6999969482422,212.52999877929688,212.66000366210935,213480.0
2026-08-04 14:40:00,212.66000366210935,212.66000366210935,212.42999267578125,212.47000122070312,202834.0
2026-08-04 14:41:00,212.4750061035156,212.5500030517578,212.42999267578125,212.47999572753903,159097.0
2026-08-04 14:42:00,212.47999572753903,212.47999572753903,212.22999572753903,212.25,216273.0
2026-08-04 14:43:00,212.25999450683597,212.3694000244141,212.1999969482422,212.2449951171875,245296.0
2026-08-04 14:44:00,212.2449951171875,212.38999938964844,212.1999969482422,212.3249969482422,160445.0
2026-08-04 14:45:00,212.3292999267578,212.5500030517578,212.25999450683597,212.4550018310547,210965.0
2026-08-04 14:46:00,212.4550018310547,212.63999938964844,212.4550018310547,212.6289978027344,197164.0
2026-08-04 14:47:00,212.63999938964844,212.6699981689453,212.5500030517578,212.6300048828125,217286.0
2026-08-04 14:48:00,212.6300048828125,212.72999572753903,212.6199951171875,212.67010498046875,189873.0
2026-08-04 14:49:00,212.69000244140625,212.8500061035156,212.6501007080078,212.80999755859372,229874.0
2026-08-04 14:50:00,212.80999755859372,212.93499755859372,212.7899932861328,212.82000732421875,206253.0
2026-08-04 14:51:00,212.82000732421875,212.91000366210935,212.7400054931641,212.88999938964844,284769.0
2026-08-04 14:52:00,212.88999938964844,212.9199981689453,212.7969970703125,212.83009338378903,295744.0
2026-08-04 14:53:00,212.83999633789065,212.91000366210935,212.7700958251953,212.8999938964844,183974.0
2026-08-04 14:54:00,212.8999938964844,212.92990112304688,212.81629943847656,212.8500061035156,127255.0
2026-08-04 14:55:00,212.8500061035156,212.91000366210935,212.7749938964844,212.77999877929688,189553.0
2026-08-04 14:56:00,212.7801055908203,212.83999633789065,212.72999572753903,212.80999755859372,182032.0
2026-08-04 14:57:00,212.80999755859372,212.8999938964844,212.80999755859372,212.8800048828125,213538.0
2026-08-04 14:58:00,212.88999938964844,212.9499969482422,212.8600006103516,212.88999938964844,170096.0
2026-08-04 14:59:00,212.88999938964844,212.9900054931641,212.8699951171875,212.9499969482422,231862.0
2026-08-04 15:00:00,212.94000244140625,213.0200042724609,212.8500061035156,212.97000122070312,379997.0
2026-08-04 15:01:00,212.9600067138672,213.0399932861328,212.91000366210935,212.9149932861328,323048.0
2026-08-04 15:02:00,212.94000244140625,213.00999450683597,212.8218994140625,213.0,189294.0
2026-08-04 15:03:00,213.00999450683597,213.0200042724609,212.9199981689453,212.9600067138672,182547.0
2026-08-04 15:04:00,212.9600067138672,213.0413055419922,212.8800048828125,213.0249938964844,278347.0
2026-08-04 15:05:00,213.0200042724609,213.05999755859372,212.7350006103516,212.8000030517578,375183.0
2026-08-04 15:06:00,212.7899932861328,212.9600067138672,212.7360992431641,212.88499450683597,199863.0
2026-08-04 15:07:00,212.88499450683597,212.88999938964844,212.7700042724609,212.82000732421875,148808.0
2026-08-04 15:08:00,212.82000732421875,212.97000122070312,212.8101043701172,212.9550018310547,188850.0
2026-08-04 15:09:00,212.9550018310547,212.97999572753903,212.8950042724609,212.9698944091797,156468.0
2026-08-04 15:10:00,212.9499969482422,212.96029663085935,212.72999572753903,212.74850463867188,291112.0
2026-08-04 15:11:00,212.75,212.9499969482422,212.72999572753903,212.8896026611328,415509.0
2026-08-04 15:12:00,212.87030029296875,212.8999938964844,212.6000061035156,212.6450042724609,300802.0
2026-08-04 15:13:00,212.6450042724609,212.6499938964844,212.55999755859372,212.61990356445312,175676.0
2026-08-04 15:14:00,212.6150054931641,212.72999572753903,212.58999633789065,212.67999267578125,168143.0
2026-08-04 15:15:00,212.6750030517578,212.7400054931641,212.63999938964844,212.66000366210935,226117.0
2026-08-04 15:16:00,212.65499877929688,212.94000244140625,212.6000061035156,212.87229919433597,253716.0
2026-08-04 15:17:00,212.8800048828125,212.9199066162109,212.8202972412109,212.83999633789065,183038.0
2026-08-04 15:18:00,212.83999633789065,212.94000244140625,212.7700042724609,212.8701019287109,247796.0
2026-08-04 15:19:00,212.88999938964844,212.9199981689453,212.7949981689453,212.80999755859372,170813.0
2026-08-04 15:20:00,212.8000030517578,212.8800048828125,212.8000030517578,212.8600006103516,166356.0
2026-08-04 15:21:00,212.85499572753903,212.8800048828125,212.77099609375,212.78990173339844,186772.0
2026-08-04 15:22:00,212.77999877929688,212.8249969482422,212.75,212.76499938964844,182803.0
2026-08-04 15:23:00,212.7700042724609,212.8394012451172,212.6999969482422,212.82000732421875,181691.0
2026-08-04 15:24:00,212.82000732421875,212.8350067138672,212.7100067138672,212.72999572753903,178178.0
2026-08-04 15:25:00,212.72999572753903,212.8000030517578,212.49899291992188,212.55999755859372,294479.0
2026-08-04 15:26:00,212.54150390625,212.6000061035156,212.4499969482422,212.5498962402344,209323.0
2026-08-04 15:27:00,212.5399932861328,212.59930419921875,212.44000244140625,212.4550018310547,167752.0
2026-08-04 15:28:00,212.4600067138672,212.4900054931641,212.2899932861328,212.3999938964844,306872.0
2026-08-04 15:29:00,212.41000366210935,212.5,212.30999755859372,212.4900054931641,221965.0
2026-08-04 15:30:00,212.4850006103516,212.52999877929688,212.39010620117188,212.3999938964844,229693.0
2026-08-04 15:31:00,212.3699951171875,212.7899932861328,212.3300018310547,212.78500366210935,396360.0
2026-08-04 15:32:00,212.77999877929688,212.7899932861328,212.6199951171875,212.72000122070312,245942.0
2026-08-04 15:33:00,212.72000122070312,212.72000122070312,212.5399932861328,212.6100006103516,231586.0
2026-08-04 15:34:00,212.6100006103516,212.6649932861328,212.50999450683597,212.6000061035156,201417.0
2026-08-04 15:35:00,212.60499572753903,212.6699981689453,212.4499969482422,212.47999572753903,238174.0
2026-08-04 15:36:00,212.4900054931641,212.56500244140625,212.4199981689453,212.50320434570312,169123.0
2026-08-04 15:37:00,212.50999450683597,212.63999938964844,212.4900054931641,212.6000061035156,178472.0
2026-08-04 15:38:00,212.6100006103516,212.72000122070312,212.6100006103516,212.68780517578125,190478.0
2026-08-04 15:39:00,212.67999267578125,212.8300018310547,212.6499938964844,212.80499267578125,368689.0
2026-08-04 15:40:00,212.8000030517578,212.8500061035156,212.75999450683597,212.8497009277344,234677.0
2026-08-04 15:41:00,212.84500122070312,212.9499969482422,212.84500122070312,212.8650054931641,303279.0
2026-08-04 15:42:00,212.8600006103516,212.90499877929688,212.76499938964844,212.83999633789065,258884.0
2026-08-04 15:43:00,212.8500061035156,212.92999267578125,212.75010681152344,212.92999267578125,179367.0
2026-08-04 15:44:00,212.9199981689453,212.94000244140625,212.83009338378903,212.8600006103516,200258.0
2026-08-04 15:45:00,212.8600006103516,212.8999938964844,212.7700042724609,212.8800048828125,238183.0
2026-08-04 15:46:00,212.875,212.97999572753903,212.8600006103516,212.8999938964844,247331.0
2026-08-04 15:47:00,212.88999938964844,212.9199981689453,212.7250061035156,212.8300018310547,1233917.0
2026-08-04 15:48:00,212.82000732421875,212.84500122070312,212.7350006103516,212.8220977783203,247723.0
2026-08-04 15:49:00,212.8300018310547,212.83999633789065,212.58999633789065,212.64010620117188,262366.0
2026-08-04 15:50:00,212.66000366210935,212.75999450683597,212.38999938964844,212.68899536132807,503380.0
2026-08-04 15:51:00,212.69000244140625,212.75999450683597,212.47999572753903,212.6000061035156,422817.0
2026-08-04 15:52:00,212.60499572753903,212.7550048828125,212.4600067138672,212.61990356445312,410421.0
2026-08-04 15:53:00,212.6100006103516,212.66000366210935,212.3300018310547,212.4199981689453,373395.0
2026-08-04 15:54:00,212.41000366210935,212.4750061035156,211.8999938964844,212.0290069580078,590898.0
2026-08-04 15:55:00,212.0500030517578,212.47999572753903,212.0500030517578,212.1199951171875,660447.0
2026-08-04 15:56:00,212.1000061035156,212.18499755859372,212.0,212.17999267578125,409153.0
2026-08-04 15:57:00,212.17999267578125,212.27999877929688,212.1499938964844,212.2100067138672,428598.0
2026-08-04 15:58:00,212.2001037597656,212.3300018310547,212.08999633789065,212.28990173339844,588774.0
2026-08-04 15:59:00,212.2949981689453,212.3699951171875,211.80999755859372,211.83999633789065,1713632.0
2026-08-05 09:30:00,216.8600006103516,219.1499938964844,216.3999938964844,217.9250030517578,9305224.0
2026-08-05 09:31:00,217.94000244140625,219.3699951171875,217.8500061035156,219.1450042724609,1514250.0
2026-08-05 09:32:00,219.1199951171875,219.6000061035156,218.1100006103516,218.5500030517578,1402761.0
2026-08-05 09:33:00,218.56500244140625,219.0,218.2899932861328,218.7949981689453,1180948.0
2026-08-05 09:34:00,218.8000030517578,218.97000122070312,217.9499969482422,218.3699951171875,1273908.0
2026-08-05 09:35:00,218.3699951171875,219.28500366210935,218.2700042724609,218.902099609375,1287951.0
2026-08-05 09:36:00,218.91000366210935,219.57000732421875,218.70089721679688,219.2700042724609,1102326.0
2026-08-05 09:37:00,219.25999450683597,219.94500732421875,218.9552001953125,219.77749633789065,1337237.0
2026-08-05 09:38:00,219.7895050048828,220.6999969482422,219.7400054931641,220.53500366210935,2965479.0
2026-08-05 09:39:00,220.5135040283203,221.1000061035156,220.3000030517578,221.0093994140625,1516847.0
2026-08-05 09:40:00,220.9900054931641,221.7700042724609,220.8999938964844,221.5,1220024.0
2026-08-05 09:41:00,221.49420166015625,221.6499938964844,220.9600067138672,221.625,1399196.0
2026-08-05 09:42:00,221.6199951171875,221.6199951171875,220.67999267578125,220.8500061035156,844517.0
2026-08-05 09:43:00,220.8300018310547,220.9499969482422,220.05999755859372,220.38999938964844,781596.0
2026-08-05 09:44:00,220.3699951171875,220.38999938964844,219.80999755859372,219.8999938964844,678344.0
2026-08-05 09:45:00,219.91000366210935,219.9499969482422,218.8600006103516,219.01199340820312,1024411.0
2026-08-05 09:46:00,219.00999450683597,219.80679321289065,218.9279937744141,219.7100067138672,803938.0
2026-08-05 09:47:00,219.7050018310547,220.7400054931641,219.55999755859372,220.7050018310547,1090732.0
2026-08-05 09:48:00,220.6988983154297,220.94500732421875,220.1499938964844,220.7350006103516,982526.0
2026-08-05 09:49:00,220.72000122070312,220.80999755859372,220.35899353027344,220.5800018310547,708920.0
2026-08-05 09:50:00,220.57000732421875,220.68060302734372,219.52999877929688,219.7700042724609,682780.0
2026-08-05 09:51:00,219.7400054931641,219.8524932861328,219.4700927734375,219.69000244140625,474721.0
2026-08-05 09:52:00,219.69000244140625,220.1699066162109,219.60009765625,220.02999877929688,553441.0
2026-08-05 09:53:00,220.03500366210935,220.3500061035156,219.7949981689453,219.9600067138672,679538.0
2026-08-05 09:54:00,219.9501037597656,220.0,219.3699951171875,219.7899932861328,522512.0
2026-08-05 09:55:00,219.7949981689453,219.79969787597656,219.42999267578125,219.69009399414065,407846.0
2026-08-05 09:56:00,219.69000244140625,219.7998962402344,219.4600982666016,219.4949951171875,513241.0
2026-08-05 09:57:00,219.4900054931641,220.5,219.47000122070312,220.44009399414065,743341.0
2026-08-05 09:58:00,220.4499969482422,221.1699981689453,220.4029998779297,221.1699981689453,921959.0
2026-08-05 09:59:00,221.1699981689453,221.3500061035156,221.0,221.15499877929688,725035.0
2026-08-05 10:00:00,221.15499877929688,221.1999969482422,220.57000732421875,221.1150054931641,720479.0
2026-08-05 10:01:00,221.08999633789065,221.1699981689453,220.781005859375,220.9499969482422,424232.0
2026-08-05 10:02:00,220.9499969482422,220.9499969482422,220.1100006103516,220.65499877929688,541252.0
2026-08-05 10:03:00,220.65499877929688,221.2550048828125,220.5500030517578,221.12049865722656,755676.0
2026-08-05 10:04:00,221.1450042724609,221.22999572753903,220.3800048828125,220.8500061035156,583662.0
2026-08-05 10:05:00,220.8600006103516,221.5200042724609,220.72000122070312,221.25,785385.0
2026-08-05 10:06:00,221.25,221.52999877929688,221.02999877929688,221.46929931640625,472283.0
2026-08-05 10:07:00,221.4600067138672,221.6999969482422,221.2100067138672,221.6699981689453,586456.0
2026-08-05 10:08:00,221.66000366210935,221.75,221.4199981689453,221.7250061035156,522599.0
2026-08-05 10:09:00,221.7400054931641,221.8350067138672,221.5200042724609,221.63999938964844,599275.0
2026-08-05 10:10:00,221.62579345703125,221.8800048828125,221.0,221.8699951171875,613408.0
2026-08-05 10:11:00,221.8699951171875,221.9900054931641,221.50999450683597,221.6699981689453,605490.0
2026-08-05 10:12:00,221.6699981689453,222.0200042724609,221.3999938964844,221.5330047607422,1241318.0
2026-08-05 10:13:00,221.5,222.0399932861328,221.5,221.8800048828125,482218.0
2026-08-05 10:14:00,221.8800048828125,222.16000366210935,221.76010131835935,221.9499969482422,448552.0
2026-08-05 10:15:00,221.92999267578125,222.22000122070312,221.7949981689453,221.91000366210935,506187.0
2026-08-05 10:16:00,221.9199981689453,222.0500030517578,221.47000122070312,221.69500732421875,478876.0
2026-08-05 10:17:00,221.66000366210935,221.9010009765625,221.4664001464844,221.88999938964844,343231.0
2026-08-05 10:18:00,221.875,221.9499969482422,221.72000122070312,221.8560028076172,302389.0
2026-08-05 10:19:00,221.83999633789065,221.9900054931641,221.5240020751953,221.56170654296875,336125.0
2026-08-05 10:20:00,221.5749969482422,221.7198944091797,221.13999938964844,221.7050018310547,499075.0
2026-08-05 10:21:00,221.7198944091797,221.72000122070312,220.8603973388672,221.07000732421875,574102.0
2026-08-05 10:22:00,221.00999450683597,221.4658050537109,220.8600006103516,221.3695068359375,401689.0
2026-08-05 10:23:00,221.375,221.43499755859372,220.8800048828125,221.22000122070312,307310.0
2026-08-05 10:24:00,221.25999450683597,221.71380615234372,221.2301025390625,221.67990112304688,402478.0
2026-08-05 10:25:00,221.6699981689453,221.97999572753903,221.5200042724609,221.57000732421875,464835.0
2026-08-05 10:26:00,221.58999633789065,221.8999938964844,221.2749938964844,221.40499877929688,316721.0
2026-08-05 10:27:00,221.4199981689453,221.5200042724609,221.0,221.13499450683597,379252.0
2026-08-05 10:28:00,221.1450042724609,221.1999969482422,220.8800048828125,220.94000244140625,419701.0
2026-08-05 10:29:00,220.9600067138672,221.0,220.7100067138672,220.7277984619141,420573.0
2026-08-05 10:30:00,220.6999969482422,220.72999572753903,220.0301971435547,220.3500061035156,634891.0
2026-08-05 10:31:00,220.3370056152344,220.4199981689453,219.7700042724609,219.80999755859372,518669.0
2026-08-05 10:32:00,219.8000030517578,220.22000122070312,219.6999969482422,220.1629943847656,465976.0
2026-08-05 10:33:00,220.15499877929688,220.50979614257807,219.92010498046875,220.3699951171875,398760.0
2026-08-05 10:34:00,220.3800048828125,220.5699005126953,220.1999969482422,220.33999633789065,322977.0
2026-08-05 10:35:00,220.3800048828125,220.6894073486328,220.26010131835935,220.3249969482422,350069.0
2026-08-05 10:36:00,220.31500244140625,220.36199951171875,220.0,220.2700042724609,361147.0
2026-08-05 10:37:00,220.2400054931641,220.3999938964844,219.75,219.80999755859372,353340.0
2026-08-05 10:38:00,219.80999755859372,220.06500244140625,219.6300048828125,219.94000244140625,327039.0
2026-08-05 10:39:00,219.92999267578125,220.1199951171875,219.7205047607422,219.80499267578125,266221.0
2026-08-05 10:40:00,219.7899932861328,219.97000122070312,219.5702972412109,219.7200927734375,367555.0
2026-08-05 10:41:00,219.72000122070312,220.22999572753903,219.72000122070312,220.17010498046875,347537.0
2026-08-05 10:42:00,220.1699981689453,220.3000030517578,219.92999267578125,220.05999755859372,261700.0
2026-08-05 10:43:00,220.07369995117188,220.13999938964844,219.82000732421875,220.0,211895.0
2026-08-05 10:44:00,219.9750061035156,220.00979614257807,219.55999755859372,219.9001007080078,287437.0
2026-08-05 10:45:00,219.8950042724609,219.9149932861328,219.59500122070312,219.66000366210935,207637.0
2026-08-05 10:46:00,219.6898956298828,220.2579040527344,219.6699981689453,220.1649932861328,313187.0
2026-08-05 10:47:00,220.1499938964844,220.22999572753903,220.0,220.0800018310547,292666.0
2026-08-05 10:48:00,220.06089782714844,220.1999969482422,219.9376983642578,220.13999938964844,180225.0
2026-08-05 10:49:00,220.1300048828125,220.19000244140625,219.91000366210935,219.94500732421875,211516.0
2026-08-05 10:50:00,219.92999267578125,220.11900329589844,219.66000366210935,219.7250061035156,212833.0
2026-08-05 10:51:00,219.72000122070312,219.76499938964844,219.1199951171875,219.30499267578125,433065.0
2026-08-05 10:52:00,219.30499267578125,219.34930419921875,218.75999450683597,218.92999267578125,460912.0
2026-08-05 10:53:00,218.9192047119141,219.0,218.3500061035156,218.43499755859372,479461.0
2026-08-05 10:54:00,218.44500732421875,218.8999938964844,218.3600006103516,218.8999938964844,362927.0
2026-08-05 10:55:00,218.88499450683597,218.95399475097656,218.5500030517578,218.6199951171875,331919.0
2026-08-05 10:56:00,218.6199951171875,218.8699951171875,218.4058990478516,218.7700042724609,374826.0
2026-08-05 10:57:00,218.7700042724609,219.4600067138672,218.7357940673828,219.2949981689453,395690.0
2026-08-05 10:58:00,219.27999877929688,219.4868011474609,218.6360015869141,218.6999969482422,415746.0
2026-08-05 10:59:00,218.6999969482422,219.125,218.6199951171875,218.8000030517578,234096.0
2026-08-05 11:00:00,218.80999755859372,219.1699981689453,218.7449951171875,219.13999938964844,283797.0
2026-08-05 11:01:00,219.1300048828125,219.2250061035156,219.00999450683597,219.1609039306641,226831.0
2026-08-05 11:02:00,219.24940490722656,219.44000244140625,219.17999267578125,219.32000732421875,259014.0
2026-08-05 11:03:00,219.3000030517578,219.30999755859372,219.07009887695312,219.08999633789065,185251.0
2026-08-05 11:04:00,219.10499572753903,219.1649932861328,218.91119384765625,219.1479034423828,280409.0
2026-08-05 11:05:00,219.16000366210935,219.26499938964844,218.9199981689453,219.0200042724609,231370.0
2026-08-05 11:06:00,219.00999450683597,219.5,218.9499969482422,219.4250030517578,280849.0
2026-08-05 11:07:00,219.4199981689453,219.44900512695312,219.16000366210935,219.19500732421875,196432.0
2026-08-05 11:08:00,219.17999267578125,219.27999877929688,218.9600067138672,219.1499938964844,196886.0
2026-08-05 11:09:00,219.13999938964844,219.4900054931641,219.13999938964844,219.33990478515625,231495.0
2026-08-05 11:10:00,219.30999755859372,219.40499877929688,219.2449951171875,219.3500061035156,171025.0
2026-08-05 11:11:00,219.3300018310547,219.42999267578125,219.1300048828125,219.2250061035156,172666.0
2026-08-05 11:12:00,219.22999572753903,219.7899932861328,219.2100067138672,219.6020050048828,381347.0
2026-08-05 11:13:00,219.6000061035156,219.65159606933597,219.2899932861328,219.33999633789065,206745.0
2026-08-05 11:14:00,219.3500061035156,219.52999877929688,219.2700958251953,219.33999633789065,265106.0
2026-08-05 11:15:00,219.3500061035156,219.47999572753903,219.16000366210935,219.1699981689453,178444.0
2026-08-05 11:16:00,219.17999267578125,219.3000030517578,218.88499450683597,219.2400054931641,282381.0
2026-08-05 11:17:00,219.24319458007807,219.25999450683597,219.0,219.03140258789065,183130.0
2026-08-05 11:18:00,219.01060485839844,219.0249938964844,218.5500030517578,218.6699981689453,412193.0
2026-08-05 11:19:00,218.67010498046875,219.2100067138672,218.6450042724609,219.20989990234372,319687.0
2026-08-05 11:20:00,219.22000122070312,219.22000122070312,218.91000366210935,219.17999267578125,237563.0
2026-08-05 11:21:00,219.17999267578125,219.5800018310547,219.1000061035156,219.5399932861328,361262.0
2026-08-05 11:22:00,219.5399932861328,219.69419860839844,219.1999969482422,219.2400054931641,226985.0
2026-08-05 11:23:00,219.2700042724609,219.2700042724609,218.8500061035156,218.8500061035156,253671.0
2026-08-05 11:24:00,218.8500061035156,219.44400024414065,218.76010131835935,219.0800018310547,322347.0
2026-08-05 11:25:00,219.0800018310547,219.1000061035156,218.8249969482422,218.97000122070312,152659.0
2026-08-05 11:26:00,218.97999572753903,219.2100067138672,218.9199981689453,219.1499938964844,193511.0
2026-08-05 11:27:00,219.1499938964844,219.443603515625,219.05999755859372,219.2910003662109,212980.0
2026-08-05 11:28:00,219.30499267578125,219.30499267578125,219.0200042724609,219.08999633789065,243521.0
2026-08-05 11:29:00,219.07000732421875,219.2100067138672,218.9550018310547,219.1100006103516,206327.0
2026-08-05 11:30:00,219.0989990234375,219.47999572753903,219.08009338378903,219.4199981689453,198808.0
2026-08-05 11:31:00,219.42999267578125,219.9900054931641,219.4199981689453,219.84500122070312,317204.0
2026-08-05 11:32:00,219.83050537109372,220.17999267578125,219.83050537109372,220.01499938964844,496862.0
2026-08-05 11:33:00,220.00999450683597,220.05999755859372,219.7250061035156,219.8800048828125,196944.0
2026-08-05 11:34:00,219.8800048828125,219.9799041748047,219.6000061035156,219.67999267578125,202252.0
2026-08-05 11:35:00,219.67649841308597,219.8580017089844,219.6750030517578,219.85699462890625,199990.0
2026-08-05 11:36:00,219.8500061035156,219.9850006103516,219.783203125,219.94500732421875,174342.0
2026-08-05 11:37:00,219.94000244140625,220.2400054931641,219.875,220.1499938964844,319820.0
2026-08-05 11:38:00,220.15989685058597,220.19000244140625,219.9900054931641,220.0296936035156,165744.0
2026-08-05 11:39:00,220.0299072265625,220.2899932861328,220.0,220.2250061035156,215773.0
2026-08-05 11:40:00,220.2050018310547,220.3300018310547,220.00999450683597,220.2100067138672,211261.0
2026-08-05 11:41:00,220.18499755859372,220.22000122070312,219.7749938964844,220.06219482421875,314305.0
2026-08-05 11:42:00,220.05499267578125,220.10989379882807,219.9001007080078,220.0399932861328,134763.0
2026-08-05 11:43:00,220.03500366210935,220.05999755859372,219.92999267578125,220.02999877929688,140324.0
2026-08-05 11:44:00,220.0399932861328,220.0500030517578,219.88999938964844,219.9499969482422,189474.0
2026-08-05 11:45:00,219.9257049560547,219.94000244140625,219.63999938964844,219.7400054931641,217573.0
2026-08-05 11:46:00,219.7400054931641,219.8600006103516,219.57000732421875,219.8600006103516,198085.0
2026-08-05 11:47:00,219.8600006103516,220.00999450683597,219.77999877929688,219.89010620117188,230645.0
2026-08-05 11:48:00,219.9199981689453,219.97999572753903,219.7400054931641,219.92999267578125,174897.0
2026-08-05 11:49:00,219.9178924560547,219.98989868164065,219.5800018310547,219.6201934814453,209703.0
2026-08-05 11:50:00,219.6300048828125,219.7559967041016,219.58999633789065,219.6699981689453,136799.0
2026-08-05 11:51:00,219.6649932861328,219.6699066162109,219.25,219.25,242169.0
2026-08-05 11:52:00,219.22999572753903,219.22999572753903,219.0200042724609,219.07000732421875,237081.0
2026-08-05 11:53:00,219.0800018310547,219.5,219.05999755859372,219.5,182577.0
2026-08-05 11:54:00,219.47999572753903,219.5200042724609,219.2700042724609,219.29600524902344,231709.0
2026-08-05 11:55:00,219.2700042724609,219.2799072265625,218.9499969482422,219.0749969482422,206026.0
2026-08-05 11:56:00,219.0594940185547,219.1000061035156,218.6999969482422,218.9499969482422,267833.0
2026-08-05 11:57:00,218.9149932861328,218.92990112304688,218.44000244140625,218.73699951171875,284992.0
2026-08-05 11:58:00,218.7400054931641,219.2050018310547,218.6450042724609,219.05499267578125,257484.0
2026-08-05 11:59:00,219.05999755859372,219.18499755859372,218.9600067138672,219.05499267578125,298978.0
2026-08-05 12:00:00,219.05499267578125,219.3999938964844,219.0200042724609,219.3350067138672,216450.0
2026-08-05 12:01:00,219.3249969482422,219.44970703125,219.1499938964844,219.3000030517578,176254.0
2026-08-05 12:02:00,219.27999877929688,219.5,219.22509765625,219.4550018310547,257579.0
2026-08-05 12:03:00,219.47000122070312,219.72000122070312,219.38999938964844,219.5749969482422,318095.0
2026-08-05 12:04:00,219.6150054931641,219.94000244140625,219.6000061035156,219.7449951171875,223660.0
2026-08-05 12:05:00,219.7350006103516,219.8600006103516,219.67999267578125,219.8000030517578,150684.0
2026-08-05 12:06:00,219.8125,219.91000366210935,219.4499969482422,219.55999755859372,196650.0
2026-08-05 12:07:00,219.58999633789065,219.6499938964844,219.2700042724609,219.3300018310547,183025.0
2026-08-05 12:08:00,219.3300018310547,219.4600067138672,219.11199951171875,219.11199951171875,150784.0
2026-08-05 12:09:00,219.1060028076172,219.25,218.96499633789065,219.2050018310547,200800.0
2026-08-05 12:10:00,219.19000244140625,219.2100067138672,219.02999877929688,219.07000732421875,207868.0
2026-08-05 12:11:00,219.06500244140625,219.4600067138672,218.97219848632807,219.3600006103516,255221.0
2026-08-05 12:12:00,219.3600006103516,219.5449981689453,219.2899932861328,219.38499450683597,173998.0
2026-08-05 12:13:00,219.3699951171875,219.50999450683597,219.2100067138672,219.41000366210935,185516.0
2026-08-05 12:14:00,219.41000366210935,219.5200042724609,219.2700042724609,219.5,178100.0
2026-08-05 12:15:00,219.5200042724609,219.88009643554688,219.47000122070312,219.8800048828125,262017.0
2026-08-05 12:16:00,219.8699951171875,220.38999938964844,219.8699951171875,220.3000030517578,502493.0
2026-08-05 12:17:00,220.3000030517578,220.41000366210935,220.25,220.25999450683597,226247.0
2026-08-05 12:18:00,220.25999450683597,220.31460571289065,220.13319396972656,220.17999267578125,211908.0
2026-08-05 12:19:00,220.19000244140625,220.19000244140625,219.7400054931641,219.80999755859372,226705.0
2026-08-05 12:20:00,219.80999755859372,220.0800018310547,219.75999450683597,220.0720977783203,185468.0
2026-08-05 12:21:00,220.0399932861328,220.3699951171875,220.0,220.27999877929688,235323.0
2026-08-05 12:22:00,220.2899932861328,220.36990356445312,220.19500732421875,220.2899932861328,215119.0
2026-08-05 12:23:00,220.2899932861328,220.42999267578125,220.2400054931641,220.2899932861328,219437.0
2026-08-05 12:24:00,220.2803955078125,220.73699951171875,220.14410400390625,220.7100067138672,394575.0
2026-08-05 12:25:00,220.71299743652344,221.0800018310547,220.6800994873047,220.9290008544922,623641.0
2026-08-05 12:26:00,220.92010498046875,221.3000030517578,220.9199981689453,221.27999877929688,309437.0
2026-08-05 12:27:00,221.2700042724609,221.3699951171875,221.0399932861328,221.04049682617188,358432.0
2026-08-05 12:28:00,221.0399932861328,221.0780029296875,220.9199981689453,221.03500366210935,213956.0
2026-08-05 12:29:00,221.0399932861328,221.22000122070312,221.0399932861328,221.1699981689453,220759.0
2026-08-05 12:30:00,221.1699981689453,221.3500061035156,221.1450042724609,221.22000122070312,305830.0
2026-08-05 12:31:00,221.2100067138672,221.38999938964844,221.1699981689453,221.2899932861328,261575.0
2026-08-05 12:32:00,221.29220581054688,221.5,221.25,221.4600067138672,294466.0
2026-08-05 12:33:00,221.4501037597656,221.5,221.1300048828125,221.1750030517578,318755.0
2026-08-05 12:34:00,221.17999267578125,221.30999755859372,221.1100006103516,221.2899932861328,228797.0
2026-08-05 12:35:00,221.2899932861328,221.3500061035156,221.110107421875,221.25,226820.0
2026-08-05 12:36:00,221.2406005859375,221.27999877929688,221.1100006103516,221.19000244140625,247150.0
2026-08-05 12:37:00,221.17999267578125,221.25999450683597,221.1300048828125,221.22000122070312,244721.0
2026-08-05 12:38:00,221.25999450683597,221.2949981689453,221.0399932861328,221.25680541992188,187530.0
2026-08-05 12:39:00,221.25,221.32130432128903,221.1300048828125,221.1999969482422,185574.0
2026-08-05 12:40:00,221.1999969482422,221.3000030517578,221.1699981689453,221.3000030517578,162152.0
2026-08-05 12:41:00,221.2899932861328,221.5249938964844,221.27999877929688,221.3699951171875,256322.0
2026-08-05 12:42:00,221.3699951171875,221.4156951904297,221.2100067138672,221.25999450683597,205836.0
2026-08-05 12:43:00,221.2469024658203,221.44000244140625,221.2100067138672,221.41000366210935,135628.0
2026-08-05 12:44:00,221.3999938964844,221.47999572753903,221.05999755859372,221.1699981689453,268368.0
2026-08-05 12:45:00,221.1499938964844,221.47999572753903,221.08099365234372,221.44009399414065,213551.0
2026-08-05 12:46:00,221.4600067138672,221.55999755859372,221.31219482421875,221.42999267578125,182375.0
2026-08-05 12:47:00,221.44000244140625,221.5500030517578,221.41000366210935,221.46099853515625,180517.0
2026-08-05 12:48:00,221.4600067138672,221.5,221.32220458984372,221.41000366210935,197027.0
2026-08-05 12:49:00,221.42999267578125,221.5,221.3300018310547,221.3600006103516,150470.0
2026-08-05 12:50:00,221.3500061035156,221.55999755859372,221.3000030517578,221.5399932861328,204094.0
2026-08-05 12:51:00,221.53219604492188,221.55999755859372,221.41050720214844,221.4499969482422,194696.0
2026-08-05 12:52:00,221.4499969482422,221.55999755859372,221.4199981689453,221.52999877929688,175163.0
2026-08-05 12:53:00,221.53500366210935,221.5749969482422,221.38999938964844,221.55999755859372,490970.0
2026-08-05 12:54:00,221.55999755859372,221.6000061035156,221.4600067138672,221.55999755859372,143394.0
2026-08-05 12:55:00,221.5500030517578,221.5688018798828,221.22999572753903,221.30999755859372,254176.0
2026-08-05 12:56:00,221.31500244140625,221.50999450683597,221.2700042724609,221.3701019287109,127755.0
2026-08-05 12:57:00,221.3699951171875,221.4850006103516,221.33999633789065,221.47000122070312,144205.0
2026-08-05 12:58:00,221.47999572753903,221.52999877929688,221.30999755859372,221.3500061035156,162275.0
2026-08-05 12:59:00,221.33999633789065,221.4369964599609,221.3101043701172,221.33999633789065,151491.0
2026-08-05 13:00:00,221.32000732421875,221.4799041748047,221.1999969482422,221.3500061035156,292870.0
2026-08-05 13:01:00,221.3600006103516,221.42990112304688,221.23550415039065,221.3999938964844,201630.0
2026-08-05 13:02:00,221.4149932861328,221.4850006103516,221.2100067138672,221.2100067138672,159335.0
2026-08-05 13:03:00,221.22000122070312,221.2700042724609,221.08999633789065,221.1968994140625,168679.0
2026-08-05 13:04:00,221.19000244140625,221.1999969482422,220.7700042724609,220.78500366210935,322925.0
2026-08-05 13:05:00,220.7700042724609,220.939697265625,220.6300048828125,220.8999938964844,201254.0
2026-08-05 13:06:00,220.90989685058597,220.9499969482422,220.6082000732422,220.7100067138672,179801.0
2026-08-05 13:07:00,220.71499633789065,220.9550018310547,220.625,220.8520050048828,151570.0
2026-08-05 13:08:00,220.8594970703125,220.94000244140625,220.72999572753903,220.8699951171875,182968.0
2026-08-05 13:09:00,220.889892578125,221.05999755859372,220.8699951171875,220.9600067138672,167510.0
2026-08-05 13:10:00,220.97999572753903,221.0,220.8300018310547,220.96499633789065,203604.0
2026-08-05 13:11:00,220.89450073242188,221.3300018310547,220.88999938964844,221.32000732421875,231648.0
2026-08-05 13:12:00,221.31500244140625,221.4499053955078,221.29049682617188,221.4149932861328,169054.0
2026-08-05 13:13:00,221.4199981689453,221.4199981689453,221.22999572753903,221.27999877929688,182266.0
2026-08-05 13:14:00,221.25,221.4499969482422,221.2400054931641,221.3800048828125,122486.0
2026-08-05 13:15:00,221.3800048828125,221.50999450683597,221.22999572753903,221.46499633789065,294176.0
2026-08-05 13:16:00,221.47000122070312,221.57000732421875,221.38999938964844,221.41000366210935,162212.0
2026-08-05 13:17:00,221.41000366210935,221.4640045166016,221.25999450683597,221.375,140910.0
2026-08-05 13:18:00,221.41000366210935,221.4199981689453,221.2550048828125,221.4055938720703,171425.0
2026-08-05 13:19:00,221.38999938964844,221.42990112304688,221.22000122070312,221.2449951171875,162015.0
2026-08-05 13:20:00,221.2400054931641,221.3500061035156,221.1699981689453,221.3372039794922,165006.0
2026-08-05 13:21:00,221.33999633789065,221.3491973876953,221.18499755859372,221.2301025390625,200087.0
2026-08-05 13:22:00,221.2400054931641,221.3000030517578,221.10330200195312,221.1100006103516,212645.0
2026-08-05 13:23:00,221.1100006103516,221.33999633789065,221.07000732421875,221.28500366210935,143856.0
2026-08-05 13:24:00,221.28500366210935,221.4199981689453,221.27999877929688,221.3999938964844,151349.0
2026-08-05 13:25:00,221.41799926757807,221.41799926757807,221.25999450683597,221.3800048828125,131804.0
2026-08-05 13:26:00,221.3699951171875,221.5,221.3600006103516,221.4600067138672,201377.0
2026-08-05 13:27:00,221.4600067138672,221.55999755859372,221.30999755859372,221.3500061035156,256498.0
2026-08-05 13:28:00,221.3600006103516,221.38999938964844,221.22999572753903,221.2749938964844,117866.0
2026-08-05 13:29:00,221.2400054931641,221.2400054931641,221.0200042724609,221.0500030517578,131063.0
2026-08-05 13:30:00,221.05999755859372,221.0800018310547,220.91000366210935,220.9199981689453,177551.0
2026-08-05 13:31:00,220.92999267578125,220.9900054931641,220.80999755859372,220.91000366210935,203169.0
2026-08-05 13:32:00,220.9250030517578,221.16000366210935,220.8699951171875,221.1000061035156,139652.0
2026-08-05 13:33:00,221.1100006103516,221.1999969482422,220.97000122070312,221.1699066162109,116383.0
2026-08-05 13:34:00,221.17999267578125,221.2700042724609,221.0,221.0200042724609,161282.0
2026-08-05 13:35:00,221.0249938964844,221.1300048828125,221.0,221.0500030517578,136670.0
2026-08-05 13:36:00,221.0749969482422,221.1499938964844,220.97999572753903,221.0850067138672,107548.0
2026-08-05 13:37:00,221.0800018310547,221.17999267578125,221.0,221.0850067138672,188011.0
2026-08-05 13:38:00,221.08999633789065,221.1000061035156,220.9499969482422,221.0200042724609,108170.0
2026-08-05 13:39:00,221.04010009765625,221.0749969482422,220.9600067138672,221.0428924560547,100119.0
2026-08-05 13:40:00,221.0500030517578,221.3350067138672,221.0399932861328,221.3350067138672,151012.0
2026-08-05 13:41:00,221.32730102539065,221.34500122070312,221.1999969482422,221.22999572753903,109714.0
2026-08-05 13:42:00,221.2250061035156,221.33999633789065,221.1542053222656,221.3000030517578,99816.0
2026-08-05 13:43:00,221.32000732421875,221.44000244140625,221.3000030517578,221.3300018310547,153386.0
2026-08-05 13:44:00,221.3300018310547,221.3600006103516,221.2700042724609,221.2779998779297,131467.0
2026-08-05 13:45:00,221.28500366210935,221.28500366210935,221.0200042724609,221.1699981689453,136269.0
2026-08-05 13:46:00,221.18499755859372,221.19000244140625,220.97999572753903,220.97999572753903,153865.0
2026-08-05 13:47:00,220.9600067138672,221.1199951171875,220.8699951171875,221.1000061035156,186463.0
2026-08-05 13:48:00,221.08999633789065,221.1499938964844,221.07000732421875,221.1100006103516,95851.0
2026-08-05 13:49:00,221.1100006103516,221.18780517578125,221.08999633789065,221.1000061035156,108448.0
2026-08-05 13:50:00,221.08999633789065,221.2100067138672,221.05999755859372,221.07000732421875,127039.0
2026-08-05 13:51:00,221.07000732421875,221.22000122070312,221.0500030517578,221.1699981689453,110582.0
2026-08-05 13:52:00,221.1699066162109,221.1699981689453,221.07000732421875,221.13999938964844,134240.0
2026-08-05 13:53:00,221.13999938964844,221.1493988037109,220.88999938964844,220.9900054931641,168525.0
2026-08-05 13:54:00,220.97999572753903,221.00999450683597,220.9199981689453,220.97000122070312,166275.0
2026-08-05 13:55:00,220.97000122070312,220.97000122070312,220.69000244140625,220.8500061035156,196451.0
2026-08-05 13:56:00,220.8592987060547,220.914306640625,220.71499633789065,220.7700042724609,126812.0
2026-08-05 13:57:00,220.7700042724609,220.9199981689453,220.68060302734372,220.91000366210935,150962.0
2026-08-05 13:58:00,220.9199981689453,220.97950744628903,220.8699951171875,220.9550018310547,107483.0
2026-08-05 13:59:00,220.93499755859372,220.9499969482422,220.75,220.81500244140625,136863.0
2026-08-05 14:00:00,220.82000732421875,220.94000244140625,220.7465057373047,220.9149932861328,174092.0
2026-08-05 14:01:00,220.92999267578125,221.0536956787109,220.91000366210935,220.97000122070312,177681.0
2026-08-05 14:02:00,220.97999572753903,221.07000732421875,220.92999267578125,220.9300994873047,112901.0
2026-08-05 14:03:00,220.94500732421875,220.97999572753903,220.8500061035156,220.8999938964844,100347.0
2026-08-05 14:04:00,220.89010620117188,220.9900054931641,220.835205078125,220.97999572753903,101495.0
2026-08-05 14:05:00,220.97999572753903,220.97999572753903,220.80999755859372,220.8999938964844,85083.0
2026-08-05 14:06:00,220.8999938964844,220.9550018310547,220.6699981689453,220.69000244140625,174853.0
2026-08-05 14:07:00,220.69000244140625,220.80999755859372,220.63999938964844,220.69000244140625,162034.0
2026-08-05 14:08:00,220.67999267578125,220.7700042724609,220.5901031494141,220.7700042724609,151669.0
2026-08-05 14:09:00,220.77999877929688,220.83999633789065,220.66000366210935,220.72169494628903,126454.0
2026-08-05 14:10:00,220.7400054931641,220.8800048828125,220.7100067138672,220.8699951171875,123071.0
2026-08-05 14:11:00,220.8600006103516,220.92999267578125,220.80999755859372,220.91000366210935,114355.0
2026-08-05 14:12:00,220.91319274902344,221.07000732421875,220.91009521484372,221.05780029296875,211839.0
2026-08-05 14:13:00,221.0500030517578,221.25999450683597,221.0500030517578,221.2050018310547,297645.0
2026-08-05 14:14:00,221.20860290527344,221.2700042724609,221.02999877929688,221.0469970703125,162477.0
2026-08-05 14:15:00,221.05499267578125,221.23989868164065,220.9199981689453,221.19000244140625,125422.0
2026-08-05 14:16:00,221.19500732421875,221.3000030517578,221.16000366210935,221.2698974609375,177710.0
2026-08-05 14:17:00,221.2729949951172,221.35850524902344,221.16000366210935,221.2093963623047,170847.0
2026-08-05 14:18:00,221.2050018310547,221.3300018310547,221.1768035888672,221.3249969482422,163499.0
2026-08-05 14:19:00,221.31500244140625,221.4900054931641,221.30999755859372,221.4192047119141,199218.0
2026-08-05 14:20:00,221.4185943603516,221.50999450683597,221.38999938964844,221.4850006103516,275349.0
2026-08-05 14:21:00,221.4850006103516,221.52999877929688,221.4499969482422,221.4600067138672,174909.0
2026-08-05 14:22:00,221.4499969482422,221.51499938964844,221.35009765625,221.40499877929688,167690.0
2026-08-05 14:23:00,221.3999938964844,221.56500244140625,221.3800048828125,221.5500030517578,185460.0
2026-08-05 14:24:00,221.56500244140625,221.6000061035156,221.5200958251953,221.58050537109372,211756.0
2026-08-05 14:25:00,221.58999633789065,221.7100067138672,221.52999877929688,221.67010498046875,243903.0
2026-08-05 14:26:00,221.6699981689453,221.8000030517578,221.6502990722656,221.72000122070312,238916.0
2026-08-05 14:27:00,221.72999572753903,221.78500366210935,221.64930725097656,221.66000366210935,163894.0
2026-08-05 14:28:00,221.66000366210935,221.72000122070312,221.5522003173828,221.6020965576172,211147.0
2026-08-05 14:29:00,221.6100006103516,221.73980712890625,221.6000061035156,221.73980712890625,143581.0
2026-08-05 14:30:00,221.7400054931641,221.75,221.4499969482422,221.4900054931641,187735.0
2026-08-05 14:31:00,221.50999450683597,221.5500030517578,221.27999877929688,221.3999938964844,200823.0
2026-08-05 14:32:00,221.38999938964844,221.41000366210935,221.2400054931641,221.2449951171875,196514.0
2026-08-05 14:33:00,221.25,221.4199981689453,221.1699981689453,221.3600006103516,280801.0
2026-08-05 14:34:00,221.3600006103516,221.5574951171875,221.30999755859372,221.5438995361328,157464.0
2026-08-05 14:35:00,221.5500030517578,221.6999969482422,221.52999877929688,221.69650268554688,241004.0
2026-08-05 14:36:00,221.69009399414065,221.77999877929688,221.6300048828125,221.67999267578125,248893.0
2026-08-05 14:37:00,221.68499755859372,221.72999572753903,221.5753936767578,221.7250061035156,159903.0
2026-08-05 14:38:00,221.7250061035156,221.88999938964844,221.6999969482422,221.85499572753903,271739.0
2026-08-05 14:39:00,221.8502960205078,221.91000366210935,221.6699981689453,221.69000244140625,195804.0
2026-08-05 14:40:00,221.6649932861328,221.77999877929688,221.58999633789065,221.6199951171875,212700.0
2026-08-05 14:41:00,221.6199951171875,221.69000244140625,221.55999755859372,221.67999267578125,153913.0
2026-08-05 14:42:00,221.69000244140625,221.72000122070312,221.60499572753903,221.67999267578125,169390.0
2026-08-05 14:43:00,221.67999267578125,221.75,221.58999633789065,221.72999572753903,230468.0
2026-08-05 14:44:00,221.7449951171875,221.7700042724609,221.67030334472656,221.7400054931641,135944.0
2026-08-05 14:45:00,221.7400054931641,221.80599975585935,221.6000061035156,221.8000030517578,210553.0
2026-08-05 14:46:00,221.7899932861328,221.82000732421875,221.67999267578125,221.82000732421875,242891.0
2026-08-05 14:47:00,221.80999755859372,221.8600006103516,221.75999450683597,221.80499267578125,246836.0
2026-08-05 14:48:00,221.80999755859372,221.9196929931641,221.72999572753903,221.7550048828125,190826.0
2026-08-05 14:49:00,221.75,221.7899932861328,221.6649932861328,221.7700042724609,127170.0
2026-08-05 14:50:00,221.75999450683597,221.82000732421875,221.6999969482422,221.7053985595703,171164.0
2026-08-05 14:51:00,221.6999969482422,221.7400054931641,221.6201019287109,221.6300048828125,131854.0
2026-08-05 14:52:00,221.63499450683597,221.7100067138672,221.58999633789065,221.6999053955078,123897.0
2026-08-05 14:53:00,221.69000244140625,221.7350006103516,221.6000061035156,221.63999938964844,99741.0
2026-08-05 14:54:00,221.63499450683597,221.67999267578125,221.50999450683597,221.5229949951172,181248.0
2026-08-05 14:55:00,221.5249938964844,221.5500030517578,221.3699951171875,221.38999938964844,180927.0
2026-08-05 14:56:00,221.38999938964844,221.47000122070312,221.2899932861328,221.47000122070312,199207.0
2026-08-05 14:57:00,221.47000122070312,221.6699981689453,221.4154052734375,221.63499450683597,205873.0
2026-08-05 14:58:00,221.6300048828125,221.75,221.6199951171875,221.7100067138672,221603.0
2026-08-05 14:59:00,221.72000122070312,221.75999450683597,221.69000244140625,221.72999572753903,175080.0
2026-08-05 15:00:00,221.7400054931641,221.94000244140625,221.6822052001953,221.91639709472656,1524887.0
2026-08-05 15:01:00,221.9149932861328,222.17999267578125,221.8999938964844,222.1699981689453,1209097.0
2026-08-05 15:02:00,222.1649932861328,222.17990112304688,221.8000030517578,221.8699951171875,421941.0
2026-08-05 15:03:00,221.8800048828125,221.9199981689453,221.7501983642578,221.8600006103516,188590.0
2026-08-05 15:04:00,221.85499572753903,222.07000732421875,221.85499572753903,222.0200042724609,298427.0
2026-08-05 15:05:00,222.0200042724609,222.1499938964844,221.9499969482422,222.08999633789065,293222.0
2026-08-05 15:06:00,222.08999633789065,222.08999633789065,221.9199981689453,221.94500732421875,215225.0
2026-08-05 15:07:00,221.94500732421875,222.08999633789065,221.8600006103516,222.0800018310547,187039.0
2026-08-05 15:08:00,222.07069396972656,222.1000061035156,221.8699951171875,221.94000244140625,172759.0
2026-08-05 15:09:00,221.9550018310547,221.97999572753903,221.8600006103516,221.94000244140625,157659.0
2026-08-05 15:10:00,221.93499755859372,221.9550018310547,221.7700042724609,221.8032073974609,179176.0
2026-08-05 15:11:00,221.82000732421875,221.8300018310547,221.69000244140625,221.7899932861328,173451.0
2026-08-05 15:12:00,221.7899932861328,221.9149932861328,221.7899932861328,221.90499877929688,155694.0
2026-08-05 15:13:00,221.9199981689453,221.9499969482422,221.7700042724609,221.7749938964844,163964.0
2026-08-05 15:14:00,221.7700042724609,221.8802947998047,221.75,221.88009643554688,180193.0
2026-08-05 15:15:00,221.8800048828125,221.9250030517578,221.7700958251953,221.7700958251953,154115.0
2026-08-05 15:16:00,221.77999877929688,221.8300018310547,221.6000061035156,221.7100067138672,277991.0
2026-08-05 15:17:00,221.72000122070312,221.80999755859372,221.7100982666016,221.77999877929688,176809.0
2026-08-05 15:18:00,221.77999877929688,221.8650054931641,221.63499450683597,221.6999969482422,213024.0
2026-08-05 15:19:00,221.69000244140625,221.8699951171875,221.69000244140625,221.7700042724609,218847.0
2026-08-05 15:20:00,221.7550048828125,221.92999267578125,221.75,221.91000366210935,223524.0
2026-08-05 15:21:00,221.91000366210935,222.02780151367188,221.88999938964844,221.96499633789065,374147.0
2026-08-05 15:22:00,221.9600067138672,222.0399932861328,221.80999755859372,221.8701934814453,174145.0
2026-08-05 15:23:00,221.8699951171875,222.0099029541016,221.8500061035156,221.9801025390625,156383.0
2026-08-05 15:24:00,221.97999572753903,222.0200042724609,221.77999877929688,221.8800048828125,382328.0
2026-08-05 15:25:00,221.875,221.92999267578125,221.82339477539065,221.8800048828125,167499.0
2026-08-05 15:26:00,221.875,222.0500030517578,221.8699951171875,222.0399932861328,253174.0
2026-08-05 15:27:00,222.0500030517578,222.05999755859372,221.94000244140625,222.0500030517578,228553.0
2026-08-05 15:28:00,222.05499267578125,222.0800018310547,222.0,222.0500030517578,312195.0
2026-08-05 15:29:00,222.0399932861328,222.0399932861328,221.82000732421875,221.8350067138672,274895.0
2026-08-05 15:30:00,221.8300018310547,221.8699951171875,221.55999755859372,221.58999633789065,570133.0
2026-08-05 15:31:00,221.6100006103516,221.6100006103516,221.47000122070312,221.50999450683597,284831.0
2026-08-05 15:32:00,221.50010681152344,221.5200042724609,221.27999877929688,221.360107421875,308024.0
2026-08-05 15:33:00,221.3699951171875,221.3699951171875,220.97999572753903,221.1699981689453,359863.0
2026-08-05 15:34:00,221.15719604492188,221.17990112304688,220.9900054931641,221.00999450683597,273876.0
2026-08-05 15:35:00,221.0,221.0,220.67999267578125,220.7899932861328,415173.0
2026-08-05 15:36:00,220.7899932861328,220.9600067138672,220.75050354003903,220.92999267578125,350653.0
2026-08-05 15:37:00,220.94000244140625,221.13999938964844,220.9300994873047,221.03990173339844,343944.0
2026-08-05 15:38:00,221.0399932861328,221.1300048828125,220.7899932861328,220.8000030517578,344534.0
2026-08-05 15:39:00,220.8000030517578,220.82000732421875,220.6199951171875,220.6499938964844,270749.0
2026-08-05 15:40:00,220.6499938964844,220.95970153808597,220.63009643554688,220.88999938964844,323438.0
2026-08-05 15:41:00,220.88999938964844,220.97000122070312,220.81149291992188,220.93600463867188,239395.0
2026-08-05 15:42:00,220.93600463867188,220.9850006103516,220.75999450683597,220.80999755859372,198948.0
2026-08-05 15:43:00,220.8300018310547,220.8500061035156,220.50030517578125,220.51499938964844,277245.0
2026-08-05 15:44:00,220.51499938964844,220.52999877929688,220.1699981689453,220.25,481097.0
2026-08-05 15:45:00,220.25,220.31500244140625,220.05999755859372,220.22999572753903,544903.0
2026-08-05 15:46:00,220.22000122070312,220.25999450683597,219.82000732421875,219.8600006103516,495678.0
2026-08-05 15:47:00,219.875,220.10989379882807,219.7700042724609,220.08999633789065,514050.0
2026-08-05 15:48:00,220.09500122070312,220.2100067138672,220.0,220.13999938964844,460122.0
2026-08-05 15:49:00,220.125,220.1999969482422,219.91000366210935,220.17999267578125,329964.0
2026-08-05 15:50:00,220.1999969482422,220.3999938964844,220.1300048828125,220.17010498046875,552529.0
2026-08-05 15:51:00,220.1699981689453,220.2899932861328,220.0500030517578,220.2100067138672,410929.0
2026-08-05 15:52:00,220.19500732421875,220.25999450683597,220.02099609375,220.21499633789065,344448.0
2026-08-05 15:53:00,220.19000244140625,220.4398956298828,220.1699981689453,220.3531951904297,471955.0
2026-08-05 15:54:00,220.3600006103516,220.3600006103516,220.02999877929688,220.2700042724609,478826.0
2026-08-05 15:55:00,220.27999877929688,220.30999755859372,219.80999755859372,219.92999267578125,806055.0
2026-08-05 15:56:00,219.9199981689453,220.13499450683597,219.8800048828125,220.13499450683597,644054.0
2026-08-05 15:57:00,220.13999938964844,220.1499938964844,219.91000366210935,220.0800018310547,864796.0
2026-08-05 15:58:00,220.0800018310547,220.1499938964844,219.96499633789065,220.0800018310547,844421.0
2026-08-05 15:59:00,220.08999633789065,220.17999267578125,218.8500061035156,219.1999969482422,2927951.0
2026-08-06 09:30:00,221.52999877929688,221.9499969482422,220.80999755859372,220.9949951171875,5461259.0
2026-08-06 09:31:00,220.9499969482422,221.8300018310547,220.72999572753903,221.71499633789065,551696.0
2026-08-06 09:32:00,221.7100067138672,221.7700042724609,220.5500030517578,220.63999938964844,613020.0
2026-08-06 09:33:00,220.63999938964844,220.9900054931641,220.0200042724609,220.8502960205078,460340.0
2026-08-06 09:34:00,220.88499450683597,222.22000122070312,220.88009643554688,222.2050018310547,1045905.0
2026-08-06 09:35:00,222.1999969482422,223.1999969482422,222.1699981689453,222.81500244140625,1692619.0
2026-08-06 09:36:00,222.8300018310547,223.4398956298828,222.6499938964844,223.34500122070312,935265.0
2026-08-06 09:37:00,223.3600006103516,223.41000366210935,222.83999633789065,223.33999633789065,578303.0
2026-08-06 09:38:00,223.3350067138672,223.3699951171875,222.72999572753903,222.99989318847656,681811.0
2026-08-06 09:39:00,222.9499969482422,222.97999572753903,222.3000946044922,222.6100006103516,533063.0
2026-08-06 09:40:00,222.6000061035156,223.52999877929688,222.5200042724609,223.3600006103516,691234.0
2026-08-06 09:41:00,223.3350067138672,223.52999877929688,222.8000030517578,222.97999572753903,583247.0
2026-08-06 09:42:00,222.97999572753903,223.0200042724609,222.25999450683597,222.25999450683597,569181.0
2026-08-06 09:43:00,222.2400054931641,222.68499755859372,222.0236053466797,222.30499267578125,538576.0
2026-08-06 09:44:00,222.30999755859372,222.41799926757807,221.77999877929688,222.0540008544922,484071.0
2026-08-06 09:45:00,222.05999755859372,223.0,222.0500030517578,222.6300048828125,446768.0
2026-08-06 09:46:00,222.6199951171875,222.8000030517578,222.3600006103516,222.7700042724609,372813.0
2026-08-06 09:47:00,222.75999450683597,223.2899932861328,222.7250061035156,223.1300048828125,737355.0
2026-08-06 09:48:00,223.125,223.48989868164065,223.07000732421875,223.4691925048828,654010.0
2026-08-06 09:49:00,223.46499633789065,223.62750244140625,223.2910003662109,223.4949951171875,581304.0
2026-08-06 09:50:00,223.5050048828125,223.5800018310547,222.73550415039065,222.9333038330078,609033.0
2026-08-06 09:51:00,222.96499633789065,223.4022979736328,222.8999938964844,223.33999633789065,372574.0
2026-08-06 09:52:00,223.3300018310547,223.3999938964844,223.06820678710935,223.33140563964844,314456.0
2026-08-06 09:53:00,223.35499572753903,223.3699951171875,222.91009521484372,222.97630310058597,324652.0
2026-08-06 09:54:00,222.97999572753903,223.13999938964844,222.69000244140625,222.80999755859372,300566.0
2026-08-06 09:55:00,222.83999633789065,222.9750061035156,222.6000061035156,222.96560668945312,406787.0
2026-08-06 09:56:00,222.92999267578125,223.1100006103516,222.3999938964844,222.46499633789065,432389.0
2026-08-06 09:57:00,222.47999572753903,222.5641021728516,222.1000061035156,222.42999267578125,378455.0
2026-08-06 09:58:00,222.42999267578125,222.58990478515625,222.16000366210935,222.4149932861328,399829.0
2026-08-06 09:59:00,222.3800048828125,222.44000244140625,221.9600067138672,222.16000366210935,482773.0
2026-08-06 10:00:00,222.13499450683597,222.2400054931641,221.6499938964844,221.9199981689453,522042.0
2026-08-06 10:01:00,221.9001007080078,222.5399932861328,221.6699981689453,222.38499450683597,539199.0
2026-08-06 10:02:00,222.3800048828125,222.6300048828125,222.3300018310547,222.47999572753903,403914.0
2026-08-06 10:03:00,222.47999572753903,222.52999877929688,221.91000366210935,221.96499633789065,263906.0
2026-08-06 10:04:00,221.97999572753903,222.1300048828125,221.75,221.9600067138672,326329.0
2026-08-06 10:05:00,221.9499969482422,222.0583038330078,221.69000244140625,221.88499450683597,321242.0
2026-08-06 10:06:00,221.8600006103516,221.8600006103516,221.4019927978516,221.8000030517578,408833.0
2026-08-06 10:07:00,221.82000732421875,221.8500061035156,221.5,221.51499938964844,291454.0
2026-08-06 10:08:00,221.51499938964844,221.7700042724609,221.4199981689453,221.66079711914065,332448.0
2026-08-06 10:09:00,221.67010498046875,221.88999938964844,221.625,221.8350067138672,278228.0
2026-08-06 10:10:00,221.8350067138672,222.0,221.6300048828125,221.7250061035156,336921.0
2026-08-06 10:11:00,221.7250061035156,221.9600067138672,221.7100067138672,221.91700744628903,245716.0
2026-08-06 10:12:00,221.91000366210935,221.98699951171875,221.47999572753903,221.56500244140625,323345.0
2026-08-06 10:13:00,221.5749969482422,221.83099365234372,221.5731964111328,221.63499450683597,234883.0
2026-08-06 10:14:00,221.6432037353516,221.7299041748047,221.2899932861328,221.3500061035156,328403.0
2026-08-06 10:15:00,221.3282928466797,221.5200042724609,221.00999450683597,221.38999938964844,562780.0
2026-08-06 10:16:00,221.38999938964844,221.6699981689453,221.30999755859372,221.51499938964844,332020.0
2026-08-06 10:17:00,221.5,221.8699951171875,221.42999267578125,221.69000244140625,293186.0
2026-08-06 10:18:00,221.70919799804688,221.82989501953125,221.50999450683597,221.53439331054688,271616.0
2026-08-06 10:19:00,221.5301055908203,221.57000732421875,220.91119384765625,220.91119384765625,575285.0
2026-08-06 10:20:00,220.91000366210935,221.35989379882807,220.8600006103516,221.13499450683597,412113.0
2026-08-06 10:21:00,221.1499938964844,221.2599029541016,220.8950042724609,221.05499267578125,416031.0
2026-08-06 10:22:00,221.05999755859372,221.22999572753903,220.80999755859372,220.8800048828125,256685.0
2026-08-06 10:23:00,220.8650054931641,220.88999938964844,220.50999450683597,220.535400390625,387722.0
2026-08-06 10:24:00,220.5200042724609,220.70989990234372,220.22999572753903,220.31500244140625,413586.0
2026-08-06 10:25:00,220.3800048828125,220.4503936767578,220.0,220.2100067138672,516652.0
2026-08-06 10:26:00,220.1999969482422,220.20989990234372,219.7057037353516,219.8699951171875,490220.0
2026-08-06 10:27:00,219.87950134277344,219.8800048828125,219.4700927734375,219.6450042724609,491044.0
2026-08-06 10:28:00,219.65499877929688,219.8466033935547,219.44000244140625,219.58999633789065,368886.0
2026-08-06 10:29:00,219.57000732421875,219.81500244140625,219.33009338378903,219.81500244140625,382437.0
2026-08-06 10:30:00,219.82179260253903,219.9499969482422,219.3800048828125,219.3834991455078,352657.0
2026-08-06 10:31:00,219.3950042724609,219.60499572753903,219.1699981689453,219.60499572753903,422078.0
2026-08-06 10:32:00,219.68499755859372,219.74989318847656,219.3600006103516,219.5735015869141,295049.0
2026-08-06 10:33:00,219.6000061035156,219.73599243164065,219.3000030517578,219.6999969482422,349115.0
2026-08-06 10:34:00,219.73190307617188,219.9698944091797,219.7100982666016,219.75,689352.0
2026-08-06 10:35:00,219.72999572753903,219.9149932861328,219.4499969482422,219.8699951171875,771312.0
2026-08-06 10:36:00,219.8881072998047,219.9499969482422,219.2700042724609,219.47999572753903,371504.0
2026-08-06 10:37:00,219.47970581054688,219.4900054931641,218.92999267578125,219.22999572753903,567091.0
2026-08-06 10:38:00,219.2250061035156,219.2400054931641,218.92100524902344,219.0800018310547,283917.0
2026-08-06 10:39:00,219.0500946044922,219.25,218.93499755859372,218.9900054931641,368927.0
2026-08-06 10:40:00,218.97999572753903,219.49169921875,218.92990112304688,219.47630310058597,350831.0
2026-08-06 10:41:00,219.4499969482422,219.6000061035156,219.17999267578125,219.5749969482422,327090.0
2026-08-06 10:42:00,219.5500030517578,219.73129272460935,219.3800048828125,219.69500732421875,286262.0
2026-08-06 10:43:00,219.69500732421875,219.77999877929688,219.52999877929688,219.7350006103516,246024.0
2026-08-06 10:44:00,219.72999572753903,219.8300018310547,219.1999969482422,219.22000122070312,292964.0
2026-08-06 10:45:00,219.22999572753903,219.33599853515625,218.80999755859372,219.16949462890625,391949.0
2026-08-06 10:46:00,219.1699981689453,219.46499633789065,219.07000732421875,219.10499572753903,300656.0
2026-08-06 10:47:00,219.09500122070312,219.42999267578125,219.07020568847656,219.42999267578125,209171.0
2026-08-06 10:48:00,219.4499969482422,219.5500030517578,219.17999267578125,219.3600006103516,224429.0
2026-08-06 10:49:00,219.3650054931641,219.58999633789065,219.3500061035156,219.3979034423828,165819.0
2026-08-06 10:50:00,219.3699951171875,219.60989379882807,219.22000122070312,219.47000122070312,291741.0
2026-08-06 10:51:00,219.4550018310547,219.5800018310547,219.19000244140625,219.25950622558597,198492.0
2026-08-06 10:52:00,219.2570037841797,219.3999938964844,219.01010131835935,219.3350067138672,207750.0
2026-08-06 10:53:00,219.3350067138672,219.3350067138672,218.9600067138672,218.96499633789065,198405.0
2026-08-06 10:54:00,218.9499969482422,219.41000366210935,218.9499969482422,219.41000366210935,223805.0
2026-08-06 10:55:00,219.4199981689453,219.4499969482422,219.0,219.19000244140625,199540.0
2026-08-06 10:56:00,219.19189453125,219.5399932861328,219.0933990478516,219.50999450683597,203817.0
2026-08-06 10:57:00,219.5200042724609,219.7899932861328,219.44000244140625,219.63999938964844,302709.0
2026-08-06 10:58:00,219.66000366210935,219.7100067138672,219.1999969482422,219.1999969482422,282618.0
2026-08-06 10:59:00,219.22000122070312,219.3199005126953,219.05999755859372,219.1199951171875,187989.0
2026-08-06 11:00:00,219.1100006103516,219.3498992919922,218.7100067138672,218.80499267578125,377843.0
2026-08-06 11:01:00,218.8018951416016,218.83999633789065,218.6199951171875,218.66000366210935,299103.0
2026-08-06 11:02:00,218.6450042724609,218.69000244140625,218.1499938964844,218.18499755859372,503446.0
2026-08-06 11:03:00,218.19500732421875,218.28990173339844,217.8179931640625,217.8999938964844,533036.0
2026-08-06 11:04:00,217.8999938964844,218.05999755859372,217.7400054931641,217.8300018310547,294151.0
2026-08-06 11:05:00,217.8249969482422,218.08009338378903,217.7100982666016,218.0249938964844,294508.0
2026-08-06 11:06:00,218.0399932861328,218.3385009765625,217.83999633789065,218.2899932861328,425440.0
2026-08-06 11:07:00,218.2700042724609,218.48899841308597,218.25,218.35499572753903,275512.0
2026-08-06 11:08:00,218.3502960205078,218.48989868164065,218.1100006103516,218.13999938964844,228239.0
2026-08-06 11:09:00,218.10020446777344,218.3000030517578,218.0200958251953,218.19000244140625,236445.0
2026-08-06 11:10:00,218.1499938964844,218.32000732421875,218.05499267578125,218.22999572753903,290737.0
2026-08-06 11:11:00,218.2250061035156,218.47999572753903,218.19000244140625,218.4799041748047,249322.0
2026-08-06 11:12:00,218.44000244140625,218.6100006103516,218.3600006103516,218.42999267578125,269487.0
2026-08-06 11:13:00,218.42999267578125,218.69000244140625,218.4199981689453,218.44000244140625,236965.0
2026-08-06 11:14:00,218.42999267578125,218.45989990234372,218.1999969482422,218.34500122070312,163543.0
2026-08-06 11:15:00,218.32000732421875,218.360107421875,218.10549926757807,218.1699981689453,157661.0
2026-08-06 11:16:00,218.16000366210935,218.2444000244141,217.92999267578125,218.2194976806641,259658.0
2026-08-06 11:17:00,218.22979736328125,218.25,217.92999267578125,218.0200042724609,186927.0
2026-08-06 11:18:00,218.0249938964844,218.2449951171875,217.8300018310547,218.19500732421875,263753.0
2026-08-06 11:19:00,218.19000244140625,218.23989868164065,217.970703125,217.9949951171875,194486.0
2026-08-06 11:20:00,218.00999450683597,218.10989379882807,217.80999755859372,218.02999877929688,210174.0
2026-08-06 11:21:00,218.0,218.1000061035156,217.7100067138672,218.0469970703125,191001.0
2026-08-06 11:22:00,218.02999877929688,218.13999938964844,217.97999572753903,218.0399932861328,181110.0
2026-08-06 11:23:00,218.05999755859372,218.1999969482422,217.82000732421875,218.13999938964844,203921.0
2026-08-06 11:24:00,218.13999938964844,218.17990112304688,217.87570190429688,217.9250030517578,191494.0
2026-08-06 11:25:00,217.91000366210935,218.1100006103516,217.8600006103516,218.05810546875,152480.0
2026-08-06 11:26:00,218.0800018310547,218.3199005126953,218.0034027099609,218.03500366210935,203557.0
2026-08-06 11:27:00,218.0449981689453,218.42990112304688,217.9900054931641,218.0478973388672,178277.0
2026-08-06 11:28:00,218.0500030517578,218.27999877929688,218.0500030517578,218.26499938964844,170328.0
2026-08-06 11:29:00,218.2700042724609,218.33999633789065,218.0794982910156,218.2041015625,134559.0
2026-08-06 11:30:00,218.2100067138672,218.3999938964844,218.16009521484372,218.33529663085935,162650.0
2026-08-06 11:31:00,218.33999633789065,218.4199981689453,218.1000061035156,218.1179962158203,163554.0
2026-08-06 11:32:00,218.1000061035156,218.1199951171875,217.92999267578125,217.96499633789065,201334.0
2026-08-06 11:33:00,217.92999267578125,218.0500030517578,217.8002014160156,217.93499755859372,166386.0
2026-08-06 11:34:00,217.94000244140625,217.94500732421875,217.63999938964844,217.69500732421875,242185.0
2026-08-06 11:35:00,217.6999969482422,217.9199981689453,217.6822967529297,217.8650054931641,235188.0
2026-08-06 11:36:00,217.8699951171875,217.88499450683597,217.3999938964844,217.41000366210935,289572.0
2026-08-06 11:37:00,217.3999938964844,217.55999755859372,217.3101959228516,217.51499938964844,256673.0
2026-08-06 11:38:00,217.52999877929688,217.75,217.4149932861328,217.57730102539065,154148.0
2026-08-06 11:39:00,217.56900024414065,217.75999450683597,217.41000366210935,217.6750030517578,250293.0
2026-08-06 11:40:00,217.69000244140625,217.8000030517578,217.6499938964844,217.69000244140625,216834.0
2026-08-06 11:41:00,217.7050018310547,217.78790283203125,217.6499938964844,217.6999969482422,136682.0
2026-08-06 11:42:00,217.67999267578125,217.8800048828125,217.6300048828125,217.6699981689453,160429.0
2026-08-06 11:43:00,217.67999267578125,217.8800048828125,217.6199951171875,217.72999572753903,157917.0
2026-08-06 11:44:00,217.7400054931641,217.7550048828125,217.3300018310547,217.3800048828125,202180.0
2026-08-06 11:45:00,217.35499572753903,217.5800018310547,217.3350067138672,217.4620056152344,155794.0
2026-08-06 11:46:00,217.4750061035156,217.889892578125,217.3950042724609,217.889892578125,178737.0
2026-08-06 11:47:00,217.88999938964844,217.98989868164065,217.77999877929688,217.8000030517578,171915.0
2026-08-06 11:48:00,217.7899932861328,218.13189697265625,217.75999450683597,218.125,180661.0
2026-08-06 11:49:00,218.13999938964844,218.17990112304688,217.77999877929688,217.8249969482422,175028.0
2026-08-06 11:50:00,217.80999755859372,218.05999755859372,217.80999755859372,217.88999938964844,180819.0
2026-08-06 11:51:00,217.8999938964844,217.9199981689453,217.5800018310547,217.8249969482422,278080.0
2026-08-06 11:52:00,217.8249969482422,218.09800720214844,217.6300048828125,217.72000122070312,245281.0
2026-08-06 11:53:00,217.7250061035156,217.8500061035156,217.41000366210935,217.4900054931641,193609.0
2026-08-06 11:54:00,217.4750061035156,217.64990234375,217.2700042724609,217.3500061035156,210950.0
2026-08-06 11:55:00,217.33999633789065,217.72999572753903,217.2700042724609,217.7250061035156,243894.0
2026-08-06 11:56:00,217.7350006103516,217.97999572753903,217.7350006103516,217.8968048095703,206662.0
2026-08-06 11:57:00,217.88999938964844,218.1699981689453,217.88999938964844,218.1150054931641,237586.0
2026-08-06 11:58:00,218.1000061035156,218.125,217.8699951171875,217.9900054931641,193127.0
2026-08-06 11:59:00,217.97999572753903,218.02999877929688,217.77569580078125,217.91009521484372,254706.0
2026-08-06 12:00:00,217.88999938964844,217.9900054931641,217.57000732421875,217.57000732421875,205657.0
2026-08-06 12:01:00,217.57000732421875,217.69000244140625,217.44000244140625,217.67990112304688,214260.0
2026-08-06 12:02:00,217.7100067138672,217.82000732421875,217.6499938964844,217.71180725097656,148512.0
2026-08-06 12:03:00,217.71499633789065,217.8500061035156,217.6300048828125,217.6699981689453,104852.0
2026-08-06 12:04:00,217.6699981689453,217.7050018310547,217.47000122070312,217.7050018310547,127328.0
2026-08-06 12:05:00,217.7100067138672,217.97000122070312,217.6499938964844,217.94000244140625,126893.0
2026-08-06 12:06:00,217.93499755859372,218.0,217.83999633789065,217.97999572753903,98155.0
2026-08-06 12:07:00,217.9850006103516,218.22999572753903,217.9499969482422,218.13499450683597,179773.0
2026-08-06 12:08:00,218.1499938964844,218.31500244140625,218.125,218.2100067138672,155570.0
2026-08-06 12:09:00,218.22000122070312,218.38720703125,218.16000366210935,218.3018951416016,159542.0
2026-08-06 12:10:00,218.2899932861328,218.66000366210935,218.2899932861328,218.53990173339844,301996.0
2026-08-06 12:11:00,218.5249938964844,218.55499267578125,218.32000732421875,218.41000366210935,315980.0
2026-08-06 12:12:00,218.4199981689453,218.6197967529297,218.3999938964844,218.6000061035156,146515.0
2026-08-06 12:13:00,218.6100006103516,218.6300048828125,218.3699951171875,218.3699951171875,180234.0
2026-08-06 12:14:00,218.3600006103516,218.45989990234372,218.3000030517578,218.3650054931641,150031.0
2026-08-06 12:15:00,218.3600006103516,218.4900054931641,218.22999572753903,218.3650054931641,144382.0
2026-08-06 12:16:00,218.3600006103516,218.46800231933597,218.0200042724609,218.4199981689453,190480.0
2026-08-06 12:17:00,218.41000366210935,218.4499969482422,218.1999969482422,218.31939697265625,154146.0
2026-08-06 12:18:00,218.33990478515625,218.66000366210935,218.25999450683597,218.6000061035156,175556.0
2026-08-06 12:19:00,218.60499572753903,218.7700042724609,218.57000732421875,218.6226043701172,289911.0
2026-08-06 12:20:00,218.6100006103516,218.7093963623047,218.44000244140625,218.6199951171875,151887.0
2026-08-06 12:21:00,218.6199951171875,218.67999267578125,218.5,218.6000061035156,159998.0
2026-08-06 12:22:00,218.6199951171875,218.73789978027344,218.4499969482422,218.5749969482422,151194.0
2026-08-06 12:23:00,218.55999755859372,218.83999633789065,218.5500946044922,218.72999572753903,220142.0
2026-08-06 12:24:00,218.7480010986328,219.09500122070312,218.52999877929688,219.08999633789065,286298.0
2026-08-06 12:25:00,219.09500122070312,219.1300048828125,218.75999450683597,218.75999450683597,219080.0
2026-08-06 12:26:00,218.7550048828125,218.91000366210935,218.7100067138672,218.8350067138672,154957.0
2026-08-06 12:27:00,218.82000732421875,218.8999938964844,218.6499938964844,218.8800048828125,663298.0
2026-08-06 12:28:00,218.860107421875,218.95989990234372,218.6999969482422,218.73989868164065,136579.0
2026-08-06 12:29:00,218.72999572753903,218.7449951171875,218.50010681152344,218.52999877929688,126987.0
2026-08-06 12:30:00,218.5399932861328,218.7700042724609,218.5,218.7700042724609,155155.0
2026-08-06 12:31:00,218.75999450683597,218.8800048828125,218.69000244140625,218.85989379882807,87966.0
2026-08-06 12:32:00,218.8600006103516,219.0738067626953,218.85499572753903,218.9196929931641,183315.0
2026-08-06 12:33:00,218.9149932861328,218.9250030517578,218.67999267578125,218.7550048828125,624351.0
2026-08-06 12:34:00,218.7400054931641,218.9199981689453,218.6455993652344,218.90879821777344,154951.0
2026-08-06 12:35:00,218.9199981689453,219.05499267578125,218.87319946289065,218.91000366210935,117345.0
2026-08-06 12:36:00,218.91000366210935,219.10499572753903,218.8656005859375,219.0850067138672,158067.0
2026-08-06 12:37:00,219.0749969482422,219.1699981689453,218.9949951171875,219.1300048828125,122773.0
2026-08-06 12:38:00,219.1199951171875,219.17999267578125,219.1000061035156,219.1199951171875,106870.0
2026-08-06 12:39:00,219.1000061035156,219.17990112304688,219.00999450683597,219.1699981689453,123448.0
2026-08-06 12:40:00,219.19000244140625,219.2700042724609,219.1450042724609,219.2400054931641,184148.0
2026-08-06 12:41:00,219.22999572753903,219.30999755859372,218.8800048828125,219.0605010986328,221536.0
2026-08-06 12:42:00,219.07000732421875,219.1499938964844,219.0200042724609,219.0800018310547,92512.0
2026-08-06 12:43:00,219.1100006103516,219.16000366210935,218.94000244140625,218.9813995361328,77573.0
2026-08-06 12:44:00,218.97000122070312,219.05999755859372,218.8999938964844,218.9499969482422,104574.0
2026-08-06 12:45:00,218.9199981689453,219.23800659179688,218.89100646972656,219.1649932861328,97528.0
2026-08-06 12:46:00,219.16000366210935,219.16949462890625,218.5601043701172,218.6499938964844,139801.0
2026-08-06 12:47:00,218.65499877929688,218.78500366210935,218.47999572753903,218.70989990234372,332384.0
2026-08-06 12:48:00,218.68499755859372,218.8500061035156,218.6800994873047,218.75450134277344,74896.0
2026-08-06 12:49:00,218.7550048828125,219.06179809570312,218.7400054931641,219.06179809570312,0.0
2026-08-06 12:50:00,219.08999633789065,219.1699981689453,219.0399932861328,219.0800018310547,196074.0
2026-08-06 12:51:00,219.07000732421875,219.26499938964844,218.9600982666016,219.1499938964844,113904.0
2026-08-06 12:52:00,219.13499450683597,219.2700042724609,219.1000061035156,219.22000122070312,122504.0
2026-08-06 12:53:00,219.2250061035156,219.32000732421875,219.1699981689453,219.2250061035156,113092.0
2026-08-06 12:54:00,219.22000122070312,219.2400054931641,218.9499969482422,218.97000122070312,138475.0
2026-08-06 12:55:00,218.97999572753903,219.1150054931641,218.8699951171875,219.1000061035156,134637.0
2026-08-06 12:56:00,219.1199951171875,219.1499938964844,219.0,219.0800018310547,77059.0
2026-08-06 12:57:00,219.07000732421875,219.17990112304688,219.00999450683597,219.0449981689453,58416.0
2026-08-06 12:58:00,219.0500030517578,219.28500366210935,219.04080200195312,219.25999450683597,80788.0
2026-08-06 12:59:00,219.26499938964844,219.44000244140625,219.26499938964844,219.3699951171875,127251.0
2026-08-06 13:00:00,219.3800048828125,219.6499938964844,219.3500061035156,219.6199951171875,215259.0
2026-08-06 13:01:00,219.63999938964844,219.6699981689453,219.46170043945312,219.4900054931641,200448.0
2026-08-06 13:02:00,219.4750061035156,219.6499938964844,219.4600067138672,219.625,150517.0
2026-08-06 13:03:00,219.625,219.67999267578125,219.5,219.50999450683597,156832.0
2026-08-06 13:04:00,219.47000122070312,219.55999755859372,219.2700042724609,219.3249969482422,141395.0
2026-08-06 13:05:00,219.3227996826172,219.5200042724609,219.2700042724609,219.5,131770.0
2026-08-06 13:06:00,219.49009704589844,219.53990173339844,219.4600067138672,219.4781951904297,89452.0
2026-08-06 13:07:00,219.4850006103516,219.5836944580078,219.3600006103516,219.4550018310547,145793.0
2026-08-06 13:08:00,219.4199981689453,219.5200042724609,219.3600006103516,219.47999572753903,95376.0
2026-08-06 13:09:00,219.49989318847656,219.75,219.47650146484372,219.5498962402344,729173.0
2026-08-06 13:10:00,219.53990173339844,219.5749969482422,219.3999938964844,219.4600067138672,139501.0
2026-08-06 13:11:00,219.46499633789065,219.46499633789065,219.32000732421875,219.38499450683597,69775.0
2026-08-06 13:12:00,219.3699951171875,219.44000244140625,219.32000732421875,219.42999267578125,114604.0
2026-08-06 13:13:00,219.44949340820312,219.6199951171875,219.4199981689453,219.47999572753903,173025.0
2026-08-06 13:14:00,219.4900054931641,219.5850067138672,219.27999877929688,219.32000732421875,109988.0
2026-08-06 13:15:00,219.3220977783203,219.3600006103516,219.1999969482422,219.2899932861328,96910.0
2026-08-06 13:16:00,219.2949981689453,219.4900054931641,219.2899932861328,219.3999938964844,71147.0
2026-08-06 13:17:00,219.3999938964844,219.52999877929688,219.3500061035156,219.5050048828125,109707.0
2026-08-06 13:18:00,219.50999450683597,219.60499572753903,219.4600067138672,219.5977935791016,109068.0
2026-08-06 13:19:00,219.58999633789065,219.6499938964844,219.4900054931641,219.56500244140625,81728.0
2026-08-06 13:20:00,219.56500244140625,219.71800231933597,219.50999450683597,219.65499877929688,108581.0
2026-08-06 13:21:00,219.66000366210935,219.6699981689453,219.38999938964844,219.5,103390.0
2026-08-06 13:22:00,219.5050048828125,219.6199951171875,219.4900054931641,219.5500030517578,91895.0
2026-08-06 13:23:00,219.52999877929688,219.63999938964844,219.42999267578125,219.4528045654297,87354.0
2026-08-06 13:24:00,219.41000366210935,219.4600067138672,219.13999938964844,219.16000366210935,131862.0
2026-08-06 13:25:00,219.16070556640625,219.3999938964844,219.16070556640625,219.375,86817.0
2026-08-06 13:26:00,219.3701934814453,219.44859313964844,219.22999572753903,219.3000030517578,99129.0
2026-08-06 13:27:00,219.32000732421875,219.4199981689453,219.2700042724609,219.3500061035156,58211.0
2026-08-06 13:28:00,219.3600006103516,219.3999938964844,219.25999450683597,219.3300018310547,74146.0
2026-08-06 13:29:00,219.32000732421875,219.3300018310547,218.9600067138672,218.9600067138672,148327.0
2026-08-06 13:30:00,218.97000122070312,219.2400054931641,218.97000122070312,219.13999938964844,113230.0
2026-08-06 13:31:00,219.1999969482422,219.1999969482422,218.9900054931641,218.9900054931641,63914.0
2026-08-06 13:32:00,218.96209716796875,219.22999572753903,218.96209716796875,219.1199951171875,66421.0
2026-08-06 13:33:00,219.09500122070312,219.25,219.02999877929688,219.05999755859372,81509.0
2026-08-06 13:34:00,219.0800018310547,219.08999633789065,218.9600067138672,219.0,193559.0
2026-08-06 13:35:00,218.97999572753903,219.0800018310547,218.92999267578125,218.97000122070312,87121.0
2026-08-06 13:36:00,218.9900054931641,219.0800018310547,218.92999267578125,218.92999267578125,104160.0
2026-08-06 13:37:00,218.92999267578125,219.1300048828125,218.92999267578125,219.0800018310547,90980.0
2026-08-06 13:38:00,219.0749969482422,219.22999572753903,219.00010681152344,219.0410003662109,106106.0
2026-08-06 13:39:00,219.0399932861328,219.1199951171875,218.92010498046875,218.9501037597656,102095.0
2026-08-06 13:40:00,219.0,219.0399932861328,218.75,218.75,103485.0
2026-08-06 13:41:00,218.75999450683597,218.76499938964844,218.57000732421875,218.6499938964844,175450.0
2026-08-06 13:42:00,218.6499938964844,218.83999633789065,218.6199951171875,218.80979919433597,95173.0
2026-08-06 13:43:00,218.81509399414065,218.81509399414065,218.6300048828125,218.7899932861328,113207.0
2026-08-06 13:44:00,218.7373046875,218.7700042724609,218.66000366210935,218.76499938964844,84486.0
2026-08-06 13:45:00,218.8000946044922,218.91000366210935,218.6811981201172,218.8699951171875,87420.0
2026-08-06 13:46:00,218.85499572753903,218.90989685058597,218.72999572753903,218.8500061035156,123811.0
2026-08-06 13:47:00,218.85899353027344,218.8600006103516,218.75,218.80999755859372,85578.0
2026-08-06 13:48:00,218.8350067138672,218.91000366210935,218.76499938964844,218.83999633789065,69326.0
2026-08-06 13:49:00,218.85499572753903,218.85499572753903,218.7400054931641,218.74679565429688,53755.0
2026-08-06 13:50:00,218.75,218.8699951171875,218.67999267578125,218.67999267578125,74624.0
2026-08-06 13:51:00,218.69400024414065,218.9750061035156,218.66000366210935,218.88999938964844,100656.0
2026-08-06 13:52:00,218.89190673828125,219.3125,218.8800048828125,219.3083038330078,156958.0
2026-08-06 13:53:00,219.27999877929688,219.33990478515625,219.22000122070312,219.25999450683597,104119.0
2026-08-06 13:54:00,219.2698974609375,219.3188018798828,219.20790100097656,219.2749938964844,79222.0
2026-08-06 13:55:00,219.2700042724609,219.3500061035156,219.1201019287109,219.1201019287109,106832.0
2026-08-06 13:56:00,219.12640380859372,219.2550048828125,219.12640380859372,219.1699981689453,116450.0
2026-08-06 13:57:00,219.19009399414065,219.47000122070312,219.19009399414065,219.47000122070312,138199.0
2026-08-06 13:58:00,219.4900054931641,219.5845947265625,219.4700927734375,219.5301055908203,158352.0
2026-08-06 13:59:00,219.54049682617188,219.6199951171875,219.52999877929688,219.6100006103516,81145.0
2026-08-06 14:00:00,219.6100006103516,219.69000244140625,219.47999572753903,219.61990356445312,174563.0
2026-08-06 14:01:00,219.6000061035156,219.7350006103516,219.5825958251953,219.60499572753903,153964.0
2026-08-06 14:02:00,219.60499572753903,219.69000244140625,219.52740478515625,219.625,115138.0
2026-08-06 14:03:00,219.6199951171875,219.66000366210935,219.5200042724609,219.6300048828125,113320.0
2026-08-06 14:04:00,219.6300048828125,219.8699951171875,219.6300048828125,219.8600006103516,170694.0
2026-08-06 14:05:00,219.8650054931641,219.97999572753903,219.82000732421875,219.88999938964844,190071.0
2026-08-06 14:06:00,219.8800048828125,219.8999938964844,219.66000366210935,219.67999267578125,149273.0
2026-08-06 14:07:00,219.68499755859372,219.88499450683597,219.6000061035156,219.8699951171875,121902.0
2026-08-06 14:08:00,219.8600006103516,219.8600006103516,219.63999938964844,219.6649932861328,99414.0
2026-08-06 14:09:00,219.67999267578125,219.6999053955078,219.57009887695312,219.67999267578125,80676.0
2026-08-06 14:10:00,219.67999267578125,219.73989868164065,219.54010009765625,219.56500244140625,84838.0
2026-08-06 14:11:00,219.56500244140625,219.75999450683597,219.56500244140625,219.7400054931641,78447.0
2026-08-06 14:12:00,219.7400054931641,219.83999633789065,219.69009399414065,219.72999572753903,124593.0
2026-08-06 14:13:00,219.72999572753903,219.8999938964844,219.72999572753903,219.88999938964844,89010.0
2026-08-06 14:14:00,219.88999938964844,220.07989501953125,219.8699951171875,220.00999450683597,406040.0
2026-08-06 14:15:00,220.00999450683597,220.1000061035156,219.97000122070312,220.0,173704.0
2026-08-06 14:16:00,220.0,220.91000366210935,217.38999938964844,220.3300018310547,1053316.0
2026-08-06 14:17:00,220.3300018310547,220.47999572753903,220.1468963623047,220.1699981689453,193695.0
2026-08-06 14:18:00,220.1699981689453,220.3800048828125,220.1300048828125,220.3600006103516,141009.0
2026-08-06 14:19:00,220.34500122070312,220.47999572753903,220.3300018310547,220.3600006103516,132619.0
2026-08-06 14:20:00,220.3600006103516,220.4499969482422,220.3300018310547,220.43499755859372,148038.0
2026-08-06 14:21:00,220.42999267578125,220.6100006103516,220.42999267578125,220.5200042724609,178611.0
2026-08-06 14:22:00,220.51010131835935,220.6699981689453,220.4900054931641,220.6499938964844,156171.0
2026-08-06 14:23:00,220.6499938964844,220.66929626464844,220.5,220.54800415039065,161288.0
2026-08-06 14:24:00,220.53500366210935,220.58999633789065,220.47999572753903,220.58990478515625,105422.0
2026-08-06 14:25:00,220.58999633789065,220.64990234375,220.5200042724609,220.5386962890625,99148.0
2026-08-06 14:26:00,220.5200042724609,220.6000061035156,220.3699951171875,220.41000366210935,161233.0
2026-08-06 14:27:00,220.3950042724609,220.4499969482422,220.33999633789065,220.3999938964844,98749.0
2026-08-06 14:28:00,220.4199981689453,220.47999572753903,220.3500061035156,220.4600067138672,91658.0
2026-08-06 14:29:00,220.4600067138672,220.47000122070312,220.33999633789065,220.41000366210935,86073.0
2026-08-06 14:30:00,220.4149932861328,220.4499969482422,220.29200744628903,220.3249969482422,113697.0
2026-08-06 14:31:00,220.32000732421875,220.3800048828125,220.25,220.26080322265625,95692.0
2026-08-06 14:32:00,220.2749938964844,220.32000732421875,220.1199951171875,220.15499877929688,144557.0
2026-08-06 14:33:00,220.1450042724609,220.1499938964844,220.0200042724609,220.0449981689453,125079.0
2026-08-06 14:34:00,220.0449981689453,220.0800018310547,219.7899932861328,219.82000732421875,205863.0
2026-08-06 14:35:00,219.82000732421875,220.02999877929688,219.8000946044922,219.9199981689453,127012.0
2026-08-06 14:36:00,219.9199066162109,220.00999450683597,219.8800048828125,219.9850006103516,89075.0
2026-08-06 14:37:00,219.97999572753903,220.05999755859372,219.9405059814453,219.97000122070312,137588.0
2026-08-06 14:38:00,219.9501037597656,220.0099029541016,219.91940307617188,219.94000244140625,74546.0
2026-08-06 14:39:00,219.94000244140625,219.9600067138672,219.72999572753903,219.77999877929688,132863.0
2026-08-06 14:40:00,219.7899932861328,219.8600006103516,219.72000122070312,219.8509979248047,110110.0
2026-08-06 14:41:00,219.8500061035156,219.9199981689453,219.63059997558597,219.63999938964844,117922.0
2026-08-06 14:42:00,219.6300048828125,219.65919494628903,219.4900054931641,219.52999877929688,165226.0
2026-08-06 14:43:00,219.52999877929688,219.7899932861328,219.52999877929688,219.7899932861328,177124.0
2026-08-06 14:44:00,219.7899932861328,219.85499572753903,219.7400054931641,219.8498992919922,133617.0
2026-08-06 14:45:00,219.8300018310547,219.9199981689453,219.7400054931641,219.82000732421875,168351.0
2026-08-06 14:46:00,219.8300018310547,219.91000366210935,219.78570556640625,219.82000732421875,113021.0
2026-08-06 14:47:00,219.81900024414065,219.90499877929688,219.8000030517578,219.8699951171875,79778.0
2026-08-06 14:48:00,219.8600006103516,219.97999572753903,219.8070068359375,219.8070068359375,100677.0
2026-08-06 14:49:00,219.80999755859372,219.8249969482422,219.5500030517578,219.55999755859372,169711.0
2026-08-06 14:50:00,219.57000732421875,219.6699066162109,219.5500030517578,219.6199951171875,119793.0
2026-08-06 14:51:00,219.6199951171875,219.6999969482422,219.5449981689453,219.5608062744141,107422.0
2026-08-06 14:52:00,219.56500244140625,219.58999633789065,219.42999267578125,219.4750061035156,135053.0
2026-08-06 14:53:00,219.4960021972656,219.5399932861328,219.41000366210935,219.50999450683597,102718.0
2026-08-06 14:54:00,219.5449981689453,219.57000732421875,219.44000244140625,219.5200042724609,109798.0
2026-08-06 14:55:00,219.5200042724609,219.55999755859372,219.42999267578125,219.5,125409.0
2026-08-06 14:56:00,219.50999450683597,219.58999633789065,219.5,219.5415954589844,151395.0
2026-08-06 14:57:00,219.53500366210935,219.67779541015625,219.53500366210935,219.6699981689453,119406.0
2026-08-06 14:58:00,219.6699981689453,219.72000122070312,219.47000122070312,219.5,143330.0
2026-08-06 14:59:00,219.5,219.5399932861328,219.41140747070312,219.4949951171875,149707.0
2026-08-06 15:00:00,219.4949951171875,219.69500732421875,219.4900054931641,219.67999267578125,133228.0
2026-08-06 15:01:00,219.6699981689453,219.7400054931641,219.5399932861328,219.7250061035156,133118.0
2026-08-06 15:02:00,219.72000122070312,219.92999267578125,219.72000122070312,219.89990234375,227357.0
2026-08-06 15:03:00,219.88999938964844,220.09500122070312,219.8650054931641,219.93380737304688,249066.0
2026-08-06 15:04:00,219.9250030517578,220.1000061035156,219.88499450683597,220.08999633789065,133194.0
2026-08-06 15:05:00,220.08999633789065,220.1000061035156,219.67999267578125,219.7350006103516,234532.0
2026-08-06 15:06:00,219.75,219.9199981689453,219.6999969482422,219.83009338378903,123583.0
2026-08-06 15:07:00,219.8300018310547,219.8600006103516,219.69000244140625,219.82989501953125,123362.0
2026-08-06 15:08:00,219.8249969482422,220.07000732421875,219.8249969482422,219.97999572753903,142251.0
2026-08-06 15:09:00,219.98049926757807,220.0198974609375,219.9600067138672,220.0,86151.0
2026-08-06 15:10:00,220.0050048828125,220.16000366210935,219.97000122070312,220.13499450683597,245970.0
2026-08-06 15:11:00,220.13499450683597,220.35159301757807,220.1100006103516,220.35159301757807,285281.0
2026-08-06 15:12:00,220.34950256347656,220.36349487304688,219.8999938964844,219.91000366210935,334217.0
2026-08-06 15:13:00,219.9149932861328,219.9900054931641,219.875,219.906005859375,117467.0
2026-08-06 15:14:00,219.90499877929688,219.9199981689453,219.75999450683597,219.8144989013672,140351.0
2026-08-06 15:15:00,219.8000030517578,219.8800048828125,219.63999938964844,219.63999938964844,147669.0
2026-08-06 15:16:00,219.65499877929688,219.6999969482422,219.41000366210935,219.5050048828125,336120.0
2026-08-06 15:17:00,219.50999450683597,219.6100006103516,219.47999572753903,219.58999633789065,149625.0
2026-08-06 15:18:00,219.58999633789065,219.6000061035156,219.4600067138672,219.55999755859372,209002.0
2026-08-06 15:19:00,219.5800018310547,219.66000366210935,219.5,219.5500030517578,139577.0
2026-08-06 15:20:00,219.5399932861328,219.9600067138672,219.4949951171875,219.91000366210935,201709.0
2026-08-06 15:21:00,219.90499877929688,219.92999267578125,219.81820678710935,219.90809631347656,121013.0
2026-08-06 15:22:00,219.88999938964844,220.13580322265625,219.88999938964844,220.00999450683597,198683.0
2026-08-06 15:23:00,220.00999450683597,220.02490234375,219.8999938964844,219.9499969482422,139455.0
2026-08-06 15:24:00,219.94000244140625,219.9900054931641,219.6699981689453,219.71499633789065,211142.0
2026-08-06 15:25:00,219.72979736328125,219.9199981689453,219.6000061035156,219.90499877929688,197407.0
2026-08-06 15:26:00,219.91000366210935,220.00999450683597,219.7700042724609,219.9304962158203,246826.0
2026-08-06 15:27:00,219.92999267578125,220.00999450683597,219.81500244140625,219.8249969482422,164156.0
2026-08-06 15:28:00,219.8278961181641,219.98989868164065,219.77999877929688,219.97000122070312,148783.0
2026-08-06 15:29:00,219.9600067138672,219.9850006103516,219.7400054931641,219.8500061035156,146646.0
2026-08-06 15:30:00,219.8600006103516,220.00999450683597,219.6591033935547,219.97000122070312,318178.0
2026-08-06 15:31:00,220.0019073486328,220.0800018310547,219.94329833984372,220.0500030517578,115341.0
2026-08-06 15:32:00,220.05499267578125,220.2100067138672,220.0399932861328,220.1649932861328,183531.0
2026-08-06 15:33:00,220.1741943359375,220.2400054931641,220.1300048828125,220.16000366210935,111737.0
2026-08-06 15:34:00,220.19000244140625,220.25999450683597,220.19000244140625,220.25,136212.0
2026-08-06 15:35:00,220.2700042724609,220.27999877929688,220.1300048828125,220.25999450683597,204644.0
2026-08-06 15:36:00,220.25,220.2899932861328,220.13999938964844,220.1999969482422,197669.0
2026-08-06 15:37:00,220.1999969482422,220.23899841308597,220.1199951171875,220.19000244140625,111491.0
2026-08-06 15:38:00,220.19679260253903,220.19679260253903,220.03500366210935,220.03500366210935,137101.0
2026-08-06 15:39:00,220.05999755859372,220.0800018310547,219.9600067138672,219.9900054931641,137483.0
2026-08-06 15:40:00,219.9900054931641,220.1499938964844,219.9600067138672,220.13999938964844,160355.0
2026-08-06 15:41:00,220.1300048828125,220.1499938964844,219.8350067138672,219.84869384765625,208783.0
2026-08-06 15:42:00,219.83999633789065,219.86050415039065,219.7093963623047,219.7350006103516,149137.0
2026-08-06 15:43:00,219.7400054931641,219.8300018310547,219.72000122070312,219.75570678710935,150839.0
2026-08-06 15:44:00,219.75,219.90989685058597,219.72000122070312,219.8999938964844,227208.0
2026-08-06 15:45:00,219.91000366210935,219.94000244140625,219.66000366210935,219.75,349312.0
2026-08-06 15:46:00,219.72999572753903,219.75999450683597,219.52999877929688,219.66000366210935,203232.0
2026-08-06 15:47:00,219.63999938964844,219.7400054931641,219.6199951171875,219.6201019287109,188603.0
2026-08-06 15:48:00,219.63999938964844,219.7400054931641,219.6199951171875,219.6199951171875,141785.0
2026-08-06 15:49:00,219.6300048828125,219.7350006103516,219.6300048828125,219.69000244140625,178479.0
2026-08-06 15:50:00,219.6699981689453,219.6699981689453,218.75,218.8300018310547,659595.0
2026-08-06 15:51:00,218.8500061035156,218.88999938964844,218.7301025390625,218.8300018310547,412435.0
2026-08-06 15:52:00,218.80999755859372,218.9199981689453,218.7400054931641,218.77999877929688,364798.0
2026-08-06 15:53:00,218.8000030517578,219.4199981689453,218.57000732421875,219.4199066162109,518840.0
2026-08-06 15:54:00,219.4199981689453,219.4669952392578,218.8500061035156,218.9600067138672,451810.0
2026-08-06 15:55:00,218.97000122070312,219.47999572753903,218.8600006103516,219.44000244140625,570853.0
2026-08-06 15:56:00,219.42999267578125,219.4600067138672,219.2350006103516,219.2801055908203,348807.0
2026-08-06 15:57:00,219.2899932861328,219.5500030517578,219.25999450683597,219.53500366210935,520199.0
2026-08-06 15:58:00,219.5399932861328,219.5399932861328,219.17999267578125,219.19000244140625,658399.0
2026-08-06 15:59:00,219.17999267578125,219.22999572753903,218.57000732421875,218.9900054931641,1891911.0
2026-08-07 09:30:00,222.0,222.0,221.0749969482422,221.17999267578125,4324267.0
2026-08-07 09:31:00,221.0399932861328,221.2400054931641,220.66000366210935,220.7539978027344,842520.0
2026-08-07 09:32:00,220.80999755859372,222.0500030517578,220.7550048828125,221.90499877929688,429589.0
2026-08-07 09:33:00,221.91000366210935,222.7400054931641,221.8999938964844,222.5500030517578,633867.0
2026-08-07 09:34:00,222.55999755859372,222.9900054931641,222.5,222.9600067138672,632611.0
2026-08-07 09:35:00,222.9550018310547,223.1300048828125,222.1100006103516,222.1638946533203,759432.0
2026-08-07 09:36:00,222.16000366210935,222.22000122070312,221.6649932861328,222.05999755859372,363978.0
2026-08-07 09:37:00,222.0399932861328,222.06900024414065,221.66000366210935,221.66000366210935,271429.0
2026-08-07 09:38:00,221.6699981689453,222.0399932861328,221.6100006103516,221.80999755859372,274645.0
2026-08-07 09:39:00,221.8090057373047,221.9600067138672,221.57000732421875,221.68499755859372,233616.0
2026-08-07 09:40:00,221.6999969482422,221.8199005126953,221.2749938964844,221.6300048828125,361887.0
2026-08-07 09:41:00,221.6100006103516,221.8500061035156,221.4499969482422,221.73989868164065,195428.0
2026-08-07 09:42:00,221.72000122070312,221.75999450683597,221.3249969482422,221.7550048828125,240447.0
2026-08-07 09:43:00,221.77999877929688,222.3000030517578,221.69000244140625,222.2700042724609,424451.0
2026-08-07 09:44:00,222.2729949951172,222.5399932861328,222.1499938964844,222.2749938964844,316299.0
2026-08-07 09:45:00,222.2700042724609,222.5449981689453,221.9499969482422,222.0789031982422,329446.0
2026-08-07 09:46:00,222.0800018310547,222.1999969482422,221.8000030517578,221.9850006103516,254983.0
2026-08-07 09:47:00,222.00900268554688,222.33999633789065,221.9900054931641,222.2749938964844,227627.0
2026-08-07 09:48:00,222.2899932861328,222.6199951171875,222.0399932861328,222.05499267578125,357861.0
2026-08-07 09:49:00,222.04010009765625,222.22999572753903,221.86810302734372,222.17999267578125,274839.0
2026-08-07 09:50:00,222.2100067138672,222.6100006103516,222.1199951171875,222.50999450683597,263735.0
2026-08-07 09:51:00,222.4956970214844,222.875,222.3800048828125,222.8699951171875,315422.0
2026-08-07 09:52:00,222.8999938964844,223.1699981689453,222.76499938964844,222.8800048828125,610634.0
2026-08-07 09:53:00,222.875,222.9900054931641,222.47999572753903,222.77999877929688,361807.0
2026-08-07 09:54:00,222.7449951171875,222.8800048828125,222.6499938964844,222.77749633789065,248548.0
2026-08-07 09:55:00,222.7899932861328,222.84500122070312,222.52999877929688,222.77999877929688,278242.0
2026-08-07 09:56:00,222.7899932861328,222.8600006103516,222.24009704589844,222.3999938964844,308212.0
2026-08-07 09:57:00,222.38499450683597,222.4149932861328,221.77999877929688,221.92999267578125,428079.0
2026-08-07 09:58:00,221.9199981689453,222.08999633789065,221.7400054931641,222.08999633789065,369593.0
2026-08-07 09:59:00,222.0500030517578,222.5843048095703,222.04010009765625,222.5,307743.0
2026-08-07 10:00:00,222.50999450683597,222.6450042724609,222.1405029296875,222.5500030517578,344650.0
2026-08-07 10:01:00,222.55499267578125,222.7899932861328,222.27999877929688,222.31500244140625,342214.0
2026-08-07 10:02:00,222.2899932861328,222.72999572753903,222.1699981689453,222.65499877929688,354383.0
2026-08-07 10:03:00,222.63999938964844,222.6529998779297,222.27999877929688,222.41000366210935,252142.0
2026-08-07 10:04:00,222.40499877929688,222.40499877929688,221.8999938964844,221.8999938964844,362249.0
2026-08-07 10:05:00,221.9149932861328,222.11990356445312,221.75,221.94500732421875,289156.0
2026-08-07 10:06:00,221.94500732421875,222.42999267578125,221.8500061035156,222.3999938964844,310584.0
2026-08-07 10:07:00,222.42999267578125,222.45950317382807,222.05999755859372,222.44949340820312,306009.0
2026-08-07 10:08:00,222.42999267578125,222.8000030517578,222.16000366210935,222.42999267578125,289919.0
2026-08-07 10:09:00,222.4019012451172,222.41000366210935,221.960205078125,222.13499450683597,275800.0
2026-08-07 10:10:00,222.13499450683597,222.30999755859372,221.91070556640625,222.1199951171875,238739.0
2026-08-07 10:11:00,222.1150054931641,222.22999572753903,221.4604949951172,221.5,331790.0
2026-08-07 10:12:00,221.5,221.58999633789065,220.92999267578125,221.5749969482422,482018.0
2026-08-07 10:13:00,221.57000732421875,221.66000366210935,221.42010498046875,221.6100006103516,243656.0
2026-08-07 10:14:00,221.52999877929688,221.6300048828125,221.33999633789065,221.41009521484372,172629.0
2026-08-07 10:15:00,221.41000366210935,221.9250030517578,221.1699981689453,221.87049865722656,316444.0
2026-08-07 10:16:00,221.88009643554688,222.22000122070312,221.8800048828125,222.1499938964844,210003.0
2026-08-07 10:17:00,222.16000366210935,222.25,221.88999938964844,221.92950439453125,228202.0
2026-08-07 10:18:00,221.92999267578125,222.1300048828125,221.67999267578125,222.1000061035156,234007.0
2026-08-07 10:19:00,222.10549926757807,222.3500061035156,222.05499267578125,222.2949981689453,243294.0
2026-08-07 10:20:00,222.30999755859372,222.3580017089844,221.8999938964844,222.2100067138672,232348.0
2026-08-07 10:21:00,222.1499938964844,222.32000732421875,222.0601043701172,222.2100067138672,157839.0
2026-08-07 10:22:00,222.2100067138672,222.25,221.88999938964844,221.91000366210935,187515.0
2026-08-07 10:23:00,221.9250030517578,222.4199981689453,221.82000732421875,222.38999938964844,190105.0
2026-08-07 10:24:00,222.3701019287109,222.44000244140625,221.8999938964844,221.98989868164065,198377.0
2026-08-07 10:25:00,221.9900054931641,222.3800048828125,221.9754943847656,222.3699951171875,171206.0
2026-08-07 10:26:00,222.3632049560547,222.9199981689453,222.3632049560547,222.88999938964844,490097.0
2026-08-07 10:27:00,222.88999938964844,223.22000122070312,222.75,223.16650390625,856955.0
2026-08-07 10:28:00,223.1699981689453,223.4499969482422,223.06500244140625,223.41000366210935,450965.0
2026-08-07 10:29:00,223.41000366210935,223.44000244140625,223.13999938964844,223.3498992919922,337818.0
2026-08-07 10:30:00,223.3300018310547,223.6300048828125,223.16000366210935,223.2350006103516,624277.0
2026-08-07 10:31:00,223.23989868164065,223.23989868164065,222.7602996826172,222.93499755859372,341170.0
2026-08-07 10:32:00,222.94000244140625,223.08999633789065,222.8300018310547,222.9900054931641,293637.0
2026-08-07 10:33:00,222.9925994873047,223.2400054931641,222.9600067138672,223.05479431152344,209873.0
2026-08-07 10:34:00,223.05999755859372,223.2799072265625,222.9600067138672,223.2700042724609,267420.0
2026-08-07 10:35:00,223.26499938964844,223.4900054931641,223.1000061035156,223.2250061035156,340091.0
2026-08-07 10:36:00,223.1934967041016,223.2700042724609,222.7899932861328,222.88999938964844,234486.0
2026-08-07 10:37:00,222.89959716796875,223.2899932861328,222.8498992919922,223.06500244140625,209139.0
2026-08-07 10:38:00,223.09500122070312,223.375,223.0399932861328,223.2100067138672,227828.0
2026-08-07 10:39:00,223.1999969482422,223.23699951171875,222.75999450683597,222.9600067138672,239325.0
2026-08-07 10:40:00,222.9499969482422,223.0836944580078,222.875,223.00999450683597,224250.0
2026-08-07 10:41:00,223.00999450683597,223.2100067138672,223.00999450683597,223.14889526367188,187336.0
2026-08-07 10:42:00,223.16900634765625,223.3789978027344,222.91000366210935,222.9600982666016,245449.0
2026-08-07 10:43:00,222.97000122070312,222.98699951171875,222.67999267578125,222.7899932861328,216779.0
2026-08-07 10:44:00,222.7449951171875,222.88999938964844,222.67999267578125,222.7998962402344,165247.0
2026-08-07 10:45:00,222.80499267578125,223.1396026611328,222.72999572753903,223.07000732421875,198742.0
2026-08-07 10:46:00,223.0500030517578,223.2899932861328,222.8600006103516,223.22999572753903,295584.0
2026-08-07 10:47:00,223.2400054931641,223.5850067138672,223.2100067138672,223.5249938964844,425217.0
2026-08-07 10:48:00,223.5200042724609,223.55999755859372,223.2899932861328,223.3950042724609,230156.0
2026-08-07 10:49:00,223.38499450683597,223.5800018310547,223.33999633789065,223.50489807128903,220065.0
2026-08-07 10:50:00,223.46499633789065,223.67999267578125,223.4199981689453,223.625,328144.0
2026-08-07 10:51:00,223.625,223.7698974609375,223.41050720214844,223.5189971923828,402159.0
2026-08-07 10:52:00,223.50999450683597,223.57000732421875,223.17030334472656,223.4250030517578,210508.0
2026-08-07 10:53:00,223.41000366210935,223.4900054931641,223.1300048828125,223.1519927978516,165927.0
2026-08-07 10:54:00,223.1649932861328,223.25,223.07000732421875,223.08999633789065,176064.0
2026-08-07 10:55:00,223.11749267578125,223.3249969482422,223.0850067138672,223.2863006591797,141789.0
2026-08-07 10:56:00,223.3500061035156,223.47000122070312,223.0399932861328,223.1199951171875,220521.0
2026-08-07 10:57:00,223.13499450683597,223.4199981689453,223.02999877929688,223.1100006103516,177721.0
2026-08-07 10:58:00,223.1000061035156,223.55999755859372,222.97999572753903,223.4900054931641,525760.0
2026-08-07 10:59:00,223.50999450683597,223.50999450683597,223.0449981689453,223.17999267578125,156911.0
2026-08-07 11:00:00,223.1699981689453,223.3500061035156,223.13499450683597,223.3249969482422,158623.0
2026-08-07 11:01:00,223.3300018310547,223.75,223.3000030517578,223.4600067138672,479200.0
2026-08-07 11:02:00,223.4900054931641,223.6396942138672,223.47000122070312,223.6150054931641,131315.0
2026-08-07 11:03:00,223.6000061035156,223.7899932861328,223.49989318847656,223.66000366210935,407122.0
2026-08-07 11:04:00,223.6678009033203,223.7400054931641,223.52999877929688,223.55230712890625,155723.0
2026-08-07 11:05:00,223.56500244140625,223.6502990722656,223.4900054931641,223.52639770507807,150014.0
2026-08-07 11:06:00,223.5249938964844,223.63949584960935,223.5,223.6000061035156,133521.0
2026-08-07 11:07:00,223.58799743652344,223.6999969482422,223.57000732421875,223.58990478515625,177999.0
2026-08-07 11:08:00,223.58990478515625,223.75,223.57000732421875,223.67999267578125,210202.0
2026-08-07 11:09:00,223.69009399414065,223.6999969482422,223.5301055908203,223.6300048828125,168887.0
2026-08-07 11:10:00,223.6199951171875,223.8500061035156,223.6100006103516,223.77999877929688,688629.0
2026-08-07 11:11:00,223.7700958251953,223.9850006103516,223.6000061035156,223.63499450683597,327139.0
2026-08-07 11:12:00,223.6199951171875,223.7698974609375,223.3800048828125,223.41000366210935,219490.0
2026-08-07 11:13:00,223.41000366210935,223.5500030517578,223.27330017089844,223.5050048828125,161264.0
2026-08-07 11:14:00,223.50999450683597,223.6699066162109,223.4750061035156,223.5850067138672,149753.0
2026-08-07 11:15:00,223.56500244140625,223.6699981689453,223.4900054931641,223.5198974609375,114632.0
2026-08-07 11:16:00,223.50999450683597,223.82000732421875,223.5,223.82000732421875,171162.0
2026-08-07 11:17:00,223.81700134277344,223.9199981689453,223.50999450683597,223.57989501953125,319538.0
2026-08-07 11:18:00,223.55999755859372,223.83680725097656,223.5500030517578,223.83680725097656,202006.0
2026-08-07 11:19:00,223.82009887695312,223.96499633789065,223.75,223.8300018310547,312722.0
2026-08-07 11:20:00,223.83999633789065,223.92999267578125,223.75999450683597,223.8800048828125,185719.0
2026-08-07 11:21:00,223.88999938964844,223.9750061035156,223.75,223.9600067138672,211366.0
2026-08-07 11:22:00,223.96499633789065,224.22000122070312,223.8999938964844,224.1450042724609,816665.0
2026-08-07 11:23:00,224.1499938964844,224.1699981689453,224.0500030517578,224.13009643554688,217403.0
2026-08-07 11:24:00,224.1499938964844,224.3500061035156,224.1372985839844,224.27999877929688,281823.0
2026-08-07 11:25:00,224.2899932861328,224.5500030517578,224.2550048828125,224.5249938964844,436531.0
2026-08-07 11:26:00,224.5200042724609,224.6499938964844,224.5124969482422,224.60499572753903,339326.0
2026-08-07 11:27:00,224.6000061035156,224.6100006103516,224.47999572753903,224.50010681152344,193758.0
2026-08-07 11:28:00,224.5153961181641,224.5204925537109,224.3000030517578,224.3365936279297,238669.0
2026-08-07 11:29:00,224.31350708007807,224.33999633789065,224.1499938964844,224.1999969482422,188900.0
2026-08-07 11:30:00,224.2100067138672,224.6100006103516,224.2100067138672,224.5850067138672,261836.0
2026-08-07 11:31:00,224.58999633789065,224.63999938964844,224.54010009765625,224.56500244140625,162402.0
2026-08-07 11:32:00,224.55999755859372,224.67999267578125,224.5301055908203,224.6699981689453,160640.0
2026-08-07 11:33:00,224.6750030517578,224.72999572753903,224.47000122070312,224.58999633789065,254394.0
2026-08-07 11:34:00,224.57000732421875,224.75999450683597,224.46029663085935,224.69000244140625,265807.0
2026-08-07 11:35:00,224.69000244140625,224.7299041748047,224.4499969482422,224.4550018310547,209369.0
2026-08-07 11:36:00,224.4550018310547,224.5,224.30999755859372,224.3800048828125,140782.0
2026-08-07 11:37:00,224.3800048828125,224.6199951171875,224.33990478515625,224.5590057373047,158747.0
2026-08-07 11:38:00,224.55999755859372,224.57000732421875,224.3500061035156,224.3600006103516,142364.0
2026-08-07 11:39:00,224.3600006103516,224.40499877929688,224.25999450683597,224.3800048828125,148582.0
2026-08-07 11:40:00,224.3999938964844,224.5200042724609,224.3699951171875,224.38699340820312,139706.0
2026-08-07 11:41:00,224.3999938964844,224.3999938964844,224.0800018310547,224.110107421875,190372.0
2026-08-07 11:42:00,224.13270568847656,224.28500366210935,224.08999633789065,224.1699981689453,169590.0
2026-08-07 11:43:00,224.19000244140625,224.3000030517578,224.13400268554688,224.2899932861328,110545.0
2026-08-07 11:44:00,224.2899932861328,224.42999267578125,224.2400054931641,224.34500122070312,137561.0
2026-08-07 11:45:00,224.35650634765625,224.4199981689453,224.25,224.31500244140625,115940.0
2026-08-07 11:46:00,224.31500244140625,224.4250030517578,224.2711944580078,224.3632049560547,163254.0
2026-08-07 11:47:00,224.3699951171875,224.39100646972656,224.25,224.28500366210935,122542.0
2026-08-07 11:48:00,224.27999877929688,224.33990478515625,224.2700042724609,224.32000732421875,70017.0
2026-08-07 11:49:00,224.3249969482422,224.57989501953125,224.2899932861328,224.5249938964844,270160.0
2026-08-07 11:50:00,224.5399932861328,224.62989807128903,224.47999572753903,224.60499572753903,191729.0
2026-08-07 11:51:00,224.6199951171875,224.67999267578125,224.38389587402344,224.3950042724609,191321.0
2026-08-07 11:52:00,224.39340209960935,224.4600067138672,224.19000244140625,224.22000122070312,165692.0
2026-08-07 11:53:00,224.2277984619141,224.2277984619141,223.8699951171875,223.9199981689453,308533.0
2026-08-07 11:54:00,223.93499755859372,223.9750061035156,223.8300018310547,223.9750061035156,207515.0
2026-08-07 11:55:00,223.97999572753903,223.9850006103516,223.8300018310547,223.875,241767.0
2026-08-07 11:56:00,223.88999938964844,223.96969604492188,223.8350067138672,223.8999938964844,128880.0
2026-08-07 11:57:00,223.88999938964844,223.88999938964844,223.6000061035156,223.610107421875,184011.0
2026-08-07 11:58:00,223.6150054931641,223.75,223.5921936035156,223.70989990234372,207619.0
2026-08-07 11:59:00,223.69000244140625,223.83999633789065,223.63999938964844,223.82000732421875,445886.0
2026-08-07 12:00:00,223.82000732421875,223.8896026611328,223.6831970214844,223.7404937744141,209691.0
2026-08-07 12:01:00,223.72999572753903,223.7400054931641,223.52999877929688,223.66009521484372,213486.0
2026-08-07 12:02:00,223.66009521484372,223.67999267578125,223.41200256347656,223.46499633789065,210553.0
2026-08-07 12:03:00,223.47999572753903,223.52780151367188,223.3500061035156,223.5050048828125,174696.0
2026-08-07 12:04:00,223.5198974609375,223.5198974609375,223.3600006103516,223.4600982666016,161689.0
2026-08-07 12:05:00,223.47999572753903,223.5200042724609,223.2899932861328,223.32000732421875,176707.0
2026-08-07 12:06:00,223.3300018310547,223.38999938964844,223.3018035888672,223.34100341796875,148759.0
2026-08-07 12:07:00,223.34500122070312,223.40969848632807,223.25,223.30999755859372,180746.0
2026-08-07 12:08:00,223.3300018310547,223.3500061035156,223.2350006103516,223.28900146484372,129497.0
2026-08-07 12:09:00,223.3000030517578,223.38999938964844,223.2400054931641,223.3650054931641,165508.0
2026-08-07 12:10:00,223.3600006103516,223.55999755859372,223.33999633789065,223.5500030517578,199823.0
2026-08-07 12:11:00,223.533203125,223.72000122070312,223.50999450683597,223.63009643554688,406148.0
2026-08-07 12:12:00,223.63999938964844,223.6999969482422,223.52999877929688,223.52999877929688,276780.0
2026-08-07 12:13:00,223.52999877929688,223.54800415039065,223.41009521484372,223.4600067138672,222080.0
2026-08-07 12:14:00,223.4600067138672,223.65499877929688,223.4499969482422,223.60009765625,264719.0
2026-08-07 12:15:00,223.58999633789065,223.6199951171875,223.4199981689453,223.5050048828125,229024.0
2026-08-07 12:16:00,223.50999450683597,223.5800018310547,223.3999938964844,223.41000366210935,149206.0
2026-08-07 12:17:00,223.4199981689453,223.64990234375,223.3699951171875,223.4550018310547,238234.0
2026-08-07 12:18:00,223.4550018310547,223.5,223.3300018310547,223.4149932861328,199622.0
2026-08-07 12:19:00,223.41009521484372,223.4250030517578,223.25,223.32000732421875,204202.0
2026-08-07 12:20:00,223.30999755859372,223.4600067138672,223.22999572753903,223.30999755859372,219523.0
2026-08-07 12:21:00,223.32000732421875,223.3300018310547,223.00999450683597,223.0749969482422,225691.0
2026-08-07 12:22:00,223.0749969482422,223.17999267578125,223.0200042724609,223.05999755859372,181944.0
2026-08-07 12:23:00,223.07000732421875,223.1100006103516,222.8809967041016,222.92999267578125,242588.0
2026-08-07 12:24:00,222.92010498046875,223.03500366210935,222.72000122070312,222.75999450683597,251273.0
2026-08-07 12:25:00,222.72999572753903,222.7877960205078,222.4199981689453,222.5009002685547,301882.0
2026-08-07 12:26:00,222.50999450683597,222.5399932861328,222.25,222.33999633789065,271859.0
2026-08-07 12:27:00,222.3300018310547,222.5498962402344,222.3000030517578,222.47999572753903,188911.0
2026-08-07 12:28:00,222.4900054931641,222.5399932861328,222.3600006103516,222.47999572753903,158725.0
2026-08-07 12:29:00,222.4600067138672,222.5500030517578,222.3999938964844,222.4499969482422,225184.0
2026-08-07 12:30:00,222.4600067138672,222.5399932861328,222.1000061035156,222.1094970703125,273275.0
2026-08-07 12:31:00,222.1199951171875,222.22999572753903,222.0249938964844,222.02999877929688,939218.0
2026-08-07 12:32:00,222.02999877929688,222.22999572753903,221.9600067138672,222.22999572753903,288346.0
2026-08-07 12:33:00,222.25,222.33999633789065,222.16000366210935,222.3000030517578,187351.0
2026-08-07 12:34:00,222.28500366210935,222.57000732421875,222.28500366210935,222.4799041748047,301693.0
2026-08-07 12:35:00,222.4799041748047,222.489501953125,222.2738037109375,222.3500061035156,158317.0
2026-08-07 12:36:00,222.3500061035156,222.4600067138672,222.2899932861328,222.3600006103516,180438.0
2026-08-07 12:37:00,222.3600006103516,222.38999938964844,222.293701171875,222.3800048828125,105611.0
2026-08-07 12:38:00,222.3699951171875,222.49989318847656,222.3500061035156,222.4600067138672,121877.0
2026-08-07 12:39:00,222.46099853515625,222.6499938964844,222.38999938964844,222.4949951171875,183015.0
2026-08-07 12:40:00,222.47000122070312,222.6150054931641,222.42999267578125,222.55999755859372,129000.0
2026-08-07 12:41:00,222.55499267578125,222.6199951171875,222.4750061035156,222.57000732421875,144424.0
2026-08-07 12:42:00,222.58999633789065,222.58999633789065,222.3500061035156,222.3600006103516,124179.0
2026-08-07 12:43:00,222.3600006103516,222.49989318847656,222.33999633789065,222.4499969482422,134916.0
2026-08-07 12:44:00,222.4600067138672,222.4799041748047,222.3699951171875,222.4149932861328,90568.0
2026-08-07 12:45:00,222.41000366210935,222.52999877929688,222.3950042724609,222.50999450683597,108867.0
2026-08-07 12:46:00,222.50650024414065,222.55479431152344,222.4199981689453,222.43499755859372,92989.0
2026-08-07 12:47:00,222.42999267578125,222.55999755859372,222.41000366210935,222.4199981689453,122780.0
2026-08-07 12:48:00,222.44000244140625,222.5399932861328,222.38999938964844,222.38999938964844,147806.0
2026-08-07 12:49:00,222.38999938964844,222.4949951171875,222.33590698242188,222.47000122070312,121003.0
2026-08-07 12:50:00,222.46209716796875,222.6150054931641,222.42999267578125,222.55999755859372,205720.0
2026-08-07 12:51:00,222.5399932861328,222.55990600585935,222.3500061035156,222.3500061035156,140001.0
2026-08-07 12:52:00,222.3450927734375,222.4875030517578,222.27999877929688,222.27999877929688,156870.0
2026-08-07 12:53:00,222.2700042724609,222.375,222.1499938964844,222.3699951171875,185815.0
2026-08-07 12:54:00,222.3999938964844,222.41000366210935,222.15499877929688,222.15499877929688,105770.0
2026-08-07 12:55:00,222.17999267578125,222.25,222.0850067138672,222.1999969482422,150090.0
2026-08-07 12:56:00,222.21499633789065,222.31500244140625,222.16000366210935,222.22000122070312,114442.0
2026-08-07 12:57:00,222.2100067138672,222.30499267578125,222.1649932861328,222.17999267578125,77864.0
2026-08-07 12:58:00,222.1750030517578,222.22999572753903,222.10009765625,222.1199951171875,90024.0
2026-08-07 12:59:00,222.11129760742188,222.1278076171875,221.8800048828125,221.8999938964844,195754.0
2026-08-07 13:00:00,221.8999938964844,221.94000244140625,221.72000122070312,221.7899932861328,190792.0
2026-08-07 13:01:00,221.82000732421875,222.08999633789065,221.7720947265625,221.98980712890625,168267.0
2026-08-07 13:02:00,221.9850006103516,222.0399932861328,221.9550018310547,221.99789428710935,97909.0
2026-08-07 13:03:00,221.98699951171875,222.07000732421875,221.97000122070312,222.0500030517578,158468.0
2026-08-07 13:04:00,222.05499267578125,222.08999633789065,221.9499969482422,222.0399932861328,212281.0
2026-08-07 13:05:00,222.0500030517578,222.05499267578125,221.92349243164065,222.0,158859.0
2026-08-07 13:06:00,222.02999877929688,222.1199951171875,221.9600067138672,222.02999877929688,124677.0
2026-08-07 13:07:00,222.0500030517578,222.1499938964844,221.97999572753903,222.1100006103516,195528.0
2026-08-07 13:08:00,222.125,222.33999633789065,222.1199951171875,222.22999572753903,227004.0
2026-08-07 13:09:00,222.22999572753903,222.22999572753903,222.0800018310547,222.16000366210935,122549.0
2026-08-07 13:10:00,222.1750030517578,222.22300720214844,222.1300048828125,222.1300048828125,87201.0
2026-08-07 13:11:00,222.1300048828125,222.19500732421875,222.01499938964844,222.0601959228516,74156.0
2026-08-07 13:12:00,222.0800018310547,222.1150054931641,221.81500244140625,221.82000732421875,260866.0
2026-08-07 13:13:00,221.8249969482422,221.88999938964844,221.7100067138672,221.87950134277344,203714.0
2026-08-07 13:14:00,221.875,221.93040466308597,221.7700042724609,221.80499267578125,108031.0
2026-08-07 13:15:00,221.80999755859372,221.92999267578125,221.7700042724609,221.8300018310547,121173.0
2026-08-07 13:16:00,221.83999633789065,221.97999572753903,221.7819976806641,221.90499877929688,112619.0
2026-08-07 13:17:00,221.91000366210935,221.9398956298828,221.83999633789065,221.9398956298828,60281.0
2026-08-07 13:18:00,221.93800354003903,221.97999572753903,221.8699951171875,221.8699951171875,124847.0
2026-08-07 13:19:00,221.8650054931641,222.04690551757807,221.8650054931641,222.00999450683597,103732.0
2026-08-07 13:20:00,222.0,222.10499572753903,222.0,222.0399932861328,96524.0
2026-08-07 13:21:00,222.02999877929688,222.02999877929688,221.93020629882807,221.9600067138672,206750.0
2026-08-07 13:22:00,221.9600067138672,222.07000732421875,221.9499969482422,222.05999755859372,105486.0
2026-08-07 13:23:00,222.05740356445312,222.05740356445312,221.8800048828125,221.90499877929688,136976.0
2026-08-07 13:24:00,221.93370056152344,221.9799041748047,221.6699981689453,221.68499755859372,140593.0
2026-08-07 13:25:00,221.6699981689453,221.75,221.55039978027344,221.7100067138672,174278.0
2026-08-07 13:26:00,221.6999969482422,221.8500061035156,221.69000244140625,221.80990600585935,129036.0
2026-08-07 13:27:00,221.80999755859372,221.8600006103516,221.7949981689453,221.82000732421875,89579.0
2026-08-07 13:28:00,221.82000732421875,221.88999938964844,221.8000030517578,221.85499572753903,83142.0
2026-08-07 13:29:00,221.8600006103516,221.9900054931641,221.80999755859372,221.8249969482422,101459.0
2026-08-07 13:30:00,221.8249969482422,221.91009521484372,221.82000732421875,221.8699951171875,103572.0
2026-08-07 13:31:00,221.8800048828125,221.9600067138672,221.86459350585935,221.91000366210935,97437.0
2026-08-07 13:32:00,221.9199981689453,221.9600067138672,221.82000732421875,221.82000732421875,94257.0
2026-08-07 13:33:00,221.81500244140625,221.9429931640625,221.67999267578125,221.8699951171875,155316.0
2026-08-07 13:34:00,221.88999938964844,221.91000366210935,221.7200927734375,221.77999877929688,126844.0
2026-08-07 13:35:00,221.78500366210935,221.8699951171875,221.7700042724609,221.8500061035156,124741.0
2026-08-07 13:36:00,221.84500122070312,221.9698028564453,221.8350067138672,221.9600067138672,82509.0
2026-08-07 13:37:00,221.9409027099609,222.02999877929688,221.875,222.0,107375.0
2026-08-07 13:38:00,221.9949951171875,222.1652069091797,221.9900054931641,222.1300048828125,132936.0
2026-08-07 13:39:00,222.12879943847656,222.2550048828125,222.05999755859372,222.19000244140625,117961.0
2026-08-07 13:40:00,222.18499755859372,222.32000732421875,222.18209838867188,222.2465057373047,142902.0
2026-08-07 13:41:00,222.25,222.3600006103516,222.2400054931641,222.30999755859372,90296.0
2026-08-07 13:42:00,222.30999755859372,222.3500061035156,222.16009521484372,222.18499755859372,147414.0
2026-08-07 13:43:00,222.18499755859372,222.32000732421875,222.17349243164065,222.31500244140625,85336.0
2026-08-07 13:44:00,222.31500244140625,222.3249969482422,222.0500030517578,222.05999755859372,157647.0
2026-08-07 13:45:00,222.05999755859372,222.1150054931641,221.94000244140625,222.09500122070312,110649.0
2026-08-07 13:46:00,222.08999633789065,222.2949981689453,222.0800018310547,222.22999572753903,88565.0
2026-08-07 13:47:00,222.22000122070312,222.28900146484372,222.18499755859372,222.22999572753903,70854.0
2026-08-07 13:48:00,222.2400054931641,222.34500122070312,222.2303009033203,222.2700042724609,97710.0
2026-08-07 13:49:00,222.27999877929688,222.3294982910156,222.2100067138672,222.27999877929688,116654.0
2026-08-07 13:50:00,222.28509521484372,222.3600006103516,222.2700958251953,222.3500061035156,72883.0
2026-08-07 13:51:00,222.3500061035156,222.35499572753903,222.13999938964844,222.19000244140625,151152.0
2026-08-07 13:52:00,222.18499755859372,222.2100067138672,222.0500030517578,222.08999633789065,96449.0
2026-08-07 13:53:00,222.1000061035156,222.13999938964844,222.0800018310547,222.1300048828125,64156.0
2026-08-07 13:54:00,222.1300048828125,222.17999267578125,222.08999633789065,222.1595001220703,91485.0
2026-08-07 13:55:00,222.1450042724609,222.1750030517578,222.05499267578125,222.0601043701172,74390.0
2026-08-07 13:56:00,222.0677947998047,222.19500732421875,222.0677947998047,222.1300048828125,75299.0
2026-08-07 13:57:00,222.13999938964844,222.28509521484372,222.13999938964844,222.2749938964844,68615.0
2026-08-07 13:58:00,222.2749938964844,222.3497009277344,222.21499633789065,222.2599029541016,65922.0
2026-08-07 13:59:00,222.25,222.2949981689453,222.0850067138672,222.08999633789065,101248.0
2026-08-07 14:00:00,222.1000061035156,222.19000244140625,222.0702972412109,222.1634979248047,142685.0
2026-08-07 14:01:00,222.15499877929688,222.26499938964844,222.13999938964844,222.25,86057.0
2026-08-07 14:02:00,222.2449951171875,222.27999877929688,222.22000122070312,222.2350006103516,97238.0
2026-08-07 14:03:00,222.2449951171875,222.27999877929688,222.16000366210935,222.1750030517578,76418.0
2026-08-07 14:04:00,222.1699981689453,222.2071990966797,222.0800018310547,222.1649932861328,93209.0
2026-08-07 14:05:00,222.1649932861328,222.17999267578125,222.0850067138672,222.13009643554688,61188.0
2026-08-07 14:06:00,222.1199951171875,222.1450042724609,222.052001953125,222.0749969482422,71736.0
2026-08-07 14:07:00,222.0749969482422,222.25999450683597,222.03500366210935,222.25,88839.0
2026-08-07 14:08:00,222.25999450683597,222.3500061035156,222.22250366210935,222.3000030517578,87107.0
2026-08-07 14:09:00,222.29010009765625,222.3999938964844,222.2400054931641,222.30999755859372,83785.0
2026-08-07 14:10:00,222.30999755859372,222.33999633789065,222.2301025390625,222.2350006103516,58740.0
2026-08-07 14:11:00,222.22999572753903,222.2350006103516,222.10009765625,222.13499450683597,72845.0
2026-08-07 14:12:00,222.13499450683597,222.1522979736328,222.02999877929688,222.05029296875,97906.0
2026-08-07 14:13:00,222.07290649414065,222.09500122070312,222.0,222.0,95327.0
2026-08-07 14:14:00,222.01499938964844,222.0200042724609,221.8500061035156,221.94500732421875,135341.0
2026-08-07 14:15:00,221.9600067138672,221.9900054931641,221.8600006103516,221.8699951171875,89553.0
2026-08-07 14:16:00,221.8699951171875,221.9499969482422,221.83999633789065,221.88999938964844,113232.0
2026-08-07 14:17:00,221.8800048828125,221.9199981689453,221.85499572753903,221.8999938964844,79683.0
2026-08-07 14:18:00,221.88999938964844,222.0399932861328,221.88999938964844,222.01499938964844,122584.0
2026-08-07 14:19:00,222.00999450683597,222.0500030517578,221.97999572753903,222.02999877929688,78117.0
2026-08-07 14:20:00,222.01499938964844,222.0800018310547,221.9499969482422,222.0500030517578,99857.0
2026-08-07 14:21:00,222.0500030517578,222.1199951171875,222.0050048828125,222.0050048828125,80146.0
2026-08-07 14:22:00,222.0,222.1450042724609,222.0,222.0305938720703,110852.0
2026-08-07 14:23:00,222.0449981689453,222.0601043701172,221.92999267578125,221.93499755859372,106537.0
2026-08-07 14:24:00,221.9369964599609,221.97999572753903,221.8999938964844,221.9750061035156,70164.0
2026-08-07 14:25:00,221.96060180664065,222.04840087890625,221.91000366210935,221.9199981689453,74755.0
2026-08-07 14:26:00,221.9199981689453,221.92999267578125,221.8500061035156,221.8999938964844,103850.0
2026-08-07 14:27:00,221.9199981689453,222.1450042724609,221.8999938964844,222.0399932861328,100248.0
2026-08-07 14:28:00,222.0399932861328,222.05230712890625,221.91000366210935,221.9250030517578,91446.0
2026-08-07 14:29:00,221.9250030517578,221.9750061035156,221.8999938964844,221.94500732421875,82385.0
2026-08-07 14:30:00,221.9600067138672,221.97000122070312,221.8650054931641,221.92999267578125,85478.0
2026-08-07 14:31:00,221.91140747070312,222.02980041503903,221.91140747070312,222.00999450683597,88430.0
2026-08-07 14:32:00,222.00999450683597,222.1100006103516,221.9900054931641,222.0399932861328,83976.0
2026-08-07 14:33:00,222.0399932861328,222.1000061035156,221.9900054931641,222.0850067138672,67032.0
2026-08-07 14:34:00,222.0850067138672,222.0998992919922,221.85499572753903,221.8800048828125,115741.0
2026-08-07 14:35:00,221.875,221.9550018310547,221.7949981689453,221.81500244140625,97683.0
2026-08-07 14:36:00,221.82009887695312,221.8800048828125,221.7700958251953,221.7700958251953,167691.0
2026-08-07 14:37:00,221.7749938964844,222.1000061035156,221.76499938964844,222.07969665527344,197703.0
2026-08-07 14:38:00,222.06320190429688,222.0800018310547,221.94000244140625,221.97000122070312,169472.0
2026-08-07 14:39:00,221.9600067138672,222.09500122070312,221.88499450683597,222.02999877929688,87606.0
2026-08-07 14:40:00,222.0399932861328,222.0500030517578,221.9750061035156,222.0169982910156,60197.0
2026-08-07 14:41:00,222.01589965820312,222.05999755859372,221.9900054931641,222.0050048828125,51533.0
2026-08-07 14:42:00,221.9900054931641,222.01499938964844,221.9499969482422,221.97999572753903,58921.0
2026-08-07 14:43:00,221.9750061035156,221.9850006103516,221.9149932861328,221.94970703125,89453.0
2026-08-07 14:44:00,221.94000244140625,222.0200042724609,221.875,221.88999938964844,92351.0
2026-08-07 14:45:00,221.91000366210935,222.1298065185547,221.9001007080078,222.10899353027344,74874.0
2026-08-07 14:46:00,222.10499572753903,222.1199951171875,221.8800048828125,221.8999938964844,128793.0
2026-08-07 14:47:00,221.9010009765625,221.9600067138672,221.89219665527344,221.94000244140625,80000.0
2026-08-07 14:48:00,221.9335021972656,222.1096954345703,221.9335021972656,222.06500244140625,73920.0
2026-08-07 14:49:00,222.0800018310547,222.1499938964844,222.0399932861328,222.125,78660.0
2026-08-07 14:50:00,222.13499450683597,222.25,222.0901031494141,222.21499633789065,103731.0
2026-08-07 14:51:00,222.22000122070312,222.3300018310547,222.21499633789065,222.32000732421875,123087.0
2026-08-07 14:52:00,222.32989501953125,222.3600006103516,222.23699951171875,222.34500122070312,112579.0
2026-08-07 14:53:00,222.33999633789065,222.3950042724609,222.2100067138672,222.26499938964844,162389.0
2026-08-07 14:54:00,222.2700042724609,222.31500244140625,222.25999450683597,222.27999877929688,100999.0
2026-08-07 14:55:00,222.27999877929688,222.32000732421875,222.1699981689453,222.17999267578125,107831.0
2026-08-07 14:56:00,222.19000244140625,222.2400054931641,222.08999633789065,222.1100006103516,80326.0
2026-08-07 14:57:00,222.1060943603516,222.1499938964844,222.05999755859372,222.14010620117188,90407.0
2026-08-07 14:58:00,222.1499938964844,222.22000122070312,222.0500030517578,222.05499267578125,106075.0
2026-08-07 14:59:00,222.05499267578125,222.3000030517578,222.0399932861328,222.2700042724609,121883.0
2026-08-07 15:00:00,222.30999755859372,222.58999633789065,222.30999755859372,222.5399932861328,314990.0
2026-08-07 15:01:00,222.5399932861328,222.8000030517578,222.5200042724609,222.6100006103516,246302.0
2026-08-07 15:02:00,222.6100006103516,222.6649932861328,222.52999877929688,222.54449462890625,129590.0
2026-08-07 15:03:00,222.5500030517578,222.57000732421875,222.32000732421875,222.33999633789065,153621.0
2026-08-07 15:04:00,222.3350067138672,222.41000366210935,222.30999755859372,222.3300018310547,129187.0
2026-08-07 15:05:00,222.3278045654297,222.49989318847656,222.30999755859372,222.43040466308597,209678.0
2026-08-07 15:06:00,222.42999267578125,222.58999633789065,222.3999938964844,222.5637969970703,205501.0
2026-08-07 15:07:00,222.57000732421875,222.6497039794922,222.5500030517578,222.6000061035156,111146.0
2026-08-07 15:08:00,222.58999633789065,222.5989990234375,222.4499969482422,222.46499633789065,119782.0
2026-08-07 15:09:00,222.46969604492188,222.63999938964844,222.4199981689453,222.6150054931641,138592.0
2026-08-07 15:10:00,222.6100006103516,222.9199981689453,222.6000061035156,222.875,238993.0
2026-08-07 15:11:00,222.875,222.9066925048828,222.8600006103516,222.8699951171875,174047.0
2026-08-07 15:12:00,222.8600006103516,222.9850006103516,222.8300018310547,222.97999572753903,220080.0
2026-08-07 15:13:00,222.9900054931641,222.9900054931641,222.8500061035156,222.8800048828125,155078.0
2026-08-07 15:14:00,222.875,222.89370727539065,222.82000732421875,222.8500061035156,111874.0
2026-08-07 15:15:00,222.85910034179688,223.13999938964844,222.8500061035156,223.13999938964844,301927.0
2026-08-07 15:16:00,223.13499450683597,223.1396942138672,222.9199981689453,223.0,162311.0
2026-08-07 15:17:00,222.9900054931641,223.05999755859372,222.90139770507807,222.966796875,175879.0
2026-08-07 15:18:00,222.9600067138672,223.0800018310547,222.9375,223.0749969482422,133097.0
2026-08-07 15:19:00,223.0749969482422,223.08999633789065,222.82000732421875,222.8300018310547,205125.0
2026-08-07 15:20:00,222.8300018310547,222.9900054931641,222.82000732421875,222.9600067138672,151219.0
2026-08-07 15:21:00,222.9550018310547,223.0800018310547,222.88999938964844,222.95779418945312,207428.0
2026-08-07 15:22:00,222.8950042724609,223.01499938964844,222.8699951171875,222.9499969482422,107932.0
2026-08-07 15:23:00,222.94000244140625,222.9900054931641,222.85060119628903,222.96499633789065,111739.0
2026-08-07 15:24:00,222.97000122070312,222.9900054931641,222.781005859375,222.80999755859372,182075.0
2026-08-07 15:25:00,222.80499267578125,222.86900329589844,222.7899932861328,222.8000030517578,111878.0
2026-08-07 15:26:00,222.7949981689453,222.9499969482422,222.7899932861328,222.94000244140625,116265.0
2026-08-07 15:27:00,222.93499755859372,222.9600067138672,222.8300018310547,222.94500732421875,224461.0
2026-08-07 15:28:00,222.94000244140625,223.0,222.88999938964844,223.0,170321.0
2026-08-07 15:29:00,223.00999450683597,223.0449981689453,222.93499755859372,223.0399932861328,203417.0
2026-08-07 15:30:00,223.0399932861328,223.0399932861328,222.55999755859372,222.56500244140625,268752.0
2026-08-07 15:31:00,222.5800018310547,222.7449951171875,222.55999755859372,222.68780517578125,167267.0
2026-08-07 15:32:00,222.67999267578125,222.67999267578125,222.38999938964844,222.43589782714844,235877.0
2026-08-07 15:33:00,222.44960021972656,222.58999633789065,222.4199981689453,222.55499267578125,208357.0
2026-08-07 15:34:00,222.5399932861328,222.60499572753903,222.5,222.5198974609375,148575.0
2026-08-07 15:35:00,222.5299072265625,222.6499938964844,222.46499633789065,222.57000732421875,166764.0
2026-08-07 15:36:00,222.5601043701172,222.70970153808597,222.531005859375,222.69000244140625,144324.0
2026-08-07 15:37:00,222.67999267578125,222.80999755859372,222.63999938964844,222.7949981689453,193144.0
2026-08-07 15:38:00,222.7949981689453,223.0399932861328,222.7949981689453,223.0,232081.0
2026-08-07 15:39:00,223.0200042724609,223.13999938964844,222.97000122070312,222.9850006103516,208470.0
2026-08-07 15:40:00,222.97000122070312,223.0200042724609,222.8800048828125,222.9750061035156,229433.0
2026-08-07 15:41:00,222.9600067138672,222.9949951171875,222.8999938964844,222.9949951171875,154885.0
2026-08-07 15:42:00,222.9761962890625,223.0749969482422,222.9761962890625,223.0749969482422,188874.0
2026-08-07 15:43:00,223.0800018310547,223.0850067138672,222.9199981689453,222.9550018310547,175418.0
2026-08-07 15:44:00,222.9550018310547,223.1000061035156,222.9199981689453,222.93499755859372,240027.0
2026-08-07 15:45:00,222.93499755859372,223.0399932861328,222.8699951171875,222.8950042724609,168651.0
2026-08-07 15:46:00,222.89019775390625,222.9600067138672,222.83999633789065,222.8580017089844,144980.0
2026-08-07 15:47:00,222.85989379882807,222.8600006103516,222.66000366210935,222.8249969482422,183908.0
2026-08-07 15:48:00,222.82000732421875,222.91229248046875,222.75,222.8300018310547,178082.0
2026-08-07 15:49:00,222.8500061035156,222.92990112304688,222.80999755859372,222.86219787597656,213608.0
2026-08-07 15:50:00,222.8600006103516,223.0399932861328,222.75,222.97000122070312,356648.0
2026-08-07 15:51:00,222.9499969482422,223.0500030517578,222.88999938964844,223.0030059814453,240190.0
2026-08-07 15:52:00,222.9900054931641,223.0800018310547,222.96080017089844,223.07000732421875,249942.0
2026-08-07 15:53:00,223.07000732421875,223.2400054931641,223.05999755859372,223.1699981689453,479759.0
2026-08-07 15:54:00,223.19000244140625,223.41000366210935,223.1000061035156,223.3959045410156,576092.0
2026-08-07 15:55:00,223.3800048828125,223.83999633789065,223.2100067138672,223.5200958251953,835214.0
2026-08-07 15:56:00,223.5249938964844,223.76499938964844,223.4949951171875,223.7449951171875,559048.0
2026-08-07 15:57:00,223.7449951171875,224.1150054931641,223.7449951171875,223.97000122070312,1023226.0
2026-08-07 15:58:00,223.96499633789065,224.1499938964844,223.94000244140625,224.08999633789065,946987.0
2026-08-07 15:59:00,224.0850067138672,224.2100067138672,223.8300018310547,223.97999572753903,2567758.0
2026-08-07 16:00:00,223.9600067138672,223.9600067138672,223.9600067138672,223.9600067138672,0.0
